{"n_dim": 55, "n_trials": 130, "objective": "markowitz_return_on_cube", "white": "bobyqa_noise", "black": "bobyqa_default", "traceback": ["passing", "passing"], "best_val": [458.2148207501569, 458.2148207501569], "best_x": [[0.46013712836237886, 0.5051260183224537, 0.5163450194947627, 0.4961047533877707, 0.4697022204007965, 0.5024606743910046, 0.5115858323756116, 0.49954475254547215, 0.49672102713257693, 0.4994833811138394, 0.0, 0.5021490557954185, 0.4492316317949625, 0.0, 0.5001263656890362, 0.451570083935652, 0.49998879671598107, 0.4706021990711059, 0.5003603887205766, 0.49949112548346786, 0.5103510718620465, 0.5393616760384972, 0.4957477727406225, 0.4835267959579435, 0.49999172062756536, 0.5377482067123203, 0.4753664701036555, 0.505836293922967, 0.49944857095530415, 0.45871336235507776, 0.4150086859163258, 0.49985446889760476, 0.5124522988468477, 0.4834966294278079, 0.49756658862551756, 0.4994964420845378, 0.4995738609563583, 0.49167930909327384, 0.5036395444146976, 0.4899866405741042, 0.5332978137475051, 0.5384415186316596, 0.5118580717006925, 0.5238046834314134, 0.5022400024188192, 0.5048112377980527, 0.4996680511881623, 0.06566032654757403, 0.4540153716889067, 0.5016449759146648, 0.4896794451296155, 0.45163739581751294, 0.44823851947845816, 0.498852569952264, 0.504749228425771], [0.46013712836237886, 0.5051260183224537, 0.5163450194947627, 0.4961047533877707, 0.4697022204007965, 0.5024606743910046, 0.5115858323756116, 0.49954475254547215, 0.49672102713257693, 0.4994833811138394, 0.0, 0.5021490557954185, 0.4492316317949625, 0.0, 0.5001263656890362, 0.451570083935652, 0.49998879671598107, 0.4706021990711059, 0.5003603887205766, 0.49949112548346786, 0.5103510718620465, 0.5393616760384972, 0.4957477727406225, 0.4835267959579435, 0.49999172062756536, 0.5377482067123203, 0.4753664701036555, 0.505836293922967, 0.49944857095530415, 0.45871336235507776, 0.4150086859163258, 0.49985446889760476, 0.5124522988468477, 0.4834966294278079, 0.49756658862551756, 0.4994964420845378, 0.4995738609563583, 0.49167930909327384, 0.5036395444146976, 0.4899866405741042, 0.5332978137475051, 0.5384415186316596, 0.5118580717006925, 0.5238046834314134, 0.5022400024188192, 0.5048112377980527, 0.4996680511881623, 0.06566032654757403, 0.4540153716889067, 0.5016449759146648, 0.4896794451296155, 0.45163739581751294, 0.44823851947845816, 0.498852569952264, 0.504749228425771]], "feval_count": [130, 130], "n_trials_instructed": [130, 130], "passing": [true, true], "completed": true, "points": 0.5, "winner": "draw", "loser": "draw"}