{"n_dim": 55, "n_trials": 210, "objective": "markowitz_return_on_cube", "white": "bobyqa_noise", "black": "platypus_moead", "traceback": ["passing", "passing"], "best_val": [409.77971771630615, 757.5403173859106], "best_x": [[0.25527927608235085, 0.5866899839761378, 0.5896951273183166, 0.4505327737482298, 0.5471010307976608, 0.5752477597337605, 0.0, 0.5924055928279778, 0.4033607778541342, 0.5404991646303052, 0.4923371349859509, 0.49800887535698524, 0.45576176075497965, 0.49706675772566766, 0.5823190406053317, 0.3806411365710289, 0.6505799660044629, 0.548748185135847, 0.45989124828944833, 0.6051965948536077, 0.4542542461118649, 0.355319085958974, 0.6785454163799396, 0.5169657501798719, 0.2524949763196943, 0.6475749579045653, 0.4253421530775206, 0.2860727267497796, 0.4130795058311749, 0.46864997310187945, 0.49038905556170426, 0.5340927338179132, 0.5857413493281515, 0.5492586457376968, 0.6917376277377284, 0.499843982317722, 0.4127350944744227, 0.6308857187958204, 0.5468854049320075, 0.5853981901484118, 0.4768454041861999, 0.21709360614259784, 0.39886857633549533, 0.4942846151092458, 0.15283236843777537, 0.3685873226101829, 0.5023925907267558, 0.7549446785090873, 0.43745390088646385, 0.4670938798373684, 0.5509777490098655, 0.4631268308080668, 0.18427980675507094, 0.46659352895995915, 0.5033125866165862], [0.9571819441049689, 0.0847376444044603, 0.007426371555494526, 0.05552080783648994, 0.2424359328734217, 0.5994614897606656, 0.2811934529138955, 0.2708292929250631, 0.48944656693519406, 0.8684805863613505, 0.15513972319532499, 0.2637685754931067, 0.4301583751764243, 0.17180970636756143, 0.864442993556791, 0.9875853441616763, 0.8497306654539367, 0.15278195818942786, 0.5466716843757646, 0.612488437190917, 0.3109187973241997, 0.41264938787749794, 0.05775808782977998, 0.7470609741110199, 0.5842276802220202, 0.515344448049776, 0.45947019645666043, 0.227386124131155, 0.20840205968187142, 0.6886600298286497, 0.40063475532473947, 0.34170113896518084, 0.21026373025055367, 0.6362700417787153, 0.5359078892946777, 0.9209579984816856, 0.9384583841602656, 0.9318209997651749, 0.6949959537603071, 0.4950643373944462, 0.29004077892382973, 0.6622844286022993, 0.2963929860190936, 0.4556649489309098, 0.0007312416610134598, 0.6584805609575383, 0.291535115195252, 0.8323188785875679, 0.7150647535141749, 0.24180580317773692, 0.3013262153409326, 0.17879451871397722, 0.048347796737197246, 0.5394339089913833, 0.8268255781865652]], "feval_count": [210, 211], "n_trials_instructed": [210, 210], "passing": [true, true], "completed": true, "points": 1.0, "winner": "bobyqa_noise", "loser": "platypus_moead"}