{"n_dim": 55, "n_trials": 130, "objective": "markowitz_return_on_cube", "white": "bobyqa_noise", "black": "bobyqa_default", "traceback": ["passing", "passing"], "best_val": [515.8153609570065, 515.8153609570065], "best_x": [[0.5037534638652218, 0.506645926410975, 0.5061920393297781, 0.46977941036264526, 0.4312064612554777, 0.4865103571204077, 0.4431849852344323, 0.5030950211026353, 0.4151755412127765, 0.38223515466832153, 0.4992197562139318, 0.5054086221509067, 0.49580962578819643, 0.5072503411362627, 0.45537616088042426, 0.4954081978314501, 0.41572483415173916, 0.5022281803337533, 0.5095235453817106, 0.476854774619294, 0.5093295180944839, 0.4840275748963949, 0.5067220249903753, 0.5117163286008822, 0.46440452129102655, 0.18613854249902817, 0.47904051216891097, 0.4892672398747393, 0.4960486963114519, 0.4435485872492878, 0.4603413083526151, 0.49381797128545457, 0.37521949717020425, 0.5119545183103807, 0.49811296713499875, 0.46169676589438596, 0.0, 0.39427300802196885, 0.48834507007961947, 0.5006083923180056, 0.44476333598839846, 0.467224831789926, 0.500539413068699, 0.42712687359422463, 0.5001922643560227, 0.4729178809459574, 0.4716029054630008, 0.49354124368566976, 0.4410759681375516, 0.47634465798533965, 0.4914591845330516, 0.5087434516226544, 0.5062681113203119, 0.48310406561028074, 0.4638831051917704], [0.5037534638652218, 0.506645926410975, 0.5061920393297781, 0.46977941036264526, 0.4312064612554777, 0.4865103571204077, 0.4431849852344323, 0.5030950211026353, 0.4151755412127765, 0.38223515466832153, 0.4992197562139318, 0.5054086221509067, 0.49580962578819643, 0.5072503411362627, 0.45537616088042426, 0.4954081978314501, 0.41572483415173916, 0.5022281803337533, 0.5095235453817106, 0.476854774619294, 0.5093295180944839, 0.4840275748963949, 0.5067220249903753, 0.5117163286008822, 0.46440452129102655, 0.18613854249902817, 0.47904051216891097, 0.4892672398747393, 0.4960486963114519, 0.4435485872492878, 0.4603413083526151, 0.49381797128545457, 0.37521949717020425, 0.5119545183103807, 0.49811296713499875, 0.46169676589438596, 0.0, 0.39427300802196885, 0.48834507007961947, 0.5006083923180056, 0.44476333598839846, 0.467224831789926, 0.500539413068699, 0.42712687359422463, 0.5001922643560227, 0.4729178809459574, 0.4716029054630008, 0.49354124368566976, 0.4410759681375516, 0.47634465798533965, 0.4914591845330516, 0.5087434516226544, 0.5062681113203119, 0.48310406561028074, 0.4638831051917704]], "feval_count": [130, 130], "n_trials_instructed": [130, 130], "passing": [true, true], "completed": true, "points": 0.5, "winner": "draw", "loser": "draw"}