{"n_dim": 55, "n_trials": 130, "objective": "markowitz_return_on_cube", "white": "bobyqa_noise", "black": "platypus_omopso", "traceback": ["passing", "passing"], "best_val": [429.34547903767196, 549.6922255655453], "best_x": [[0.45771366555075016, 0.4882781441304231, 0.47030775595038915, 0.5048143305759654, 0.5481245620282987, 0.4967880151429303, 0.0, 0.47223834091270733, 0.511812500955021, 0.5468205215542142, 0.5074822649536809, 0.5137419870440167, 0.5102071956446216, 0.5002507801971482, 0.5299178677824624, 0.5472080237027916, 0.4853739698308866, 0.5240030303606897, 0.4559884721203352, 0.4886286129087529, 0.548119963709006, 0.48975572266122, 0.4947097862152516, 0.5417948613778737, 0.4498947830696652, 0.5349145370581734, 0.464659191934377, 0.4493488777322957, 0.544565227953644, 0.5263234139481077, 0.515367012619943, 0.49774357263425734, 0.49078494156806557, 0.4804005907413808, 0.5294186392446452, 0.47147820989713285, 0.5033999771304751, 0.5388491114277991, 0.4842473784168523, 0.5449760146265826, 0.503630220718751, 0.17937561477147126, 0.4873478606345831, 0.46687767346028314, 0.3256653734445786, 0.45780391148846594, 0.4943167375272865, 0.4512887154799523, 0.5034794188981182, 0.4694430433205509, 0.559328705652327, 0.5031542343769868, 0.44922122328245917, 0.5782260301545544, 0.5246919258475405], [0.010952639331319514, 0.4137236744928382, 0.6800963385728365, 0.18717790734568762, 0.6998900750061101, 0.8387581784870408, 0.3580212562919911, 0.248903894225872, 0.8969055434498773, 0.37697796878949585, 0.9815679330673076, 0.8973513635011674, 0.35949219904049545, 0.4167964792888843, 0.6738072315072422, 0.8367750457541766, 0.5580073953621988, 0.3788541416358556, 0.03857448192850599, 0.6340143461572114, 0.33532447516652797, 0.15791130908764184, 0.2452152777230866, 0.9285593142458162, 0.11639222991856357, 0.2897226818378754, 0.15514563900406875, 0.9535399371269979, 0.4892333493514198, 0.6947406319103535, 0.2812672840095427, 0.4479348459563165, 0.5538244863226862, 0.20685253794832403, 0.16807347746344348, 0.42246996010894944, 0.40201111938109724, 0.8254067091817997, 0.8467634248264579, 0.7278432521675486, 0.5134400628063517, 0.06558265443434119, 0.6503181095894911, 0.6060264995182362, 0.641538497301868, 0.6191967912421438, 0.8277043896987284, 0.13230490404548778, 0.8468292788054246, 0.9102860227017694, 0.5601523139103175, 0.33132510546619587, 0.3752065507838571, 0.666736651545961, 0.6739214108216457]], "feval_count": [130, 100], "n_trials_instructed": [130, 93], "passing": [true, true], "completed": true, "points": 1.0, "winner": "bobyqa_noise", "loser": "platypus_omopso"}