{"n_dim": 55, "n_trials": 210, "objective": "markowitz_return_on_cube", "white": "bobyqa_noise", "black": "hyperopt_tpe", "traceback": ["passing", "passing"], "best_val": [544.1489294593524, 631.0975420028728], "best_x": [[0.3738181144764517, 0.6671375500903797, 0.5596009827415049, 0.6577366854739723, 0.5879982517046917, 0.3566691522432955, 0.5199056073094154, 0.6041371237099707, 0.49974356571424866, 0.515767655972624, 0.38670334450780924, 0.24272019606170137, 0.5321742171058603, 0.523020462468911, 0.42921594214295233, 0.43006888943218013, 0.4421151665038365, 0.3381095900161573, 0.30852475350211095, 0.45705565155613914, 0.3079673451409354, 0.49956182318850517, 0.45985342445581884, 0.5234379860554776, 0.6052065368189422, 0.45087178426110214, 0.48421090538590134, 0.4222720319800794, 0.455814232185542, 0.5220780319531025, 0.5027371480507229, 0.54778958206742, 0.31895401380661836, 0.09653826196868241, 0.4207849849556526, 0.15020048848694145, 0.5097707852370507, 0.4406916877498689, 0.4528003708911329, 0.35045695177217207, 0.39259164949708697, 0.0, 0.5716078234351021, 0.5132712370003176, 0.4987915156289901, 0.2711568611762454, 0.4495549097098479, 0.539462718100697, 0.14455244385008048, 0.41814745999003494, 0.3906289030796878, 0.46391832402066224, 0.5379249393824066, 0.4601551539353945, 0.5773166000250637], [0.45097792145594673, 0.6732078774760535, 0.5071868590157071, 0.502777923766265, 0.6093557008770875, 0.7361064395176506, 0.652541137795643, 0.5403821122558918, 0.31145203142614875, 0.4778477514985307, 0.7375715097871745, 0.10921937593052887, 0.7429451794480886, 0.6174016159348296, 0.3912578560824914, 0.9069312933859344, 0.6688587178097096, 0.38133079634794503, 0.11787594502428964, 0.4680803992175401, 0.06718911644403287, 0.48699398280169204, 0.6461027001058711, 0.6241354920122149, 0.7471754417679136, 0.8169895401242908, 0.5254441638866019, 0.5196197633597127, 0.6225231900495761, 0.8362001117446146, 0.04436854270530986, 0.7426029867604886, 0.3443722553629324, 0.5173213634097362, 0.5567270029808445, 0.18978567645181754, 0.7587146496865071, 0.2831188208663737, 0.5977392480116727, 0.8556774164157608, 0.5156264272595266, 0.18110207252996868, 0.3156305762757467, 0.4314006135118575, 0.046305732289951246, 0.45256282757671595, 0.1312166442755418, 0.27740693530475546, 0.48992757288231276, 0.7861767931638652, 0.6519702331814093, 0.3748245670697712, 0.36342023589159267, 0.4248025106263844, 0.822096777740277]], "feval_count": [210, 210], "n_trials_instructed": [210, 210], "passing": [true, true], "completed": true, "points": 1.0, "winner": "bobyqa_noise", "loser": "hyperopt_tpe"}