{"n_dim": 55, "n_trials": 550, "objective": "markowitz_analytic_on_cube", "white": "bobyqa_default", "black": "hyperopt_tpe", "traceback": ["passing", "passing"], "best_val": [0.03948644797198833, 16.53772119676375], "best_x": [[0.47210379306147, 0.19129150870067768, 5.807559629257552e-05, 0.13467999901358865, 0.044079237918911864, 0.00018825311270863213, 0.0003677500210612721, 3.393241282940026e-05, 0.0, 0.0, 2.7424868620326847e-05, 8.904261342344068e-06, 0.0, 0.0, 0.0020574180001864113, 0.0, 0.00010961896901359649, 0.0008501369556654308, 1.7444057033378838e-05, 0.0, 0.0, 7.0847095053331865e-06, 3.792908873565727e-05, 0.048231009403652776, 1.0702564990035144e-05, 1.6765787025455548e-05, 4.8994983423898385e-05, 0.0, 0.025074190793973456, 0.004875625357761987, 0.006812024258623103, 0.008434161005044455, 0.0, 0.005520698711192218, 0.011940614040525497, 2.5129058021977396e-06, 0.005575799099029553, 0.0005763000181482039, 1.6984936005370615e-05, 0.0010853045875255432, 0.00025852040641390756, 0.006064112789116857, 3.380501175934122e-06, 0.0009164879194565612, 0.0007155486514460003, 0.001334832851789985, 0.013381443660025362, 0.001905260499969854, 0.0008562808061561892, 0.0, 0.0, 0.0004689382597350082, 0.009144933627151105, 0.0007117912790778767, 9.191238440208607e-05], [0.3121237037910354, 0.3896159788399435, 0.6786808067334631, 0.8627368436181506, 0.3855003468931208, 0.2623471419454546, 0.6747677458956995, 0.07630291157446278, 0.33593641499310944, 0.3219950802265739, 0.19921609985166144, 0.6829503680474295, 0.12601636893736085, 0.3131215471264007, 0.2881242034212347, 0.417056735227734, 0.7440403883543085, 0.16406259710940113, 0.6842098479308986, 0.8024406956289407, 0.0009192826257605757, 0.20380848944438895, 0.674553375256987, 0.19195743726299985, 0.4284112265042814, 0.002207312616672924, 0.15686066795943293, 0.5516839729140965, 0.011319069622497, 0.13574871343530523, 0.08217223006164716, 0.23114727077975195, 0.46741943640372274, 0.09434965326833797, 0.5526493881010943, 0.0846321740265307, 0.9885280851318989, 0.15779690351005005, 0.021934048251741996, 0.8409000344925032, 0.08116414015976377, 0.23610699510657393, 0.02009585827971852, 0.0648069759607674, 0.022015945129624806, 0.11575477462274085, 0.46110696403961493, 0.8167149785792376, 0.14841473557746393, 0.19117590445936095, 0.40103234370851765, 0.27338416243912217, 0.09349991251300005, 0.13760066709242152, 0.40384276078863135]], "feval_count": [550, 550], "n_trials_instructed": [550, 550], "passing": [true, true], "completed": true, "points": 1.0, "winner": "bobyqa_default", "loser": "hyperopt_tpe"}