{"n_dim": 55, "n_trials": 550, "objective": "markowitz_return_on_cube", "white": "bobyqa_default", "black": "hyperopt_tpe", "traceback": ["passing", "passing"], "best_val": [326.3448736782827, 408.0378036731504], "best_x": [[0.3264708513077217, 0.325649929860469, 0.3821677463252972, 0.4145070567676658, 0.026029545185419632, 0.41620373046297926, 0.2574199626736, 0.25726299211068304, 0.5360785415040292, 0.5550184508104372, 0.37345073912906535, 0.18865279353249384, 0.021805160645906995, 0.016144526092732613, 0.2283821059284369, 0.18598895879760025, 0.47677501710274606, 0.36933983818119104, 0.2967052423523223, 0.3602229320251247, 0.6022190867459744, 0.36275261257699143, 0.40706752096028703, 0.47691297963798734, 0.30714731033846293, 0.4531697677159036, 0.4334999589763301, 0.42103496986495326, 0.25269578423810146, 0.5497026185941708, 0.3740196413374126, 0.5017876499186568, 0.6014908925347722, 0.60529544341331, 0.48892210809435793, 0.5432224717459638, 0.18518030945910852, 0.6112582215438794, 0.24053701057747467, 0.2155540907261876, 0.34719097351074696, 0.299774130845085, 0.0, 0.47019253646930115, 0.5900686092800398, 0.4085791678882112, 0.5587055719568745, 0.5514391409368417, 0.3443985736399404, 0.6837725377576597, 0.40142296549577683, 0.487250591424646, 0.5221916794219423, 0.4424422161658802, 0.14231149113236802], [0.602345496588399, 0.7975584452801813, 0.8184369947427231, 0.6376772512126362, 0.13470791269976184, 0.6147466429360139, 0.0863693500907986, 0.43991265735348273, 0.5653283456241945, 0.8781424372675424, 0.7765715656094737, 0.5260583602609294, 0.8906073801254946, 0.25582508069276455, 0.455500612728847, 0.36488914992775745, 0.7405852238535238, 0.6881514985528823, 0.8248532857514976, 0.10649586468480349, 0.6472982205413985, 0.26800213083056035, 0.5281647377324126, 0.5213706512582015, 0.3744041230035505, 0.6237409107018322, 0.6140177540913276, 0.6308812188377508, 0.9826458719848026, 0.3512998569891722, 0.565730944843563, 0.41417087971003197, 0.6848507153884706, 0.5273520634896995, 0.43837613744439125, 0.9990575395114778, 0.41058008781541244, 0.7217653925531033, 0.5355500637911804, 0.4969168604926974, 0.5163830928821902, 0.9756660985486946, 0.3546802994247049, 0.8219206487371494, 0.5662436605879475, 0.40033128948422786, 0.625706577828976, 0.6195944745055209, 0.5036398177300824, 0.6614997644750669, 0.3492555056792621, 0.751199274191959, 0.9155939838607974, 0.6041247403052014, 0.3119683494949746]], "feval_count": [550, 550], "n_trials_instructed": [550, 550], "passing": [true, true], "completed": true, "points": 1.0, "winner": "bobyqa_default", "loser": "hyperopt_tpe"}