{"n_dim": 55, "n_trials": 550, "objective": "markowitz_return_on_cube", "white": "bobyqa_noise", "black": "hyperopt_tpe", "traceback": ["passing", "passing"], "best_val": [475.7629658381366, 534.6306658434218], "best_x": [[0.38586343567279446, 0.1550331777091974, 0.21283546094253034, 0.3277482407452451, 0.658583847182728, 0.49195942280599253, 0.5571975542257803, 0.5547850640408096, 0.5013373964838209, 0.21906917900954637, 0.35035946942798096, 0.5024489723449604, 0.582755118185487, 0.5214361472026889, 0.38551179148868087, 0.8306263105438967, 0.6969828554118986, 0.2853447406832345, 0.34993331813857464, 0.0, 0.7237422235337158, 0.606061947114998, 0.5727899660128968, 0.3921571336382909, 0.6889468338779033, 0.4301948542685716, 0.432138091633653, 0.4781048285644236, 0.5997814796390531, 0.7080416288954474, 0.6465007563496389, 0.3503379970398114, 0.5717463557845002, 0.45344010156047726, 0.4958781374121579, 0.3390258581989944, 0.5973257091580415, 0.5297198509956447, 0.5590676240074477, 0.5668600470414512, 0.5236671869729381, 0.36269126326228507, 0.20060236759390035, 0.32144910483378003, 0.4341461777320233, 0.42365173360179537, 0.4812001138110923, 0.4170126991649582, 0.7132086698066339, 0.3008941137350952, 0.36735399632689797, 0.2812689929723195, 0.5768685949647978, 0.447893822284596, 0.1677020982737529], [0.2838360626155926, 0.5636226347549317, 0.21411307482635167, 0.6899997404844297, 0.5771904720749748, 0.5297993326569017, 0.4934117177539557, 0.8805738205489188, 0.3353886493893593, 0.3393215212354216, 0.05526938365338828, 0.5082412423009038, 0.9318828010943092, 0.1292821736166893, 0.2591699936814083, 0.8373377404437073, 0.5340227738094425, 0.7761610671202831, 0.6950501613015259, 0.29631005269393357, 0.8677402887986414, 0.6389118259794363, 0.9348125841265991, 0.15772094694855188, 0.8394778463261942, 0.47896400609253126, 0.6442639058397817, 0.8072059759094026, 0.5789448700875733, 0.4523561490508592, 0.9240393711555646, 0.5915676125830013, 0.3874241799294301, 0.4047297826601686, 0.4830072599215294, 0.6059424343168135, 0.7992511465352103, 0.7677614189384003, 0.6447442155590117, 0.8363657821548205, 0.12742448340702572, 0.15334861432961377, 0.194199688857399, 0.45697680634649357, 0.6450254649012875, 0.8214965923482317, 0.5231332625143525, 0.5307431387361056, 0.8726811350040939, 0.39784948660741093, 0.45687905834524123, 0.41851447302284545, 0.6559347366035707, 0.49540522818764765, 0.3379859376879149]], "feval_count": [550, 550], "n_trials_instructed": [550, 550], "passing": [true, true], "completed": true, "points": 1.0, "winner": "bobyqa_noise", "loser": "hyperopt_tpe"}