{"n_dim": 55, "n_trials": 550, "objective": "markowitz_analytic_on_cube", "white": "bobyqa_noise", "black": "scipy_slsqp", "traceback": ["passing", "passing"], "best_val": [-0.024623906333293047, -0.06582254880476412], "best_x": [[0.11209336369202708, 0.0, 0.20872145717504303, 3.7334080033252275e-05, 0.24785632836554802, 0.0, 0.0, 1.6637364716083398e-05, 0.0, 0.0006970804265688912, 0.0, 0.010458502597611842, 0.0, 0.008694631236967565, 3.1751190430413735e-05, 0.00020564922948316928, 1.6250196344680327e-06, 0.0, 0.004782708023929365, 0.0, 0.004632503396314817, 0.0, 2.775742305484416e-05, 0.0, 0.00033374353013123216, 0.0008987053408927177, 1.3804751489158227e-05, 0.0027764482799683132, 1.3370017345937236e-05, 0.0043313541129940646, 0.058899263545104406, 0.002757080692042219, 0.008407922055322503, 0.010605590124544626, 0.00011118751259184743, 0.1324773454837984, 0.07465385135653291, 0.01273518648520087, 0.028171150125919635, 0.0, 0.0, 0.023359873070665865, 0.014300475901294709, 0.005888817211076847, 0.01304500444262379, 0.00012173770478538732, 0.006456548502526801, 0.00020752940467448088, 0.0, 6.084629282317206e-05, 3.4534859800979706e-05, 0.0005041978513272483, 2.7657468356235877e-05, 0.0005553384346990307, 0.0], [0.06157955914327087, 0.008837211915139285, 0.0039042019994540537, 0.009978023838138686, 0.018986640548777738, 0.05543688103930876, 2.6776711572200135e-19, 0.02749430666793645, 0.024338839749662153, 0.004341029448399379, 0.11426649706416615, 0.002766589661579713, 0.007381687347864598, 0.012116980497158023, 0.019791678827830676, 0.01483419723507365, 0.0031633657884204687, 0.006758463440198051, 0.019470853663025894, 0.036399438139625304, 0.0137262582366709, 2.314569354985897e-18, 0.0190147703276763, 0.004660067106544486, 0.019457942447973116, 0.0069222951666797995, 0.013619874476265814, 0.01118285511031549, 0.01235102368430618, 0.038829715247012286, 1.0434432331183446e-19, 0.0038880147616377238, 0.007199127908319322, 0.013771417644655722, 0.0, 0.0, 0.009788305314293862, 0.025155359664855173, 0.02693403597639507, 0.008001735875800834, 0.009686881277947085, 0.0035434992461653124, 0.11021154642236354, 1.0422321574289365e-18, 7.109005081937338e-20, 0.008262605362643524, 0.033797446288425514, 0.007620569256408967, 0.003003400516676815, 0.00822085357999335, 0.07404820572097666, 0.021330782689151537, 0.0004401333375618688, 0.02107981931764579, 0.012405084537596478]], "feval_count": [550, 1774], "n_trials_instructed": [550, 174], "passing": [true, true], "completed": false, "winner": "incomplete", "points": null}