{"n_dim": 55, "n_trials": 210, "objective": "markowitz_return_on_cube", "white": "bobyqa_default", "black": "platypus_genetic", "traceback": ["passing", "passing"], "best_val": [452.1597437975949, 1027.8876843449195], "best_x": [[0.8756928750720904, 0.44267538427696096, 0.27845625224781206, 0.4377445499471773, 0.5845612851551579, 0.0, 0.46376288595286624, 0.63970271161562, 0.6390653030961946, 0.5020489274867778, 0.5056180154007172, 0.6214747248337699, 0.18792456526064538, 0.5869369264766676, 0.6474526713724411, 0.4302517816128645, 0.5340512663039875, 0.6308115328096962, 0.5048888025448786, 0.6870766367892234, 0.6567056784243352, 0.6147290500124629, 0.6156091382769217, 0.5615189306184996, 0.5889970699240434, 0.48889243661337944, 0.575747296484946, 0.5323324665129587, 0.46263203192542374, 0.3647386904437723, 0.6282219103281104, 0.5607360458396622, 0.5124433412155487, 0.3356178386098524, 0.21679577118569052, 0.5383961016935741, 0.47306896550534333, 0.39501661668597166, 0.33265898801270277, 0.5144157909857348, 0.43010140543590036, 0.21046746626506485, 0.0, 0.6094885703525742, 0.46374057045211803, 0.28356712683397567, 0.8179848848116676, 0.4925334075099639, 0.5346800423846387, 0.49501708738931965, 0.8337522215430921, 0.4571338965403257, 0.4657780686240865, 0.0, 0.3795609988845659], [0.7758428762191933, 0.5920743856485032, 0.3728353244678536, 0.7361326140354438, 0.7778682941712473, 0.17518213769353297, 0.5601380149798717, 0.7898337535315271, 0.8204569200682205, 0.5036257659539585, 0.8185200774786515, 0.5386608033432829, 0.423557347588726, 0.27798935663135804, 0.6181757853850588, 0.5692734595971747, 0.49449891329515905, 0.4947900335670664, 0.2786416744092848, 0.9815725295857423, 0.4892911771540651, 0.9097546690122036, 0.9735996796673544, 0.7375831755664222, 0.5629862095944527, 0.42981348378097495, 0.41245951678145276, 0.5754740079332187, 0.5784293182326334, 0.09289791317909901, 0.7081254711172549, 0.6633467595356316, 0.704892702968211, 0.30091550822493685, 0.9175989389741025, 0.4220405493870465, 0.7575678024639457, 0.49103391208757474, 0.5594867495877521, 0.5575046715917603, 0.17632839039090303, 0.670124461214234, 0.2824134607620029, 0.5133735582172008, 0.4721225522507494, 0.6437222589297693, 0.5680754181301194, 0.2683484900830908, 0.28255444647951167, 0.25623228770276707, 0.6219631043173136, 0.3997367949642862, 0.43410887688887645, 0.49075126668044533, 0.41294177930526654]], "feval_count": [210, 200], "n_trials_instructed": [210, 178], "passing": [true, true], "completed": true, "points": 1.0, "winner": "bobyqa_default", "loser": "platypus_genetic"}