{"n_dim": 55, "n_trials": 550, "objective": "markowitz_analytic_on_cube", "white": "bobyqa_noise", "black": "bobyqa_default", "traceback": ["passing", "passing"], "best_val": [-0.03939236911516372, -0.03939236911516372], "best_x": [[0.2733243162655165, 2.989472466902315e-05, 0.04976590247624984, 1.4899394447310335e-06, 0.0025221017643769785, 2.212761969965341e-05, 0.14780096652844055, 5.842891749720798e-06, 0.015428798694000033, 0.00016838499996846878, 0.026720437531002936, 0.006621732894071185, 0.015392107731045972, 0.0, 0.0, 0.0, 0.020818219086120658, 0.0, 0.03527012212108662, 0.0, 0.022306628323203424, 0.0, 0.03446300395323309, 0.0163089197740983, 0.0, 0.0, 0.0005496458481160138, 0.005089265132087219, 1.8563982151724897e-06, 0.002962800487151181, 0.0007607192008425801, 0.0006623511875949845, 0.027364279877564332, 0.0005652370052304719, 0.04421972920368144, 0.0019355614522599837, 0.006604162881516915, 0.008088323759191414, 0.06532974572259809, 0.02765509664646903, 0.000272985612358063, 0.0322601942483256, 0.00479741800327627, 0.00102968368675601, 7.582518857565509e-06, 0.04008001128728012, 0.0014601521544166766, 0.027911531477306302, 8.150689486314122e-06, 0.0007635965364033347, 0.0012666336398607313, 1.8734760688624135e-05, 0.016612007487944093, 0.009395281208377904, 0.005361879495330028], [0.2733243162655165, 2.989472466902315e-05, 0.04976590247624984, 1.4899394447310335e-06, 0.0025221017643769785, 2.212761969965341e-05, 0.14780096652844055, 5.842891749720798e-06, 0.015428798694000033, 0.00016838499996846878, 0.026720437531002936, 0.006621732894071185, 0.015392107731045972, 0.0, 0.0, 0.0, 0.020818219086120658, 0.0, 0.03527012212108662, 0.0, 0.022306628323203424, 0.0, 0.03446300395323309, 0.0163089197740983, 0.0, 0.0, 0.0005496458481160138, 0.005089265132087219, 1.8563982151724897e-06, 0.002962800487151181, 0.0007607192008425801, 0.0006623511875949845, 0.027364279877564332, 0.0005652370052304719, 0.04421972920368144, 0.0019355614522599837, 0.006604162881516915, 0.008088323759191414, 0.06532974572259809, 0.02765509664646903, 0.000272985612358063, 0.0322601942483256, 0.00479741800327627, 0.00102968368675601, 7.582518857565509e-06, 0.04008001128728012, 0.0014601521544166766, 0.027911531477306302, 8.150689486314122e-06, 0.0007635965364033347, 0.0012666336398607313, 1.8734760688624135e-05, 0.016612007487944093, 0.009395281208377904, 0.005361879495330028]], "feval_count": [550, 550], "n_trials_instructed": [550, 550], "passing": [true, true], "completed": true, "points": 0.5, "winner": "draw", "loser": "draw"}