{"n_dim": 55, "n_trials": 550, "objective": "markowitz_analytic_on_cube", "white": "bobyqa_default", "black": "hyperopt_rand", "traceback": ["passing", "passing"], "best_val": [-0.04365842863567806, 14.223005883884463], "best_x": [[0.09665054608487474, 0.1105127905676044, 0.16289165856454974, 0.033715515709638516, 0.00017948228636814338, 0.02607082781670038, 0.04109622064666053, 0.050664026617190425, 4.8648485759836705e-05, 0.0, 0.14785298314081302, 0.0, 0.007042240290705404, 0.004730441778937426, 0.0, 0.0005059892168007635, 0.0011951179537267158, 7.220862574122592e-05, 0.19828503052503976, 0.002010486949241733, 0.00043708131821879146, 0.0, 0.0043626462239448206, 0.0, 0.0, 0.0, 0.0094392144972001, 0.020487286214434745, 0.005213833233157182, 2.187882607551326e-05, 0.0, 0.0011503268874643675, 0.0012786671611064672, 0.0, 0.0, 0.0035785962752777675, 0.00011048314524635568, 0.0, 0.0005808003152842486, 0.004276462265247145, 1.6318531545089853e-05, 0.0011090081526919599, 0.0006546612762471489, 0.0002780066719471348, 0.0036855300827886776, 0.0016887660187988698, 0.0014294281761388096, 0.0, 0.021954239940877224, 7.804512161615325e-07, 2.6575728683725575e-05, 0.00022665248137320395, 0.0007144107001721566, 0.00232750747918396, 0.0314224445986377], [0.5952143760498181, 0.13779676450186415, 0.4210734361890433, 0.15560469965785761, 0.028568203021505076, 0.13249170073515143, 0.7315108267983749, 0.035993018691335386, 0.06388305446877654, 0.08072348359291563, 0.6212099093901947, 0.8103282471012689, 0.2869970769504736, 0.2911128118242473, 0.9788591221219598, 0.9426916424108476, 0.47423910548823744, 0.07323148979191994, 0.34041638998577806, 0.016634813233094403, 0.22714915144114817, 0.1403246756033863, 0.07658324685663775, 0.22997901265013176, 0.07441541889587948, 0.3186467623623404, 0.00010625022927505251, 0.08467692232511745, 0.243798294565286, 0.11925456241301538, 0.030820275051160556, 2.6267824481902846e-05, 0.22589960379508472, 0.1218482475378038, 0.03910504254963129, 0.6619519128118276, 0.0012496469144467892, 7.499815221327893e-05, 0.8025357564381769, 0.6088080027994038, 0.7051275909683539, 0.9031959880109787, 0.4215249328676914, 0.00036989442411229645, 0.07895754804135441, 0.1626011688983645, 0.6087480879088616, 0.33746475218858685, 0.05869267860746692, 0.1264094272210416, 0.05863812180667917, 0.04738493200131115, 0.20552321471770052, 0.4328334832523623, 0.3782963035061095]], "feval_count": [550, 550], "n_trials_instructed": [550, 550], "passing": [true, true], "completed": true, "points": 1.0, "winner": "bobyqa_default", "loser": "hyperopt_rand"}