{"n_dim": 55, "n_trials": 130, "objective": "markowitz_return_on_cube", "white": "bobyqa_noise", "black": "hyperopt_rand", "traceback": ["passing", "passing"], "best_val": [530.9288524689474, 608.4340761682125], "best_x": [[0.5109601964366226, 0.5311002167742169, 0.49965668776084465, 0.4937725850336023, 0.4964705661057565, 0.4970957634927494, 0.493454446533151, 0.5174427701200186, 0.5050916243664412, 0.49033012537382975, 0.4904087205256145, 0.5088821904370682, 0.4879851826830692, 0.0, 0.5132165118077273, 0.5137212131115793, 0.5034849925882702, 0.5158073005596143, 0.49874034105571974, 0.49604469488028097, 0.497447687651577, 0.45909667153455125, 0.4957336589005907, 0.5032848921747071, 0.508985798158348, 0.4925516582957596, 0.44055723560417615, 0.08728017348866648, 0.45651486595057655, 0.49802951393987754, 0.4924989836797991, 0.4953380711284912, 0.48902301854967384, 0.4950117583705031, 0.5174122651404581, 0.5167727869342263, 0.4990363221650077, 0.5298144498122876, 0.38390555818347905, 0.5212557480893876, 0.5197536440643531, 0.4583046623142796, 0.5152599671630819, 0.49127389196655075, 0.503850932640596, 0.4817651433399171, 0.01809399973100634, 0.49240263757960434, 0.4985905328098246, 0.4956956904575902, 0.49511477337654497, 0.5085296396193538, 0.5054938652683795, 0.5085094359691491, 0.49849625525876073], [0.293503171863791, 0.1829913933232509, 0.13206201743028587, 0.16626294281635, 0.32933001309154786, 0.3980280630869184, 0.612855604529298, 0.8686885101533617, 0.7192521229615415, 0.7292013222005939, 0.892554756384051, 0.6340416727897208, 0.7882716429648314, 0.003152946237276317, 0.4741573672422102, 0.28117276437383565, 0.16836244171543208, 0.5602552415904496, 0.7033580239048148, 0.7337150134998629, 0.2710575726693673, 0.38410924853620093, 0.3284165633080605, 0.5281180611580485, 0.3790737269461283, 0.7189719841154127, 0.35888395759854486, 0.21272647991195454, 0.44092151267879864, 0.8608607444331984, 0.8477289418792846, 0.6477541265857532, 0.5421571742741238, 0.6420110135588044, 0.6650546847109673, 0.051585847743384206, 0.2390084103697202, 0.7553501860878588, 0.3242370696295572, 0.5690084386637358, 0.6411673538156386, 0.6035337357804214, 0.678936211335246, 0.7858408237089279, 0.4786971839645918, 0.09883826421237613, 0.6817907625840949, 0.4154535695525544, 0.5930056303808909, 0.7938751615892732, 0.4632459421872715, 0.9577908807140962, 0.7710865166525216, 0.7587483969764989, 0.4811714257722075]], "feval_count": [130, 130], "n_trials_instructed": [130, 130], "passing": [true, true], "completed": true, "points": 1.0, "winner": "bobyqa_noise", "loser": "hyperopt_rand"}