{"n_dim": 55, "n_trials": 550, "objective": "markowitz_return_on_cube", "white": "bobyqa_noise", "black": "hyperopt_atpe", "traceback": ["passing", "passing"], "best_val": [563.0300327666637, 648.7689332665905], "best_x": [[0.32626327597582977, 0.45572807358172124, 0.4087211034360206, 0.06351016143754779, 0.14865603804894892, 0.6537463505281881, 0.4106152768856322, 0.6213226708452358, 0.47217665410441173, 0.35603092775565226, 0.5679248859727208, 0.5644560540048102, 0.572799666228281, 0.6959716466367319, 0.7241326102416275, 0.6038627177374374, 0.0, 0.43160543461298323, 0.6059736169832469, 0.488248784480849, 0.47233591018726184, 0.7699627857709656, 0.26987434207363675, 0.7153521637847599, 0.49329791197569145, 0.027678628948955983, 0.6850987030643942, 0.1705887346724988, 0.36099940743804143, 0.3433037471962181, 0.6632836189291071, 0.10341046455893768, 0.3623419962954949, 0.365187401199759, 0.44688383862811554, 0.39482581570704606, 0.7073121837996369, 0.40073092599673343, 0.5628865771259726, 0.5003124129209586, 0.6371200011459632, 0.5571465868095501, 0.26655126163784193, 0.5779649721862377, 0.31594802515430104, 0.2810965485594021, 0.5221319685486764, 0.39214950105903645, 0.3964286089354133, 0.5643060415993552, 0.5205603945153741, 0.4257575314204026, 0.7029292469773577, 0.32015168593590465, 0.6673202443301103], [0.2378846569343058, 0.5339779887976145, 0.4528960564988387, 0.2347686871031329, 0.12188439648892058, 0.9547393021850571, 0.607377751496744, 0.3824424722649189, 0.3801229203936362, 0.596097824950372, 0.7187260579777958, 0.8513980777362622, 0.8137919985498514, 0.9235006575925653, 0.24799492278316515, 0.4037177035404172, 0.6840056708533225, 0.5959283493681089, 0.6041846647501249, 0.5197619395896076, 0.4119409077624678, 0.6331493186692847, 0.3919738002629882, 0.8561721120005629, 0.9591347948461904, 0.20030788580475012, 0.1545913420705793, 0.284837978487103, 0.3980795488247938, 0.39389558033060285, 0.8078345176205471, 0.22001574229374268, 0.5121490023982402, 0.43014728778030153, 0.7782668493978459, 0.4971034646118249, 0.751622052820562, 0.7422418362519251, 0.7962041890673627, 0.7716347534666085, 0.9137592466532136, 0.6820667704876222, 0.872097406388965, 0.5245631990790076, 0.5746003639923288, 0.21035946845692727, 0.37762516987970324, 0.7486027314661439, 0.6453263279940316, 0.4236973212319382, 0.7507273757243255, 0.1572710839133395, 0.9680158820102226, 0.39507491829307984, 0.42882695929169673]], "feval_count": [550, 550], "n_trials_instructed": [550, 550], "passing": [true, true], "completed": true, "points": 1.0, "winner": "bobyqa_noise", "loser": "hyperopt_atpe"}