{"n_dim": 55, "n_trials": 130, "objective": "markowitz_return_on_cube", "white": "bobyqa_noise", "black": "hyperopt_atpe", "traceback": ["passing", "passing"], "best_val": [404.56262184172596, 449.685553366745], "best_x": [[0.5566570998108201, 0.5043119159695623, 0.5023290159250103, 0.5001383670961816, 0.49479444410269446, 0.49395222412848727, 0.5089381386849138, 0.5081044661219802, 0.5052066729724626, 0.502038464735337, 0.4923199947396201, 0.4883071657252886, 0.5007451461345109, 0.5029030733137575, 0.5022629292778625, 0.4893814889259893, 0.48586498156167335, 0.4922150414429629, 0.4950872435684964, 0.5302465133833857, 0.489656148414775, 0.49306836471704196, 0.5036305686639786, 0.49936773795907213, 0.5264191090195239, 0.5049535248149625, 0.508536876058203, 0.5072722755451466, 0.4987425007032276, 0.4929926773379239, 0.4940124548394261, 0.5065491972661041, 0.496425707174431, 0.5001636727093763, 0.47250934466239797, 0.5009754931573414, 0.5036996650464793, 0.5033311674027151, 0.4932703383350937, 0.5111902124208724, 0.49204882465495015, 0.49930569848978457, 0.4856127412507463, 0.45332079955455085, 0.5041336320122686, 0.5162049306451671, 0.4925412935507478, 0.39273640601986387, 0.48812816923020674, 0.5070145371024284, 0.5007616866252302, 0.4858938220564155, 0.49021753182125705, 0.49132034441764966, 0.4986763214060095], [0.8771758530063702, 0.76467022203906, 0.8729205495487671, 0.7082676581093265, 0.42636332758937817, 0.10344722515491131, 0.6433325725190441, 0.29242554904102336, 0.9658370420954014, 0.8672287132555649, 0.9516878361888851, 0.5164792867757284, 0.4094116823571585, 0.8438565434446619, 0.7587866798703671, 0.6052016807027871, 0.24147835133245626, 0.6400940465719467, 0.8634705909091167, 0.8920674207073401, 0.4437225454569245, 0.8313473649692296, 0.4322375286451921, 0.41563954223818217, 0.55922474765514, 0.36922849444965117, 0.5486453773128671, 0.24164206185956238, 0.7012982705674011, 0.4138381328504681, 0.6524259007938465, 0.5496271910147148, 0.7050263548545006, 0.9380152164500478, 0.42844937872456845, 0.8528426280770833, 0.6476770077935472, 0.7175004401192722, 0.7103761668825105, 0.7861075115121086, 0.825280502749689, 0.34043889435025715, 0.30656804812078703, 0.7374007370764796, 0.20835847430671994, 0.6805568004501846, 0.6264078633838829, 0.42002260047572754, 0.806113134978369, 0.3574890266435571, 0.22746654425055646, 0.13031640546216045, 0.05018742418775779, 0.47664148646215776, 0.7362700228928101]], "feval_count": [130, 130], "n_trials_instructed": [130, 130], "passing": [true, true], "completed": true, "points": 1.0, "winner": "bobyqa_noise", "loser": "hyperopt_atpe"}