{"n_dim": 55, "n_trials": 340, "objective": "markowitz_return_on_cube", "white": "bobyqa_default", "black": "ultraopt_forest", "traceback": ["passing", "passing"], "best_val": [553.75978626914, 789.4812325043785], "best_x": [[0.1449927335878479, 0.521931672287871, 0.7537138656799426, 0.43000101983059685, 0.5052021592103654, 0.36747826610445733, 0.44438676838366475, 0.9173991986100818, 0.49150997194359575, 0.5259940322778612, 0.5557138902409499, 0.8275631690935084, 0.4723423622557532, 0.38482057337837017, 0.0, 0.4392043142503476, 0.7135631903365393, 0.3611437979202753, 0.723540148397734, 0.40920649237690426, 0.6751636840210002, 0.7087434359770741, 0.8809510282526404, 0.5606466883008178, 0.3853981965239618, 0.7312060861929195, 0.48169713869012554, 0.5661613691691612, 0.5137478672391604, 0.09999635870676464, 0.57174628975723, 0.833162146150224, 0.4509637896826132, 0.668058830182433, 0.0, 0.6988378250184295, 0.36339786855610995, 0.7808415548344225, 0.6535433550009604, 0.5636648393567216, 0.0, 0.49226458057548, 0.2939747796764214, 0.27222111016507405, 0.7060779068262837, 0.5813975891145079, 0.5768634399318471, 0.023088176279899147, 0.8929900911355376, 0.7899041448708022, 0.277374986617177, 0.7456925737921548, 0.717905281463078, 0.5255623392624817, 0.8679233498490326], [0.7033990415470631, 0.9460461716842098, 0.715142926454887, 0.13810609182661404, 0.026549490854862356, 0.9718750985452264, 0.5279859928027965, 0.9569489060111988, 0.27121656928666726, 0.6360701662570029, 0.6291472082766073, 0.836501230354315, 0.330649876511552, 0.3807319081352567, 0.12107739490469571, 0.07039553075581706, 0.13667977117219265, 0.6022857626925618, 0.8315924953930284, 0.0006232624616977489, 0.9774490334020268, 0.6584449095996836, 0.9697325479841613, 0.024972653084684993, 0.07117144631378258, 0.0124242325983982, 0.04363694920438965, 0.4568625762807137, 0.5338933058860779, 0.1361228579790431, 0.22287120824095374, 0.8220375528076372, 0.2297158637339788, 0.1838531902798819, 0.15709488083070822, 0.17325362988660775, 0.9076957577265687, 0.6866753928618352, 0.8537623744623439, 0.11951173370117951, 0.6733355552866649, 0.7045688159939192, 0.08941721778045741, 0.14347451086235763, 0.41420005608074106, 0.5675716202277574, 0.5360417733720256, 0.05256689212047916, 0.9643530412448029, 0.07656142182221437, 0.0983866649662517, 0.08621598528445518, 0.41758118328304894, 0.9128243245773259, 0.9890864321980859]], "feval_count": [340, 340], "n_trials_instructed": [340, 340], "passing": [true, true], "completed": true, "points": 1.0, "winner": "bobyqa_default", "loser": "ultraopt_forest"}