{"n_dim": 89, "n_trials": 550, "objective": "markowitz_return_on_cube", "white": "bobyqa_noise", "black": "scipy_slsqp", "traceback": ["passing", "passing"], "best_val": [235.6727187397454, 418.1864518632349], "best_x": [[0.41465905302870426, 0.9065930640977873, 0.5041920053070772, 0.3196239417401533, 0.34277792403999363, 0.5769539877296626, 0.1991495521004705, 0.6164136452851402, 0.19972902148061492, 0.02181805645532787, 0.4213293300609599, 0.552904035222528, 0.0, 0.4989654524932516, 0.43593572798510966, 0.38740562181588495, 0.3682611316580687, 0.0358357304995309, 0.5713129611902399, 0.6021990807648914, 0.39397578488503415, 0.714490518880598, 0.36936021407047015, 0.4040513072692162, 0.5721176479455152, 0.454829308154355, 0.39332268448719293, 0.4307342270464207, 0.611633769560925, 0.6236312831771452, 0.49581161492717246, 0.34819122445875184, 0.4832587548047398, 0.1283506183586879, 0.3830776882724784, 0.522687756964142, 0.5338471962105917, 0.42028227750056146, 0.3605549431225241, 0.06118255779042846, 0.3795533483269282, 0.36978821979565474, 0.1856873453513663, 0.3766656514194504, 0.4512566336493643, 0.32358837637334237, 0.1467957525736423, 0.4645389198628284, 0.5214239275688395, 0.47480458671652914, 0.009133641485323304, 0.2385441682645776, 0.5906803560856083, 0.549987912002315, 0.37593763787439416, 0.5619222241258913, 0.29576825287786895, 0.3866205947231916, 0.29797125845630945, 0.42712813502974395, 0.43734184583868774, 0.37577439268631224, 0.366109706063622, 0.39009934624638104, 0.3631556447671683, 0.4228333149541314, 0.5224325962176969, 0.3312935592828671, 0.24841742829161295, 0.4932911179911337, 0.47981956971989304, 0.5907654178895181, 0.344789928703462, 0.43310608344843726, 0.5017672820391709, 0.3083311399079238, 0.5915031896558416, 0.6135332347754555, 0.7467061784317655, 0.24837172477492944, 0.5945844451450436, 0.6523987138355659, 0.4137192132274009, 0.5384189443531031, 0.0, 0.0, 0.33625763352322996, 0.37265790223711814, 0.6069600020372123], [0.0, 0.0, 0.0, 0.0, 0.0, 0.0, 0.0, 0.0, 0.0, 0.0, 0.0, 0.0, 0.0, 0.0, 0.0, 0.0, 0.0, 0.0, 0.0, 0.0, 0.0, 0.0, 0.0, 0.0, 0.0, 0.0, 0.0, 0.0, 0.0, 0.0, 0.0, 0.0, 0.0, 0.0, 0.0, 0.0, 0.0, 0.0, 0.0, 0.0, 0.0, 0.0, 0.0, 0.0, 0.0, 0.0, 0.0, 0.0, 0.0, 0.0, 0.0, 0.0, 0.0, 0.0, 0.0, 0.0, 0.0, 0.0, 0.0, 0.0, 0.0, 0.0, 0.0, 0.0, 0.0, 0.0, 0.0, 0.0, 0.0, 0.0, 0.0, 0.0, 0.0, 0.0, 0.0, 0.0, 0.0, 0.0, 0.0, 0.0, 0.0, 0.0, 0.0, 0.0, 0.0, 0.0, 0.0, 0.0, 0.0]], "feval_count": [550, 91], "n_trials_instructed": [550, 550], "passing": [true, true], "completed": true, "points": 1.0, "winner": "bobyqa_noise", "loser": "scipy_slsqp"}