{"n_dim": 55, "n_trials": 210, "objective": "markowitz_return_on_cube", "white": "bobyqa_noise", "black": "bobyqa_default", "traceback": ["passing", "passing"], "best_val": [485.05115511013935, 485.05115511013935], "best_x": [[0.48950106320677234, 0.19145537876887322, 0.39387947586529604, 0.18626781262182193, 0.6026373902703722, 0.5064630979201483, 0.5410156146828635, 0.48098994942598267, 0.06144223189137819, 0.0, 0.545401388646311, 0.5319340129795875, 0.25186201523808366, 0.5478283775654985, 0.5081550001898381, 0.5480207932856739, 0.5074561964456366, 0.518760240002582, 0.4558519920840617, 0.5561083787789138, 0.41779077766710476, 0.48417258019235887, 0.031382380203615175, 0.5842700155286085, 0.5906105588540848, 0.2221209397136883, 0.07284385950091524, 0.3551451930629956, 0.02597369940670618, 0.4053715523963148, 0.45756522844511843, 0.46580799401216333, 0.5857340643581872, 0.5831853403928878, 0.46185170594967245, 0.2727591646970614, 0.6081211670063736, 0.6364610861585058, 0.5409710973986241, 0.5479763057209097, 0.3768185317432201, 0.533647497480137, 0.3755535868595962, 0.6041893480444559, 0.5629932384553696, 0.520670939320058, 0.48200988821078455, 0.5112263368289666, 0.5030830469426075, 0.5093412040099721, 0.4627955030371442, 0.536028656145866, 0.596523387061268, 0.45581620274450624, 0.561549894867897], [0.48950106320677234, 0.19145537876887322, 0.39387947586529604, 0.18626781262182193, 0.6026373902703722, 0.5064630979201483, 0.5410156146828635, 0.48098994942598267, 0.06144223189137819, 0.0, 0.545401388646311, 0.5319340129795875, 0.25186201523808366, 0.5478283775654985, 0.5081550001898381, 0.5480207932856739, 0.5074561964456366, 0.518760240002582, 0.4558519920840617, 0.5561083787789138, 0.41779077766710476, 0.48417258019235887, 0.031382380203615175, 0.5842700155286085, 0.5906105588540848, 0.2221209397136883, 0.07284385950091524, 0.3551451930629956, 0.02597369940670618, 0.4053715523963148, 0.45756522844511843, 0.46580799401216333, 0.5857340643581872, 0.5831853403928878, 0.46185170594967245, 0.2727591646970614, 0.6081211670063736, 0.6364610861585058, 0.5409710973986241, 0.5479763057209097, 0.3768185317432201, 0.533647497480137, 0.3755535868595962, 0.6041893480444559, 0.5629932384553696, 0.520670939320058, 0.48200988821078455, 0.5112263368289666, 0.5030830469426075, 0.5093412040099721, 0.4627955030371442, 0.536028656145866, 0.596523387061268, 0.45581620274450624, 0.561549894867897]], "feval_count": [210, 210], "n_trials_instructed": [210, 210], "passing": [true, true], "completed": true, "points": 0.5, "winner": "draw", "loser": "draw"}