{"n_dim": 55, "n_trials": 340, "objective": "markowitz_return_on_cube", "white": "bobyqa_default", "black": "hyperopt_rand", "traceback": ["passing", "passing"], "best_val": [475.1616720746677, 558.3771670539368], "best_x": [[0.46208053376597535, 0.654938740445155, 0.0, 0.2762858679153154, 0.42380131325432374, 0.6480619086697182, 0.4687526690792788, 0.5915958048165953, 0.38497881715127974, 0.4432489172027185, 0.4460470627129045, 0.6975739715773653, 0.4566121175415669, 0.6188019206636696, 0.42093771441707917, 0.5325424163599234, 0.5093051192096016, 0.37561912341016074, 0.6047426328589031, 0.5379737357787276, 0.2698968815442302, 0.36200297379997226, 0.4595697640696195, 0.5069310530080425, 0.39976682385339274, 0.5760407061022192, 0.5305406040057885, 0.49582949485903816, 0.4328342040472684, 0.5812227760737388, 0.5922003712550515, 0.2762857381110065, 0.6259444994116781, 0.5303525842325404, 0.2874325257152722, 0.31940267558249774, 0.7873341639509908, 0.5158277752405485, 0.4321438906887427, 0.7448449412578493, 0.5756244282637201, 0.43380428671541066, 0.40426427910670587, 0.5124772979575304, 0.2869631141214266, 0.4111414355457877, 0.4959573275133208, 0.049467108810996266, 0.47467046043765965, 0.5711086720161473, 0.6966810736455494, 0.49678241800034434, 0.1969824390321901, 0.4677781783346926, 0.4276608739272056], [0.6073661805757125, 0.9388025526890186, 0.017936620041693066, 0.3238818129513364, 0.5555365186373542, 0.5029730021415296, 0.8518710465179422, 0.8756993242013777, 0.4704107330462792, 0.8798878502983083, 0.035072188792926264, 0.7407108462827897, 0.41800755972588344, 0.7087873062747181, 0.20435210373142534, 0.6253303523015135, 0.6069832994606086, 0.10625511752723003, 0.47929760761242307, 0.5086610522298278, 0.0502453134475234, 0.5064629946835867, 0.3073883653557327, 0.35521752613844504, 0.7294064711685071, 0.9355109339667657, 0.8388031395372929, 0.7291225486032885, 0.43213610241760114, 0.3534763256138813, 0.7558750424419177, 0.5187012828515843, 0.7909511913903728, 0.7736037313805639, 0.6102922521510932, 0.8446561183078289, 0.5698988050632814, 0.4855287240250716, 0.5960519080504599, 0.677667988461111, 0.5082576669713659, 0.8974541071706945, 0.7732353739449851, 0.9708632587328272, 0.7383994857881377, 0.48274702489096183, 0.028474640394726858, 0.6006775365034154, 0.7219491106759529, 0.8813686979127549, 0.9593720173370968, 0.10888141949041974, 0.3435246250995179, 0.2397639540432399, 0.5103067524846345]], "feval_count": [340, 340], "n_trials_instructed": [340, 340], "passing": [true, true], "completed": true, "points": 1.0, "winner": "bobyqa_default", "loser": "hyperopt_rand"}