{"n_dim": 55, "n_trials": 210, "objective": "markowitz_return_on_cube", "white": "bobyqa_default", "black": "pymoo_nsga3", "traceback": ["passing", "passing"], "best_val": [411.8693380978082, 657.2093376034204], "best_x": [[0.3515369350981521, 0.5295874507468303, 0.5928062523136081, 0.47421702441970404, 0.5310397771794838, 0.5459720611943268, 0.0, 0.573961924744101, 0.5436290346582103, 0.477875655512189, 0.5209458439053577, 0.5473802518311222, 0.3681736145179938, 0.5029228049119367, 0.5445681337988892, 0.4478737465899071, 0.700204968864885, 0.5224881702146357, 0.37168132177938534, 0.6071155812244335, 0.5713193665075083, 0.3273384223748449, 0.6595043319843213, 0.47284388780371306, 0.20635511821516156, 0.46926658897054774, 0.31197539752927955, 0.2899081274303186, 0.3973690427904718, 0.47486332813170523, 0.547850734038223, 0.5308820906336631, 0.5934023511942876, 0.461890676760534, 0.6106628306183552, 0.5784781369861627, 0.44699685462770744, 0.6475283448903727, 0.42772067460224383, 0.5964455215504266, 0.5073579684038032, 0.2899928798186445, 0.32859915047165456, 0.6388392919979965, 0.24742897707778466, 0.4213403298001761, 0.521832114379393, 0.5592337999798487, 0.434911980336609, 0.5446998105561768, 0.6165145885245202, 0.450597187770112, 0.27826998669348385, 0.4796495270281579, 0.49723328499850333], [0.24638751105258694, 0.7845986535297866, 0.8915030227802229, 0.32713361939942665, 0.9988327716847418, 0.5282278769344159, 0.38758547113548225, 0.7642474559902998, 0.5972520152182218, 0.4818582380333718, 0.17348830413088223, 0.6305732322341914, 0.8082036927214298, 0.7638239369870589, 0.7728243642801326, 0.7597195215823676, 0.1494344322540958, 0.02956912581806259, 0.8924359158065229, 0.5711530425811029, 0.06944369923509752, 0.828660814530145, 0.45737821331888295, 0.24791215055413496, 0.1796957977259539, 0.9893827741788679, 0.45208989907814523, 0.007637059268679969, 0.9309533721058767, 0.20083075692940544, 0.9459559554424649, 0.26532274544384016, 0.04080917033468723, 0.08887517010621981, 0.5465128158865581, 0.060222032891258825, 0.7917870623776281, 0.42584299974160833, 0.6596865771204431, 0.158696410145039, 0.630047948725492, 0.6174039222212601, 0.1735012437058474, 0.6985805927298085, 0.8540038737189892, 0.07712830367887813, 0.782297396784724, 0.9750962666337181, 0.6467933014883537, 0.039856768616624905, 0.44589868276169, 0.7406763087054006, 0.006207908650484817, 0.6099239067590031, 0.5581313101689555]], "feval_count": [210, 210], "n_trials_instructed": [210, 210], "passing": [true, true], "completed": true, "points": 1.0, "winner": "bobyqa_default", "loser": "pymoo_nsga3"}