{"n_dim": 55, "n_trials": 550, "objective": "markowitz_return_on_cube", "white": "bobyqa_default", "black": "hyperopt_tpe", "traceback": ["passing", "passing"], "best_val": [392.8486379160504, 486.6700091783094], "best_x": [[0.19348926115677528, 0.5138994880193359, 0.46855859747858714, 0.3801557603475208, 0.0, 0.16051724460225988, 0.5542218215522335, 0.39110039117485695, 0.5758020340316288, 0.43783382016701633, 0.18266513983985339, 0.5382992191335375, 0.33656729977098815, 0.533699906534991, 0.6234817348741395, 0.5150124864464883, 0.49091963029157626, 0.212946714391559, 0.7141293483336341, 0.5813857629221841, 0.3949891585038082, 0.6377548228882265, 0.34517303396508836, 0.521153138371858, 0.40827548190662144, 0.42387324739429166, 0.6992369795721692, 0.7881988938609762, 0.509684549066049, 0.29287961308930915, 0.6710726480854985, 0.6151368134955747, 0.5703183132145379, 0.4726410309017365, 0.5423348204080294, 0.7347144568737808, 0.5179447747735116, 0.814169424351595, 0.5569573380189383, 0.33966773413860524, 0.41466328594884927, 0.6853665395269803, 0.493404864196309, 0.3614993639211796, 0.35534037246133937, 0.7269397635291579, 0.5882781853590519, 0.5706214527354974, 0.0, 0.4616609529671997, 0.5500515794311107, 0.3611557151970642, 0.7758783733623253, 0.6196937856053458, 0.5389946269372571], [0.21377422572756444, 0.7088720540084456, 0.46664524854829165, 0.3266369115274468, 0.0033907020721650506, 0.5679737867400447, 0.8388290443874972, 0.6627553392063631, 0.7060879715012305, 0.4398719051184703, 0.29142940709337983, 0.2861396751254671, 0.9644136587125464, 0.3318218177759735, 0.6347784722866133, 0.7729914520260239, 0.43985968722563545, 0.06182438506706295, 0.6112803777994673, 0.957873773686235, 0.8766842900051118, 0.6144656666999735, 0.4721399839722191, 0.8950233769504521, 0.12304606621764382, 0.7424831901051755, 0.582985713491248, 0.6988292354108796, 0.7122143550030077, 0.35494184435469356, 0.1519024410025594, 0.8659623937254158, 0.5744029388175004, 0.10453096887366725, 0.8106620863572461, 0.5433962341524979, 0.2969568604936841, 0.8926028845294193, 0.5030410800766059, 0.807442981506205, 0.355562350591613, 0.49710044326916547, 0.5876274344570608, 0.7183525173135326, 0.8377498441607882, 0.5711896956209314, 0.40548632242243055, 0.5139079535255159, 0.4234460587480976, 0.6142813526116788, 0.6110228915639399, 0.6148425136518059, 0.6672098989897971, 0.38652699428797194, 0.9065182175454782]], "feval_count": [550, 550], "n_trials_instructed": [550, 550], "passing": [true, true], "completed": true, "points": 1.0, "winner": "bobyqa_default", "loser": "hyperopt_tpe"}