{"n_dim": 55, "n_trials": 210, "objective": "markowitz_return_on_cube", "white": "bobyqa_default", "black": "hyperopt_rand", "traceback": ["passing", "passing"], "best_val": [457.0350550606633, 513.9575689473515], "best_x": [[0.23263190030342412, 0.50715314634436, 0.5056596690371459, 0.5549760696573784, 0.4995557653438175, 0.617414966212285, 0.592154073727924, 0.4851570934475011, 0.3754317559760318, 0.5134323770254922, 0.44357616082983503, 0.6959559761014776, 0.5363936261667221, 0.5245857598258039, 0.4692858849109014, 0.5233990061143912, 0.5633896910937488, 0.41057927372951925, 0.5092036707083231, 0.34033856521494826, 0.4534426365597293, 0.3820905920566428, 0.3547425315210181, 0.4981667476482378, 0.5060236638700968, 0.11314410064326706, 0.5750828922865344, 0.5269284027103586, 0.4141415575834257, 0.40055618679912974, 0.5093175708956881, 0.5906168683395787, 0.40787682129521824, 0.5921083515762557, 0.47948602983114846, 0.4998079611982431, 0.5019549390167044, 0.5662107693046603, 0.5030649618137769, 0.32366546021811127, 0.5985352414556769, 0.5359171348127677, 0.36471892308186976, 0.6293161494082375, 0.4403972285005668, 0.5278367349884774, 0.5242798724526038, 0.432017808296794, 0.5860263285883496, 0.5046974216786116, 0.5430337508960261, 0.5459829931061828, 0.4999552449327764, 0.4695025893652699, 0.09188024404008201], [0.3785014748081223, 0.3790818676648812, 0.6623222302312248, 0.39440585965996716, 0.898498124581057, 0.8442710649740531, 0.8489363219383734, 0.3710658117195693, 0.30713385524451836, 0.28846432423112056, 0.5840288785866725, 0.7288158482288849, 0.9986393510373086, 0.5538665458293897, 0.5150239165449249, 0.8151927239754229, 0.9949938635184814, 0.6988751720988755, 0.47924181315607683, 0.1376964771238609, 0.4334975757640717, 0.5133045538122208, 0.6747590850813437, 0.7664432642494295, 0.9648570592425325, 0.699702032638438, 0.2359098493514699, 0.008251080174636494, 0.6668001213001611, 0.5437727105486795, 0.42224508766587443, 0.7550764063478328, 0.598502865622298, 0.5169377205022021, 0.5342141142375443, 0.8844522371631673, 0.644074889966517, 0.604641395572729, 0.5514298633466118, 0.051404106643030106, 0.8417413063330189, 0.3544716110019369, 0.7725885668715831, 0.9889112104932035, 0.45448404390073366, 0.29478587225093383, 0.765715800950323, 0.5336946235795195, 0.6548526109615163, 0.20356921710073123, 0.7929115560539407, 0.744103233190223, 0.780809124295019, 0.19262117190705086, 0.34570467250885806]], "feval_count": [210, 210], "n_trials_instructed": [210, 210], "passing": [true, true], "completed": true, "points": 1.0, "winner": "bobyqa_default", "loser": "hyperopt_rand"}