{"n_dim": 55, "n_trials": 340, "objective": "markowitz_return_on_cube", "white": "bobyqa_noise", "black": "optuna_tpe", "traceback": ["passing", "passing"], "best_val": [491.30495770032184, 563.0026946943632], "best_x": [[0.49254741486546266, 0.20196229627831763, 0.6103906911578033, 0.3727305949606667, 0.35392720962625096, 0.6229877077452344, 0.7202058550596346, 0.683800568857029, 0.5059784851373194, 0.49561703861035483, 0.6855752351295018, 0.7240994182388392, 0.3823027329594576, 0.37625338311405204, 0.4162570947790773, 0.28526186839201806, 0.6521668203047866, 0.8218506180897016, 0.5756603113419022, 0.4356633146186963, 0.28126117281840207, 0.5944048565346749, 0.5940863154915546, 0.1672485970127538, 0.5239294689376157, 0.10980465674924515, 0.4504611537320589, 0.0, 0.417543576581724, 0.11777196029689845, 0.5412204017361458, 0.6283309913963546, 0.4440912684558552, 0.9293111273775017, 0.711505460079018, 0.45209134263998046, 0.3412229091159327, 0.7939529646965465, 0.5755149171655536, 0.5195623237252112, 0.39755162568567354, 0.585804029246379, 0.34688306494514554, 0.7816732144694934, 0.7353030356843342, 0.3798559112689962, 0.7274280440510309, 0.4011471264875177, 0.6954874300533405, 0.7028018222954792, 0.3616008248566811, 0.5333258252957308, 0.23131430478204704, 0.5113390375317549, 0.5782206755793647], [0.5128758401448735, 0.3522702657210611, 0.4701569257251907, 0.21970721430013013, 0.7188713281459002, 0.8160893250139063, 0.9991640485450999, 0.9199181525449172, 0.8540949351133977, 0.20563152284745423, 0.44689085996088995, 0.3148168136934007, 0.49957620383088075, 0.5630392101466891, 0.612480966013096, 0.11730342484140617, 0.21097993198831635, 0.7622292355952395, 0.6203526497009834, 0.4359065567591201, 0.22611607594594324, 0.21173728875926173, 0.9721358022284712, 0.0004473145792869669, 0.4914951165072322, 0.5097683601923917, 0.6529722244639938, 0.07349308960112574, 0.8538471741368645, 0.46642705984096966, 0.44366688277783994, 0.48802772318885457, 0.3212503367642023, 0.9776936083063715, 0.8809316451383385, 0.11511827850854547, 0.8276957937067256, 0.9252853047660214, 0.8248182385556898, 0.6537187014414504, 0.2796786378814093, 0.6413544086483481, 0.6058001205336923, 0.9986192506146181, 0.9800868545820696, 0.11639295116554434, 0.2548002536688621, 0.5296738003206586, 0.5877451323380638, 0.8438588692919833, 0.4171747741191711, 0.2914141631887389, 0.28028634300229827, 0.8034310966240715, 0.630635670655986]], "feval_count": [340, 340], "n_trials_instructed": [340, 340], "passing": [true, true], "completed": true, "points": 1.0, "winner": "bobyqa_noise", "loser": "optuna_tpe"}