{"n_dim": 55, "n_trials": 550, "objective": "markowitz_return_on_cube", "white": "bobyqa_noise", "black": "hyperopt_tpe", "traceback": ["passing", "passing"], "best_val": [343.1815438820383, 422.29258314387204], "best_x": [[0.1530393817717575, 0.6109638339931603, 0.3729363344748372, 0.04924218155273234, 0.593488621310312, 0.5324851505140777, 0.6578263854328714, 0.5279097084357222, 0.6966695414063971, 0.7711054383283859, 0.4660117194790006, 0.5133916873627276, 0.2780707096773148, 0.22739271474456213, 0.7306755027468851, 0.5457836793873881, 0.5737264222592624, 0.20120869992028773, 0.5590357772530535, 0.5748890126092422, 0.0, 0.3670204121981465, 0.26777233812016776, 0.39686328760823664, 0.3899375393811289, 0.5797227813543097, 0.376687381324252, 0.19895782372805842, 0.0388718107954908, 0.3007442457287556, 0.4645978699600951, 0.4962510487510008, 0.3086267205947354, 0.512202216106246, 0.6101873645968428, 0.430988172653271, 0.8150205720415313, 0.5484743976864526, 0.2735601380834679, 0.6602126217824332, 0.4189376345628388, 0.21611633184770754, 0.3562808810601563, 0.5036106016009927, 0.7673728860226714, 0.5781190961464632, 0.5642301924753627, 0.0, 0.31412617397881654, 0.5130522688252654, 0.693539448841254, 0.48530778830522353, 0.44202517883735276, 0.7774416952529568, 0.6900774544414511], [0.6136972633247826, 0.5362876324246766, 0.8520731458087483, 0.3006337521039935, 0.8598753320655729, 0.14140511114051157, 0.63144335220568, 0.6813861803927911, 0.7329488433592385, 0.6746328473555931, 0.8115765553371779, 0.8427980165385907, 0.1737557173107599, 0.4508144344107207, 0.9806792770002695, 0.96994597803786, 0.5606336135086806, 0.5944311407876516, 0.11559679103347675, 0.5607092211445618, 0.34613727036592373, 0.3064900569197095, 0.646479801348988, 0.525602452016294, 0.5046963462873041, 0.9306731410553186, 0.6357629739295759, 0.8800873581861608, 0.0005562636708438193, 0.5549189556432109, 0.5878332556003963, 0.22921936164897955, 0.20788481587694646, 0.519534054862501, 0.9591910423762384, 0.662102131099684, 0.823309640282512, 0.7967142009863759, 0.09023546487000357, 0.5568613449347344, 0.2898635499075591, 0.6199525771875042, 0.3921631575766748, 0.7278232529728019, 0.6596000801020384, 0.5516828372082316, 0.8544634302568214, 0.0008595555640239227, 0.3666730626140573, 0.3203076995726534, 0.4984580127773668, 0.4495109331830255, 0.5780490446126002, 0.7667152511873936, 0.4969637642420437]], "feval_count": [550, 550], "n_trials_instructed": [550, 550], "passing": [true, true], "completed": true, "points": 1.0, "winner": "bobyqa_noise", "loser": "hyperopt_tpe"}