{"n_dim": 55, "n_trials": 130, "objective": "markowitz_return_on_cube", "white": "bobyqa_default", "black": "platypus_omopso", "traceback": ["passing", "passing"], "best_val": [492.6748422040663, 591.554408481493], "best_x": [[0.5088404126972209, 0.5231957839002677, 0.0, 0.32367273906773036, 0.28115865468284673, 0.5104075243112611, 0.5725955271817968, 0.5012232226832565, 0.5021225766117339, 0.47096795208225833, 0.48807500501134443, 0.24641587671429319, 0.4992252288131705, 0.505856848371093, 0.5043130006778446, 0.5021657647929915, 0.5073073737437905, 0.49962879274157423, 0.5170464364400996, 0.49523558504149656, 0.5039797728884606, 0.4911464181945987, 0.49996697207812185, 0.4967113089439145, 0.5047541187737974, 0.5034386536037052, 0.49542961212689507, 0.5075360542622775, 0.5033080019654679, 0.5017920679390298, 0.49306661102861515, 0.49908417169130825, 0.49846436982434883, 0.4632949269801179, 0.4541996638711441, 0.5047420662261985, 0.4935068552408422, 0.4732422996548897, 0.4967467229206243, 0.4963701334590395, 0.45832889288940676, 0.35435675476289547, 0.5047879696195261, 0.4999034088001815, 0.4972664374703379, 0.500162287680788, 0.5417695513233941, 0.5032386522187623, 0.5136602242802617, 0.5020182792774814, 0.49388393975711836, 0.5076159471998797, 0.49412037394143415, 0.49689141397493575, 0.5121544887007741], [0.4555815728470598, 0.2327977469032676, 0.35193198891575805, 0.616509343224725, 0.5824664780714918, 0.9110828543548416, 0.8781728329304501, 0.9876873562876421, 0.1621352661730956, 0.599013695735064, 0.31794183665735065, 0.9098393324733147, 0.6869710362669466, 0.5048680604950632, 0.4606021887546531, 0.4307365646554505, 0.4509179760530899, 0.10154878816869572, 0.11682811284968309, 0.3733292089190857, 0.8586769583724396, 0.2858550189567237, 0.969328544898035, 0.01587410986209903, 0.5902107822125704, 0.41042876688784424, 0.8454437527584028, 0.681859562556281, 0.8988778033870015, 0.9376841501524399, 0.6456328153439846, 0.9718473345196658, 0.600539383457861, 0.26994574634538415, 0.7309422820407084, 0.21822002118105266, 0.47862508398031633, 0.09256403491015663, 0.3068751781246165, 0.520980413746553, 0.5120168169746736, 0.5485627033752001, 0.8060249677083221, 0.5902258160632499, 0.2022708305965366, 0.8994981757245005, 0.5667485972625167, 0.458388901505811, 0.7333121200178324, 0.5499782274596293, 0.5339102756833398, 0.43675916035912865, 0.5855402554309532, 0.8402584143860118, 0.9028459621458842]], "feval_count": [130, 100], "n_trials_instructed": [130, 93], "passing": [true, true], "completed": true, "points": 1.0, "winner": "bobyqa_default", "loser": "platypus_omopso"}