{"n_dim": 55, "n_trials": 550, "objective": "markowitz_return_on_cube", "white": "hyperopt_rand", "black": "pymoo_nsga3", "traceback": ["passing", "passing"], "best_val": [462.66155796232647, 474.6384927195081], "best_x": [[0.17477912017320052, 0.3982571024634005, 0.24655315784693466, 0.7112707622991447, 0.8573539300228931, 0.9276324230300967, 0.32713959894422684, 0.44410614055774444, 0.6839708917874507, 0.46344018818948446, 0.5249849428727851, 0.6795302888516789, 0.6478509082536626, 0.33439937748369253, 0.43914088767065707, 0.796905204475655, 0.37266949786545517, 0.76335033152667, 0.5198663120412556, 0.5903651972134679, 0.8336562978646037, 0.6816014254515391, 0.8436233773775084, 0.8609996028237411, 0.2643410650338015, 0.15117256011348001, 0.8196296749424884, 0.4100620620426468, 0.35151245615972737, 0.6560709268433738, 0.5690267235135699, 0.396941733376566, 0.48176087515412974, 0.6150525910130978, 0.34100793522492473, 0.744040332127821, 0.21922602666855692, 0.867714067734316, 0.24257969542070276, 0.23696920263142193, 0.5848542242226206, 0.21452279069346558, 0.6554279808948882, 0.3882434583596827, 0.25359525053447907, 0.3140927753488525, 0.830889883181221, 0.5249409790650316, 0.9083096177495803, 0.6359626119376378, 0.4036145320393396, 0.40807432376452263, 0.35840393068413584, 0.729578295762395, 0.6335526714661351], [0.5728166640064545, 0.7028038599694736, 0.5495603717127762, 0.6892847005085979, 0.7655020441333531, 0.7676728564487312, 0.6558863021532882, 0.5115725372275398, 0.7368055978859271, 0.6912445448277884, 0.43258124852925584, 0.9061028257168157, 0.27365699743106897, 0.7224820498603958, 0.7293095392803662, 0.7932353702808588, 0.2494242669558332, 0.3499478453928305, 0.2159056781202645, 0.5836546079706909, 0.4293198449075517, 0.7945139325228114, 0.34319006352684855, 0.6871349208625459, 0.5652203167573131, 0.852626981447769, 0.5917681464552017, 0.6352341056609128, 0.7966366474320031, 0.6719794079581103, 0.6224924225136645, 0.7300089620669429, 0.8115613960592456, 0.4356477786657843, 0.9110847707350832, 0.3731116055623831, 0.7596348463447467, 0.6191647458649594, 0.21475202379870073, 0.45167334056264263, 0.8757107707252502, 0.610209127654028, 0.18002878866545757, 0.8123801408022375, 0.16072638239091686, 0.27554275969246456, 0.7722476180993724, 0.6381037789435157, 0.8194296553546508, 0.5413509035311355, 0.8746268752494838, 0.5357890226006141, 0.42890638889670507, 0.7469006568597997, 0.830082903483928]], "feval_count": [550, 550], "n_trials_instructed": [550, 550], "passing": [true, true], "completed": true, "points": 1.0, "winner": "hyperopt_rand", "loser": "pymoo_nsga3"}