{"n_dim": 55, "n_trials": 210, "objective": "markowitz_return_on_cube", "white": "hyperopt_rand", "black": "bobyqa_noise", "traceback": ["passing", "passing"], "best_val": [490.2260922559138, 401.4724258022844], "best_x": [[0.557788237786348, 0.5044503341283639, 0.35977976111276955, 0.6547814567259465, 0.7765303990907589, 0.5283837885136216, 0.2919349503586381, 0.46665742352974493, 0.7165852087788451, 0.5408007727597067, 0.26864370690288003, 0.3907670911991111, 0.34810348989692813, 0.999881453060327, 0.9450465505260388, 0.353256229107147, 0.3043573025519079, 0.9022282625604778, 0.39854710509285135, 0.5126925628792397, 0.714168135396882, 0.5482331392036168, 0.905410314908555, 0.6539683538668473, 0.4836796356839134, 0.5570365249651245, 0.7044797300519365, 0.7854162053643617, 0.9316230810043145, 0.49639844955620593, 0.6137755625051415, 0.891808681458735, 0.4861110871815773, 0.5018892141201761, 0.23221336003344153, 0.539166983138861, 0.5963648151556803, 0.8192545471343877, 0.3080191525115393, 0.7733028288328532, 0.42074763459669245, 0.37241068579796155, 0.2713720514741386, 0.4874937633625024, 0.7855100291661142, 0.3067352178685476, 0.6087238848863163, 0.09951700727588247, 0.40491663976948267, 0.5735180966268744, 0.9781700456721226, 0.5522734402756981, 0.9170589792793578, 0.5517034173706696, 0.39357523970989555], [0.3061013201220486, 0.4805140520976371, 0.4775256134409272, 0.46413152475857244, 0.5835521891883932, 0.5771494413436017, 0.0023694896264503354, 0.49026043331518326, 0.36946235636311103, 0.4897180700362542, 0.45742435957593613, 0.5166889723854807, 0.41703026594875847, 0.4950768166348592, 0.5149199018725681, 0.45656505593262664, 0.638779964137222, 0.5815802826206404, 0.3562572845802429, 0.6276848189240116, 0.5225877545393324, 0.40194762828679925, 0.666454189630595, 0.4199487511146267, 0.21507800583649236, 0.5259975948261671, 0.4509111350492201, 0.3325509906620097, 0.365003434105459, 0.5275876208443092, 0.5177384842722672, 0.5217001824637174, 0.5134935120546846, 0.5152508310452719, 0.6055791587771017, 0.5077364428765132, 0.4399417787674679, 0.5813490009994683, 0.40084826242590366, 0.5404737946409658, 0.4651907488003479, 0.22505705511423105, 0.3508681088863191, 0.5812869299480528, 0.19870197189053318, 0.3408749131198003, 0.49106695466076034, 0.4893900896634873, 0.47380194135802756, 0.42673945102373256, 0.48492564884537365, 0.4899798488247992, 0.22406390703058035, 0.3796125231188166, 0.527570630795184]], "feval_count": [210, 210], "n_trials_instructed": [210, 210], "passing": [true, true], "completed": true, "points": 0.0, "winner": "bobyqa_noise_cube", "loser": "hyperopt_rand_cube"}