{"n_dim": 55, "n_trials": 550, "objective": "deap_combo1_on_cube", "white": "hyperopt_atpe", "black": "scipy_slsqp", "traceback": ["passing", "passing"], "best_val": [167.12759236852045, 4.950541443743796], "best_x": [[0.3926138041463799, 0.4992669611316351, 0.4056028505240317, 0.5775009438703431, 0.44189503955436005, 0.6498385944384953, 0.5739910274077202, 0.24296150659979202, 0.40893015969091634, 0.543163716221533, 0.4087728249277961, 0.3576546899010871, 0.6199181625962781, 0.46302809633217507, 0.6482339522179263, 0.47420914323059205, 0.5658608863708032, 0.6726314690618334, 0.35662553265417885, 0.6800617069296879, 0.44039114124682244, 0.6120457722404027, 0.7776526836155955, 0.4234582992887635, 0.7098777000489426, 0.7130209813495467, 0.6435249578847684, 0.3815234368065016, 0.6369922590186302, 0.5543099809320889, 0.2518424340750652, 0.7236981865387351, 0.4627944520852863, 0.2729811765522837, 0.47241559727987426, 0.4291387475235492, 0.2743947089541209, 0.47169231575435044, 0.43288357306169534, 0.31620409781777276, 0.5279581913601812, 0.497698935037901, 0.10308864698717082, 0.592585933448108, 0.6923705822936469, 0.22116253701406027, 0.6105745306618728, 0.44159686927934755, 0.47473207280398766, 0.46817120771051063, 0.6457164762286002, 0.5943769686837798, 0.7640745327096304, 0.11098184927078361, 0.3058491736616122], [0.5246886614478402, 0.5254869232644664, 0.5248166324189691, 0.5275337352282194, 0.5249040352560167, 0.5267392259574195, 0.5260190697229675, 0.5241529608039784, 0.5272878085416497, 0.5265433029901639, 0.527136233723382, 0.5263280651806947, 0.5257203076722354, 0.5259632302124809, 0.5256003554845756, 0.5268727585563099, 0.5272028232085529, 0.5267204058090507, 0.5255005591313777, 0.5265961564605036, 0.5255961634214901, 0.5251467141278496, 0.524859213755262, 0.5252991564516744, 0.5256405377787615, 0.5251524560824047, 0.5269423530228478, 0.5260444446668598, 0.5243341961007508, 0.5252322841611019, 0.526494911420625, 0.5263667661931872, 0.5258917483816731, 0.5242363340322149, 0.5257797890919639, 0.5285709698207818, 0.526183376899413, 0.5249226574942613, 0.5249885923210629, 0.5264098952396309, 0.5247810172354661, 0.5259949398026941, 0.524899055958373, 0.5271319300095623, 0.5257046903695907, 0.5256781750003946, 0.5255335776662419, 0.5256553934971853, 0.5250234727609339, 0.5257871524984312, 0.5261989292752797, 0.5265209907636899, 0.5249410378264464, 0.5263572352834426, 0.5233640073195294]], "feval_count": [550, 1662], "n_trials_instructed": [550, 174], "passing": [true, true], "completed": false, "winner": "incomplete", "points": null}