{"n_dim": 55, "n_trials": 130, "objective": "markowitz_return_on_cube", "white": "hyperopt_atpe", "black": "hyperopt_rand", "traceback": ["passing", "passing"], "best_val": [699.1254861893291, 687.9256462019415], "best_x": [[0.8014214727003379, 0.9589932555738411, 0.4643384235182698, 0.5836786397750942, 0.10509590458832622, 0.8901609671911126, 0.6591148586607891, 0.27464723657668444, 0.681455612594553, 0.5047563230238391, 0.8334866525008492, 0.5708941592325892, 0.1214661751080113, 0.4046838668812397, 0.48714181272621443, 0.6115095720793902, 0.8565486900429532, 0.23031429948974613, 0.5129838605836181, 0.502504015854585, 0.7236137814678707, 0.4204695862190786, 0.8258282219875156, 0.5555710629089111, 0.9164804665022284, 0.8010637982813893, 0.2699730146093989, 0.5027838180548727, 0.7420803571132514, 0.5710341793916737, 0.4642959389727539, 0.08814899727873687, 0.949821231560081, 0.32905183035606045, 0.36785855470987566, 0.41865419623193667, 0.44275440391527565, 0.41112937609137334, 0.773419867170834, 0.5483372360878117, 0.7595261861606499, 0.1834265662277645, 0.6486025721481771, 0.7393576082417368, 0.9496707582768099, 0.09573682337661416, 0.07696938465379874, 0.36023937861475963, 0.8372665085762052, 0.7080235148796369, 0.04877443613189547, 0.47886346643112543, 0.6997637001694758, 0.8531358904551382, 0.5576815122779171], [0.8497140292911418, 0.7210896929354375, 0.8885583842820693, 0.8683923878678668, 0.6045520664369882, 0.856272279648001, 0.7815660655825304, 0.840580034368364, 0.2944511931676072, 0.741750551142248, 0.7075160482026228, 0.3116565341848827, 0.5620435647964932, 0.6220748975276656, 0.7223682007831825, 0.40237181165130637, 0.9197514426660115, 0.2181689322015204, 0.24267260379044137, 0.6623493976491944, 0.7897649295799704, 0.9446079537751236, 0.06535080885461103, 0.33695762092859216, 0.5751236435187145, 0.1327901905373023, 0.9802321291454392, 0.46334582152104165, 0.8337275599363878, 0.38523997129584336, 0.9380741178734995, 0.532601718572023, 0.971212471093706, 0.9258806030549062, 0.916047099448242, 0.7592926238366644, 0.631841501221827, 0.3612808897159252, 0.4135773779348575, 0.7307338314140035, 0.7375441631315948, 0.04757615024425671, 0.3778545083199646, 0.5244318700350258, 0.48864830002554854, 0.5248214309829438, 0.1091956577301926, 0.46180150532481323, 0.09531327239629406, 0.4756492789998019, 0.6778168619673324, 0.09599468268092909, 0.8536665660680496, 0.9239487734814403, 0.6748215709479667]], "feval_count": [130, 130], "n_trials_instructed": [130, 130], "passing": [true, true], "completed": true, "points": 0.0, "winner": "hyperopt_rand_cube", "loser": "hyperopt_atpe_cube"}