{"n_dim": 55, "n_trials": 340, "objective": "markowitz_return_on_cube", "white": "hyperopt_rand", "black": "hyperopt_atpe", "traceback": ["passing", "passing"], "best_val": [586.2531874244643, 577.3543256950358], "best_x": [[0.4556129594714464, 0.30739107498006035, 0.21501720609064712, 0.640799383709576, 0.8206290675504417, 0.3962156856651395, 0.45397332230739396, 0.6740051445872959, 0.24984615211776956, 0.7515842912416946, 0.6656602509721747, 0.79274030983125, 0.40997779219359837, 0.4577611521922868, 0.42997657050911386, 0.9084367888354988, 0.6206239503334302, 0.19320639060348763, 0.4469476233133675, 0.7946927634659282, 0.797055824264192, 0.4022414303708469, 0.5363638890487853, 0.7147305327777742, 0.3864333923570633, 0.7747919326893232, 0.1427382841751778, 0.847882013554387, 0.4749725640723145, 0.2706048813432844, 0.9997722527560585, 0.3927613036334282, 0.24581553171594772, 0.8810994883142157, 0.698302270787503, 0.7522320613523291, 0.2563160582163894, 0.6307066240739592, 0.5427071982280834, 0.9819516410933933, 0.0002631237607507442, 0.3630902326940968, 0.4948478928346327, 0.4991061232119059, 0.6221731931532373, 0.14524161660444665, 0.7933632185196361, 0.1341780896432797, 0.8536048711333784, 0.8389224732198434, 0.4601070966209911, 0.6515083648911142, 0.735232434680155, 0.9998303655742518, 0.48692994882848073], [0.9162244302837992, 0.2609845756784968, 0.0016751351770472986, 0.9342291111536755, 0.9575694243397586, 0.8318169684588835, 0.06588680820304005, 0.9000778616059637, 0.4178334297090932, 0.08349159822423614, 0.519837128747962, 0.9016762413206268, 0.7437745630645598, 0.8289767599811189, 0.8207928318900917, 0.42180116846582705, 0.769143946663076, 0.9504684508936653, 0.7642497366191517, 0.9011508320212744, 0.2750114419924015, 0.8587596992235794, 0.6652344593576363, 0.6154477609283253, 0.8806308707166854, 0.8807275141538123, 0.6375798981761671, 0.7633710528956393, 0.9242495324710349, 0.3772477556214767, 0.17061901109497382, 0.6491028298936035, 0.7140778480879904, 0.8467511017971909, 0.9261519377912943, 0.11897028961704528, 0.6982325343616754, 0.4124255985932953, 0.6938840645190834, 0.9617995782885806, 0.3404953425704851, 0.3762071654544871, 0.8696103302961063, 0.5459973563500299, 0.876638170509018, 0.9399960493305566, 0.8318545095208759, 0.00017881565348373818, 0.7737507145005186, 0.867983232372854, 0.9277333644896508, 0.4075319102240005, 0.7637830128923904, 0.6886214816371351, 0.23053252258163304]], "feval_count": [340, 340], "n_trials_instructed": [340, 340], "passing": [true, true], "completed": true, "points": 0.0, "winner": "hyperopt_atpe_cube", "loser": "hyperopt_rand_cube"}