{"n_dim": 55, "n_trials": 210, "objective": "markowitz_return_on_cube", "white": "hyperopt_rand", "black": "hyperopt_atpe", "traceback": ["passing", "passing"], "best_val": [681.7205897697751, 663.388581463311], "best_x": [[0.8644255557971467, 0.9651076090387088, 0.17786841011973314, 0.4295768266147432, 0.8408458291542737, 0.3285245341368254, 0.8495937130219079, 0.938224282925471, 0.4719217279578267, 0.0973428511340692, 0.6414881161249428, 0.5817088244898374, 0.1028722174429938, 0.6791529128036875, 0.1665134040341305, 0.26427728251279803, 0.8679037113523159, 0.4649121388377743, 0.7955756757839267, 0.1492238994302093, 0.5456766595778346, 0.40252691754538433, 0.17958310232874108, 0.15361217645928432, 0.4911280196182794, 0.7098788889507122, 0.3722602767152408, 0.5736229719648488, 0.2039734473676955, 0.9207910889577928, 0.7512128127034836, 0.3748244517190706, 0.42008204970171203, 0.9481900800691321, 0.6901296876199124, 0.2683163872487659, 0.6235127411465231, 0.6484661385031133, 0.7457347792225821, 0.9834132665842279, 0.880662819755279, 0.7611182270205004, 0.24807487313891, 0.9770790536470133, 0.9027592583322328, 0.5603523130038718, 0.8004313344955509, 0.6399728807333461, 0.9539204867997981, 0.5963835570362555, 0.6753894145385873, 0.4159909661193321, 0.35371061523409864, 0.6852746741262788, 0.4308831118923781], [0.7630072074357577, 0.24914823767314387, 0.5754263280965695, 0.8792561824450831, 0.8616818066300891, 0.6840716146604608, 0.10458259682131776, 0.42810885687977474, 0.5622077326313635, 0.08672470031575191, 0.8638807292760686, 0.716894003222343, 0.5915630068413809, 0.5840318192250499, 0.21178070788809678, 0.7029180303124553, 0.7147635807802699, 0.5947095259948113, 0.6207760426285643, 0.4638266897431884, 0.5409327598095709, 0.775275364145801, 0.09939201041991813, 0.4208676309019018, 0.272689694220959, 0.25820349797146225, 0.6002815960650824, 0.9138633897357009, 0.33503625969700473, 0.6068817379544185, 0.8884167096740859, 0.730390107595115, 0.9008045496291064, 0.25062783163405256, 0.3548920479293629, 0.677790871120926, 0.6539564954740851, 0.574467682678793, 0.2550319065053309, 0.790266226895668, 0.6088737011704134, 0.48467725433352, 0.7099643284276769, 0.6732390740698642, 0.620342168714881, 0.8171141722459339, 0.4659129732668225, 0.7155858162772348, 0.5504371789625856, 0.20776054632348595, 0.7114807123859106, 0.5203068888091508, 0.015422840232961438, 0.7263003873076667, 0.6704812068271172]], "feval_count": [210, 210], "n_trials_instructed": [210, 210], "passing": [true, true], "completed": true, "points": 0.0, "winner": "hyperopt_atpe_cube", "loser": "hyperopt_rand_cube"}