{"n_dim": 55, "n_trials": 340, "objective": "markowitz_return_on_cube", "white": "hyperopt_atpe", "black": "optuna_random_clone_2", "traceback": ["passing", "passing"], "best_val": [575.2628395428652, 622.134214780808], "best_x": [[0.5487890648842204, 0.4247594603614829, 0.637637593514401, 0.7108895150708554, 0.20593088975506663, 0.7045316596870131, 0.4020641790621309, 0.10256074060884968, 0.6826510098870624, 0.651608898770794, 0.5229440183942687, 0.5263803072519401, 0.3095085289076125, 0.5358663555882047, 0.26926588595917533, 0.47498039221882715, 0.07340461080072945, 0.8130992221680047, 0.7648983190566813, 0.643669557574144, 0.440103404835573, 0.45096268149713936, 0.048242161849622635, 0.5127100309333562, 0.452489258478307, 0.49784281415881143, 0.782711442131773, 0.4763279134985609, 0.7298474177425889, 0.5773107344203878, 0.7296256365647642, 0.4904127385992748, 0.49516866578529306, 0.49931815151307396, 0.7471700875090536, 0.31820981826292283, 0.8246023921936947, 0.3581850891110791, 0.7347643092652824, 0.9150567896459137, 0.0396384184222654, 0.6194492389424774, 0.3148418687649378, 0.5327268667199123, 0.4003467128003494, 0.10143764105813063, 0.1688728678243731, 0.2038224685740776, 0.48422037192675804, 0.623648928804931, 0.8823443338264878, 0.7360599157693816, 0.5849411984363211, 0.9553682389816741, 0.735607578267619], [0.8965121423199429, 0.4012915716564822, 0.4558990667182776, 0.8865177381613946, 0.722412394027588, 0.9168887961524059, 0.4027064285971622, 0.7371154593556731, 0.2070204398524509, 0.3332251363467559, 0.7597993924602698, 0.42840231163934495, 0.9975461762798771, 0.6759846357623654, 0.42672494184059784, 0.10491437119937819, 0.8170890741485585, 0.6844296314646378, 0.9004573354450123, 0.827180640242533, 0.6976618108745792, 0.5831206776374094, 0.6488044527640466, 0.770167021235843, 0.8008272050779972, 0.6014661492116141, 0.2570006967877878, 0.7073456876552147, 0.374911310111397, 0.1385660771931001, 0.6595397240613072, 0.60529857708269, 0.8935579295054354, 0.805331629380903, 0.5846453306905259, 0.5254881459708807, 0.5857153309896398, 0.41272898292779814, 0.6219433571948841, 0.3338424344279721, 0.23850393336798292, 0.5765508250483614, 0.4408826280037619, 0.8350038112435689, 0.9466634768323403, 0.3731242751447106, 0.27924516558169166, 0.14057319605944174, 0.7797798953977157, 0.2875369774087966, 0.1034536527278288, 0.7876188725927439, 0.8084390637777803, 0.8352623815388005, 0.19208091550109618]], "feval_count": [340, 340], "n_trials_instructed": [340, 340], "passing": [true, true], "completed": true, "points": 1.0, "winner": "hyperopt_atpe", "loser": "optuna_random_clone_2"}