{"n_dim": 55, "n_trials": 340, "objective": "markowitz_analytic_on_cube", "white": "hyperopt_rand", "black": "scipy_lbfgsb", "traceback": ["passing", "passing"], "best_val": [17.35529608854448, 1.0087119254715022], "best_x": [[0.4173458833320959, 0.06984281599961928, 0.25139081685094467, 0.4286537326517493, 0.6681053377994475, 0.006585055819705945, 0.46557230456924925, 0.17327739774823772, 0.3257201023427515, 0.008148248006310671, 0.3608979338628593, 0.15022310316414922, 0.05597500815160209, 0.03004198081686485, 0.33583621733127805, 0.017849902707968157, 0.252027848581038, 0.2281568115545819, 0.6032809468480141, 0.26160206606164266, 0.7810760400791036, 0.5405596773645763, 0.1446355740542879, 0.25610908878953353, 0.4808726748778098, 0.30168118065741406, 0.4266728052294957, 0.9049071789890967, 0.325171949858021, 0.24757793153615132, 0.2303506865494293, 0.6598075496141798, 0.08916884698450925, 0.43928565055181634, 0.011800382688656463, 0.627624015094226, 0.19021874399047636, 0.016626402199612665, 0.8210664199427641, 0.3664303753860126, 0.4119328555609838, 0.5436146041317884, 0.07598645024116389, 0.18652070935056786, 0.017913003976698955, 0.13770890042608885, 0.3900131141176211, 0.14163034919666287, 0.33768577655528575, 0.02237234570927954, 0.37490677505254305, 0.9608809950519733, 0.9060502154999031, 0.8291278026164745, 0.5609771898360947], [0.0, 6.036147845208686e-11, 2.925039306094351e-11, 3.888160437237795e-09, 3.96623296675e-09, 9.055777597323466e-11, 0.0, 3.2173783164397e-11, 3.946354114356216e-09, 3.884322672253274e-09, 3.937327293761139e-09, 3.982303237478402e-09, 3.951840551287037e-09, 8.888975158972136e-11, 3.946369696130514e-09, 3.834703982315757e-09, 6.822377208456667e-11, 4.008571125874693e-09, 0.0, 7.55741613502381e-11, 3.94920195636703e-09, 2.3846044518043396e-11, 1.5470650214198262e-09, 3.922548862698786e-09, 0.0, 3.9569344721267e-09, 0.0, 0.0, 3.6313609595924774e-09, 3.936522699556584e-09, 3.915813339476608e-09, 7.32572977812498e-11, 6.261190211836324e-11, 5.155276440370628e-11, 3.987005277230186e-09, 2.5248082852288776e-11, 3.8879032775127605e-09, 4.016283358794223e-09, 2.1876642960761124e-11, 3.978180373820985e-09, 3.891639209895367e-09, 0.0, 2.30569510805272e-11, 1.5942442445773173e-11, 0.0, 0.0, 4.61535864841239e-11, 0.0, 3.9620361226243486e-09, 2.324142119921818e-11, 3.786150392455269e-09, 3.898081503546112e-09, 0.0, 3.498642555212236e-09, 3.943088830628099e-09]], "feval_count": [340, 3137], "n_trials_instructed": [340, 107], "passing": [true, true], "completed": false, "winner": "incomplete", "points": null}