{"n_dim": 55, "n_trials": 210, "objective": "markowitz_return_on_cube", "white": "hyperopt_rand", "black": "platypus_spea2", "traceback": ["passing", "passing"], "best_val": [460.5270924605597, 537.0584169198512], "best_x": [[0.1316612172771545, 0.5410761328412615, 0.40043038866237873, 0.9615622483929398, 0.8993017064162228, 0.5762021458025185, 0.378002300178911, 0.7198969083262089, 0.5699772410744811, 0.9794544984538043, 0.6784094147212105, 0.6559619253907805, 0.9031891930507946, 0.6494389052433394, 0.6296578295918213, 0.45397195283026887, 0.6964903709219555, 0.5953932745128768, 0.3025996804812144, 0.7001707363419676, 0.995472065675665, 0.8351959135385505, 0.7430541963531255, 0.48982920608282915, 0.3421306357207924, 0.35126634074884144, 0.4886674605544681, 0.3832581553357719, 0.8344060737593421, 0.750381257091186, 0.424084072193887, 0.8591934944020341, 0.2845248056256634, 0.9539358627766551, 0.5870720220595914, 0.42739603716778823, 0.6014694900314632, 0.4929622313862783, 0.7374037094317192, 0.684921413021026, 0.639086701403513, 0.40155081299663464, 0.6228154366684249, 0.3672294061523094, 0.02918566975261716, 0.260804382496886, 0.587724122298527, 0.6920300863931549, 0.726706762949892, 0.706245117772322, 0.7218331890904635, 0.0017622530176734374, 0.4058101409061448, 0.01693895091718841, 0.766204291465127], [0.49743013875082276, 0.36413317996990735, 0.700937435496007, 0.7295300108808673, 0.7067289890792102, 0.6534980869669978, 0.7184876880647699, 0.950309135946381, 0.6869963520580216, 0.9040791289292882, 0.8890772297934618, 0.3189825198752323, 0.4874317846375912, 0.5556254716631654, 0.6256103348670294, 0.1455263259844286, 0.3062115373929092, 0.920998663929097, 0.5675677462508248, 0.6605861484027439, 0.40928666744817854, 0.3995019173774038, 0.7679407089814199, 0.18646905556343896, 0.014358873003382233, 0.9657740889323464, 0.5352895738240173, 0.28001417112342797, 0.32140769063841856, 0.46622959160187993, 0.888649548419234, 0.679244184901944, 0.35712354299584836, 0.6713921203735496, 0.4041734600146508, 0.5438832013183831, 0.2244404153446179, 0.6076418928759189, 0.250429066687892, 0.6924768228749101, 0.8684258910904181, 0.22283094255174685, 0.03191517412102074, 0.4094244937998466, 0.37486756637226193, 0.3381954668265027, 0.33551213612783104, 0.05508177950223914, 0.04238127912211065, 0.47503676596154387, 0.385118902837003, 0.08367034375704296, 0.024019177788389467, 0.9229953657343216, 0.06822961025568341]], "feval_count": [210, 200], "n_trials_instructed": [210, 178], "passing": [true, true], "completed": true, "points": 1.0, "winner": "hyperopt_rand", "loser": "platypus_spea2"}