{"n_dim": 55, "n_trials": 210, "objective": "markowitz_return_on_cube", "white": "hyperopt_tpe", "black": "hyperopt_rand", "traceback": ["passing", "passing"], "best_val": [567.0946748948846, 581.3002104790311], "best_x": [[0.14529272619019637, 0.9654164489647381, 0.9556500511227325, 0.9140799061217161, 0.772904889902429, 0.27642146631787956, 0.8585511271188292, 0.40251604527673057, 0.09852014296351508, 0.7293624025330273, 0.4209250562891008, 0.19656580695827314, 0.26242866166115253, 0.032805956912471235, 0.3310996723280922, 0.5555442480967555, 0.6446799573987898, 0.7458730149892122, 0.39531404139539744, 0.9999456687160665, 0.5926639337553408, 0.7045829477794738, 0.2091144436831677, 0.7977278409976799, 0.5382581504210581, 0.6128547523733578, 0.991260581495376, 0.9950862756436443, 0.5588375739573042, 0.4671295533827442, 0.49943033865057757, 0.7846696601672083, 0.6487660448284025, 0.7931043754742785, 0.5148168039735497, 0.2779121745407336, 0.6086247630884194, 0.37941560755852277, 0.5410808546952833, 0.8621435530860629, 0.23964507926613204, 0.522140801167715, 0.1376265674699964, 0.70558832765603, 0.5395267520061042, 0.6594490261624607, 0.2526457572546277, 0.4320893544460268, 0.7160084438234022, 0.6425283593830418, 0.6721869672106617, 0.9113694138084812, 0.9595287712834426, 0.2570993803436019, 0.3715200990005468], [0.15047046385087415, 0.30189689404440934, 0.6454365303782477, 0.3664545378524636, 0.7083432888785415, 0.6953435048597643, 0.8837135361019979, 0.4010121115439841, 0.47983184620226726, 0.36447690531787036, 0.300743653834902, 0.0005115074558828814, 0.668468595116138, 0.6293842092230801, 0.42671041915454416, 0.3930985518560781, 0.4139548728782043, 0.47197408341559965, 0.4649752799941655, 0.8938945025508892, 0.5453779868448799, 0.4392898439149153, 0.18163073018115478, 0.5067416949917459, 0.9823429303543822, 0.9982626661754875, 0.7444152490665052, 0.6684646849744433, 0.43675019395185355, 0.7302562146356967, 0.6463198765898996, 0.6122187493456275, 0.7575177815951537, 0.41299532804662664, 0.5623834724065321, 0.4291591862255438, 0.6621123734764566, 0.21276285211010199, 0.5061390247898095, 0.3891712680474599, 0.6846299574993032, 0.9219295276734878, 0.3923974940499414, 0.3789007638043678, 0.20510579191123537, 0.48292821570309796, 0.30935817727873394, 0.4775175611198462, 0.9769758103395008, 0.4894082407088689, 0.862286118406645, 0.9920561334643698, 0.7512448227606459, 0.9206858352732545, 0.5865304707807555]], "feval_count": [210, 210], "n_trials_instructed": [210, 210], "passing": [true, true], "completed": true, "points": 1.0, "winner": "hyperopt_tpe", "loser": "hyperopt_rand"}