{"n_dim": 55, "n_trials": 210, "objective": "markowitz_analytic_on_cube", "white": "hyperopt_rand", "black": "scipy_slsqp", "traceback": ["passing", "passing"], "best_val": [17.950926885382835, -0.08197216027889258], "best_x": [[0.018733545231195768, 0.7972010365518853, 0.7334696530266471, 0.2510531560306061, 0.05173074078490438, 0.00030055606102921684, 0.688288671022299, 0.5620702423509893, 0.13337581626872172, 0.0886350306760104, 0.8137422459417608, 0.4022484111297515, 0.24962360718231302, 0.1263021116195891, 0.1356471995764156, 0.7663180029676001, 0.5471392707726755, 0.6229345006080346, 0.0338423032517318, 0.05421443086912747, 0.9636543622859868, 0.7780894009598678, 0.9185559634836291, 0.6480456350558766, 0.990633635508011, 0.3013059854648191, 0.21257084067832752, 0.5205400017872963, 0.017997948635539288, 0.2633044231144675, 0.12779970046140698, 0.042768899782569765, 0.2401133437044068, 0.9415770905231751, 0.7838264570688668, 0.16259854088127096, 0.006264143104902226, 0.6068836403918709, 0.05158111195815788, 0.33066340671600036, 0.07265925652406235, 0.046238732553465084, 0.3074318444071721, 0.021971222398761536, 0.41534904187779575, 0.2748632281496237, 0.7898801515980519, 0.12497070396242335, 0.05128172544163495, 0.018168981312020074, 0.4382655433232927, 0.10703534071223164, 0.05877352375869485, 0.4659534232417244, 0.29904979271669063], [0.010437748064760513, 0.028379413587803735, 4.994432939609326e-18, 0.014977904018470264, 0.003623657106936543, 0.03139714991271578, 0.01632698031004168, 0.0, 0.030600483987396666, 5.694036091003263e-17, 0.00369156045326372, 0.0, 0.017510141243073037, 0.006347352297971667, 0.0077939183210002, 0.0024926096556945223, 0.016672253373099463, 0.030389818564165096, 0.02229010477402337, 0.029723694141442037, 0.033115649118969255, 0.03764553259394867, 0.03419968439750118, 0.039332986419228756, 0.015759343584515965, 0.03413579928535824, 0.0, 0.0, 0.032129565911400614, 0.03788366655755137, 0.016651460688988023, 0.014030562602024049, 0.0318676887746602, 0.026160254276530414, 4.536839693449834e-18, 0.017227078093020574, 0.001726008866806612, 0.0, 0.032133607152217546, 2.5880432714678258e-18, 0.02190220411604794, 0.01631507683313448, 0.024555450481034122, 0.03368661330873271, 0.03281904536915381, 0.0, 0.02384290326238945, 0.037514623866166344, 0.034975438203751215, 5.167454080788022e-18, 0.02972872421637461, 0.0024873727582383418, 0.0, 0.024855249556919916, 0.040663833664613985]], "feval_count": [210, 1552], "n_trials_instructed": [210, 65], "passing": [true, true], "completed": false, "winner": "incomplete", "points": null}