{"n_dim": 55, "n_trials": 210, "objective": "markowitz_return_on_cube", "white": "hyperopt_atpe", "black": "bobyqa_default", "traceback": ["passing", "passing"], "best_val": [627.6175754202321, 556.8849919165451], "best_x": [[0.6741697183833555, 0.05073363794784529, 0.7315044223914602, 0.3726569795230382, 0.997150138722937, 0.8180851594836672, 0.27507626192590784, 0.5844047280305329, 0.5677968951832435, 0.7554174809819177, 0.7520026304590945, 0.38146255468917967, 0.5503696167868781, 0.48732822971518885, 0.5542194067740835, 0.7434675218411863, 0.7521840995002371, 0.6823392786616111, 0.7336110686867975, 0.35622867380450685, 0.873612366110492, 0.7421810730375213, 0.6661333140886244, 0.8508652601877813, 0.3979855549702986, 0.6145833487934038, 0.6187912143665829, 0.413408874140787, 0.25684745676989607, 0.686714189020065, 0.02171969661580666, 0.4699172732782967, 0.43042439758791534, 0.8012576718456164, 0.8987468411488038, 0.4308748249539742, 0.46670727726459615, 0.8227970309736374, 0.4255895872748183, 0.4176887456504195, 0.574561668182789, 0.45475473693833435, 0.7998926664653927, 0.30853479129806893, 0.11736860247439007, 0.7324755496486925, 0.8388952931099136, 0.7084301570785646, 0.6825170089218425, 0.4265902973043909, 0.28348832487092884, 0.16651958310302165, 0.6857894104643453, 0.47081933854467856, 0.5078461245588265], [0.3622887689040942, 0.5599361471351509, 0.5019353690921025, 0.5329806088785991, 0.49006498294854317, 0.44382609670555734, 0.2200930071640298, 0.6331709211605132, 0.5490271431472215, 0.46346280196397754, 0.5795880910732348, 0.5655705207479583, 0.606818561454444, 0.44002548764032406, 0.35259485461254736, 0.4569939721966585, 0.5149065822040884, 0.4849000524898571, 0.5406894787940945, 0.4190840963170996, 0.48702024881410844, 0.5030831222343654, 0.4453902942187655, 0.123339423744321, 0.4558186759585072, 0.44275453903993806, 0.4805643221382185, 0.47212702011392477, 0.5240397333268867, 0.606443855173652, 0.1615130834948676, 0.4374309328836253, 0.5096858111443032, 0.550004582834043, 0.5900014068733073, 0.5286388318751316, 0.3585722274430054, 0.6362758664387016, 0.3168398877388358, 0.5786886456607965, 0.5341687454234311, 0.5928097892864486, 0.6004922346948963, 0.43986098895732273, 0.05922015766193239, 0.7863182011595936, 0.5602671103835519, 0.15175014764144043, 0.519064752632391, 0.25647177410357874, 0.4129231734110952, 0.50170462137748, 0.41785783137546306, 0.32279201029178484, 0.22126128062510672]], "feval_count": [210, 210], "n_trials_instructed": [210, 210], "passing": [true, true], "completed": true, "points": 0.0, "winner": "bobyqa_default_cube", "loser": "hyperopt_atpe_cube"}