{"n_dim": 55, "n_trials": 210, "objective": "markowitz_return_on_cube", "white": "hyperopt_rand", "black": "pymoo_nelder", "traceback": ["passing", "passing"], "best_val": [589.8126573072745, 618.3349358113989], "best_x": [[0.6401050989876504, 0.739713113381233, 0.07536601037411664, 0.4526232560108477, 0.8921303945567199, 0.9517822249248928, 0.4236998074085566, 0.23734006942983707, 0.47413728452911263, 0.587990797791673, 0.5679326999697947, 0.30320900202361684, 0.7259335312202969, 0.09638789058701769, 0.3916546228380533, 0.9137510728395755, 0.694728445473084, 0.548042716078437, 0.5286557530349342, 0.9234374386842538, 0.18919355234600174, 0.730682062520073, 0.11627658783629163, 0.5005455870905207, 0.5064437007329067, 0.5011767119708185, 0.6518716422842836, 0.5340871348977, 0.6049823865010072, 0.6572398634612273, 0.8443633247765235, 0.3082906600237144, 0.7579168288167517, 0.9450700824366056, 0.0668117827668162, 0.9748846071323615, 0.7065231103318022, 0.5750148669535572, 0.8683242172962792, 0.7537305498845799, 0.9010259512152621, 0.3138610969450395, 0.7847287792595844, 0.5602398488548253, 0.9101308178857814, 0.8875921113855951, 0.0005059762249856603, 0.73516053293518, 0.9857999718071929, 0.3523685678081081, 0.3153945926277898, 0.7834168138495474, 0.9117182951235492, 0.5632676985691651, 0.18519479434524905], [0.24254861583120751, 0.916655631253458, 0.5219639437693343, 0.8887524048588348, 0.9603221673053705, 0.3491314298771713, 0.2475688826777177, 0.2584678138184682, 0.13853627960121523, 0.9686306083368685, 0.7671108299660058, 0.41394232407012643, 0.4408492247598097, 0.8325508015526003, 0.9264007337953327, 0.8224261427735062, 0.7881830775016989, 0.9432660039081545, 0.9414987502444592, 0.24449416994439657, 0.18415858648102612, 0.7325582272170783, 0.2581012079414432, 0.9179115342595772, 0.257086013137219, 0.4857459057225684, 0.6911086388733709, 0.15613577264848305, 0.859461351156331, 0.754366570625497, 0.851542575255505, 0.3337500138501139, 0.456452756321178, 0.5915223133883989, 0.560522221037786, 0.4813963845017957, 0.8765391389488026, 0.0500081352831431, 0.9622822845160243, 0.9814365201070113, 0.38771819716587386, 0.5331450895248182, 0.4304834739833384, 0.05509897758835541, 0.526449136071828, 0.883875914729563, 0.23338367271746538, 0.7107807573855174, 0.8042333680882691, 0.25176392950570425, 0.8679769265870955, 0.8797254057420559, 0.8322839830574501, 0.37152737058835117, 0.1059565202025532]], "feval_count": [210, 330], "n_trials_instructed": [210, 65], "passing": [true, true], "completed": false, "winner": "incomplete", "points": null}