{"n_dim": 55, "n_trials": 550, "objective": "markowitz_return_on_cube", "white": "hyperopt_tpe", "black": "hyperopt_atpe", "traceback": ["passing", "passing"], "best_val": [461.9591367750085, 470.50973052781677], "best_x": [[0.3634183879156774, 0.8021032429426115, 0.7558743619924382, 0.6558331677909537, 0.41191571431966656, 0.48309089209577005, 0.4972271929495618, 0.25969325289946715, 0.5966327063927649, 0.5218336461599442, 0.37487868322228685, 0.6775318607448854, 0.37230647216722673, 0.8135518511972573, 0.6209844825996483, 0.03364961540000033, 0.6758718267818146, 0.55460555226447, 0.32029011473361607, 0.6800678329152898, 0.5741538997938294, 0.8011628604200721, 0.5038662075884124, 0.6926554719404648, 0.943104097351143, 0.37046748101088445, 0.7002150355399609, 0.3037441733532513, 0.81987147217465, 0.3659121903651503, 0.11712916156484143, 0.6158932182859262, 0.8070457645474249, 0.865393767019813, 0.9994580016635058, 0.5232993640810648, 0.7074558268891169, 0.9978429639131979, 0.36261593267308206, 0.6878986750130972, 0.6721373647100306, 0.6584217214716075, 0.20991188351967086, 0.4904678533873025, 0.2212062788574775, 0.6970554676241031, 0.7974111228811054, 0.7930506384656503, 0.7816997245069401, 0.4207476447613534, 0.8878144295726007, 0.16427730298263932, 0.4261293799975927, 0.8026812613908187, 0.9608945019688921], [0.6888926452925209, 0.7493230401957337, 0.7725188616083005, 0.31028078150433835, 0.5996920107275848, 0.4113438659905141, 0.26837764881601134, 0.6254716379016839, 0.6866278181547845, 0.6705481372719073, 0.5375416328259569, 0.6744461223751463, 0.4420609575585947, 0.18172558820300974, 0.41828361681577203, 0.3389474025407092, 0.5607564782847295, 0.8914410151044594, 0.5057667126052289, 0.37321253160281886, 0.48888479695670706, 0.7007698987599025, 0.7085099379640118, 0.5874510086500259, 0.5531471295925006, 0.4089444645568996, 0.8192823483116447, 0.7589717534234488, 0.7795667083316907, 0.78796260624661, 0.24938782922733815, 0.2497882167247113, 0.44009667596915536, 0.8080418075074074, 0.47345818615443286, 0.7176580073925926, 0.24683849466453872, 0.9005696626927974, 0.593880400821189, 0.8036415770147105, 0.718743360620596, 0.41337175206129173, 0.6530219045110267, 0.46191769507288877, 0.44005693881022867, 0.5367884453608344, 0.7705140027377388, 0.5481496236595088, 0.4186645501708004, 0.47713808438122723, 0.3689493872191087, 0.18700830889321673, 0.06546849788071268, 0.5468654557220229, 0.3595092094137438]], "feval_count": [550, 550], "n_trials_instructed": [550, 550], "passing": [true, true], "completed": true, "points": 1.0, "winner": "hyperopt_tpe", "loser": "hyperopt_atpe"}