{"n_dim": 55, "n_trials": 550, "objective": "deap_combo2_on_cube", "white": "hyperopt_atpe", "black": "platypus_nsgaii", "traceback": ["passing", "passing"], "best_val": [35.285136812455654, 37.82221667815946], "best_x": [[0.20394938554627517, 0.3671082613789343, 0.2801295648033921, 0.5829872700821818, 0.4806137590123206, 0.7940286555621167, 0.7060441594757846, 0.1771141617342129, 0.5890956219261142, 0.6551042352365684, 0.20708991698643217, 0.5738020726348112, 0.4293006811244788, 0.1908009612107004, 0.3723127031877952, 0.6587745970514096, 0.4510245569839866, 0.39230436533597435, 0.44917461004682635, 0.40731945713552603, 0.6691063961205207, 0.5484769809231909, 0.5926122460774867, 0.5517162273752068, 0.5417880901189817, 0.4054681682073195, 0.7046637221440756, 0.7535493746443309, 0.6554653893654162, 0.5621504577604199, 0.7746815989037527, 0.6171955027341421, 0.623321005118108, 0.3586339974658617, 0.7565753377354321, 0.5762145685510274, 0.3696082542850306, 0.712270902339702, 0.399069234758954, 0.8160515058718151, 0.38849597398529434, 0.6592155675238494, 0.3641451970413079, 0.5561616092824972, 0.4329874625905718, 0.5101387370240589, 0.6652459123643438, 0.7266041235417883, 0.38801442954518933, 0.5200180825376247, 0.690641190153577, 0.8620278422100033, 0.21427455484126678, 0.24521387704840258, 0.47657202906220253], [0.7455874967456376, 0.3695967868306568, 0.775749944091585, 0.6987397803036897, 0.2507223912486064, 0.0003036118012231803, 0.33082431657803446, 0.4722753089443209, 0.2477792031575307, 0.8596527839280806, 0.4109904429764716, 0.4337662256439295, 0.5153343097511535, 0.5233439670435059, 0.9835792535118622, 0.6366386602712202, 0.8882865205244569, 0.7875219531141642, 0.24051417995624458, 0.4518528733947321, 0.5294961572927468, 0.5699585466180344, 0.9707790528367402, 0.4073139386088741, 0.48754604047009803, 0.46622304491583855, 0.2781546500198857, 0.5086490554090324, 0.5115703563086531, 0.1355010171479002, 0.32992721334400354, 0.18267981445232917, 0.4997638372594269, 0.2700739307466189, 0.6412821335864459, 0.5039412070488389, 0.47505046350218977, 0.7073554320998205, 0.3598018454204174, 0.857519763977983, 0.5366890180118938, 0.43256941004396865, 0.13541441049052694, 0.779761690961711, 0.5676081498098562, 0.314208567347387, 0.5224585918840496, 0.8749738527550668, 0.4074954529772129, 0.42408439377604357, 0.8862926126324217, 0.11857790789095474, 0.8389868148945441, 0.684266588892151, 0.549994580134307]], "feval_count": [550, 600], "n_trials_instructed": [550, 550], "passing": [true, true], "completed": true, "points": 1.0, "winner": "hyperopt_atpe", "loser": "platypus_nsgaii"}