{"n_dim": 55, "n_trials": 130, "objective": "markowitz_return_on_cube", "white": "hyperopt_atpe", "black": "hyperopt_rand", "traceback": ["passing", "passing"], "best_val": [603.9834322375194, 544.4245148206248], "best_x": [[0.696591723382307, 0.6740860364414201, 0.23050563989254252, 0.5953440149845852, 0.6579560830189801, 0.691949048955946, 0.5741598552278714, 0.6881519595322279, 0.5059992993516295, 0.6289012869700895, 0.8811919371923085, 0.6398723381905704, 0.519384020270711, 0.08772879246306892, 0.8451934731741981, 0.40204380430465353, 0.9265773770757518, 0.6403804454477644, 0.5295760499866666, 0.21249610382244213, 0.35752559763777414, 0.16610625606587615, 0.8408603441373224, 0.012237574725161016, 0.9317880791727824, 0.6031223025926439, 0.6065586172031844, 0.28323357630284923, 0.5256716300207194, 0.4607702129039558, 0.38991250631022134, 0.5305828508260815, 0.4558471974129924, 0.5460629974594339, 0.9553275867002334, 0.6236545267463565, 0.25065091126884664, 0.652476263072542, 0.9008490674315899, 0.32771374571959133, 0.8505340659119107, 0.3841850209936746, 0.8753023829032087, 0.5732944614456776, 0.1278204624645824, 0.3261350445755021, 0.12189303592276496, 0.5102702841479327, 0.2901445029312526, 0.35517105962980544, 0.304497628837223, 0.7529834684207167, 0.5346129810856838, 0.8589813212260391, 0.25746878065206147], [0.6690135796796778, 0.9298555006688889, 0.30437554708928555, 0.2550396754153603, 0.2965542652783234, 0.46161275429699994, 0.1169685270716933, 0.8661009193305055, 0.8447497283968762, 0.9433350308325485, 0.26251477007475194, 0.8173505777963821, 0.5937420067148629, 0.6316329515687364, 0.6608771730733021, 0.7319257344578365, 0.8868504091069778, 0.7983651981257434, 0.9575173449428414, 0.5682696193646021, 0.3197198322661289, 0.7908658175006602, 0.6896108334032044, 0.6156870902236224, 0.28993271618435057, 0.587771850746501, 0.6184943924649849, 0.5282613368431254, 0.507132495083406, 0.40324008413876605, 0.8857699143820262, 0.21208220555740936, 0.5349014576260206, 0.1928703688949991, 0.23163519371964628, 0.822682197615295, 0.43515632225386297, 0.6332657559992088, 0.7811460730912807, 0.662745860454109, 0.5556138118249404, 0.581401301489157, 0.3922409532736135, 0.5914849057508422, 0.15146353320412762, 0.9464729531508124, 0.04431591979357341, 0.2765825053351437, 0.6196987977492832, 0.7170185266117997, 0.7587517209987376, 0.1423151233690061, 0.6028469977202586, 0.5059295138880733, 0.30630375678749594]], "feval_count": [130, 130], "n_trials_instructed": [130, 130], "passing": [true, true], "completed": true, "points": 0.0, "winner": "hyperopt_rand_cube", "loser": "hyperopt_atpe_cube"}