{"n_dim": 55, "n_trials": 550, "objective": "markowitz_return_on_cube", "white": "hyperopt_rand", "black": "bobyqa_default", "traceback": ["passing", "passing"], "best_val": [581.90317127668, 514.6603410635297], "best_x": [[0.7420292537674198, 0.3708540019090379, 0.7863940432552653, 0.741567098964387, 0.4580526828990454, 0.4789020270451006, 0.5815915698863217, 0.7717572448538754, 0.7574911137643774, 0.6510171477062725, 0.12310960697478568, 0.4944821279578492, 0.2427026583522936, 0.5543878234937253, 0.8885929101143594, 0.369822611613308, 0.9986754236674301, 0.435848298923184, 0.6306877042191125, 0.7894488409986554, 0.28663613596713716, 0.6882017748542687, 0.22981315184540885, 0.5553116839382006, 0.20993911205268462, 0.4056836232989471, 0.46019988140425266, 0.4837881985044165, 0.6799743601387919, 0.8084707380685991, 0.10433438960281335, 0.8118423187237381, 0.4614361445102009, 0.6113070356533834, 0.9993339880491215, 0.5761443462079583, 0.2903924360267931, 0.6703535176095523, 0.26533225585798065, 0.49911357822413727, 0.9483903322432248, 0.3548972380685359, 0.8114086387747942, 0.6467827744224757, 0.7000026291335395, 0.6623021880259506, 0.9988050517370082, 0.5186114456639649, 0.8390036139057837, 0.5769568108381277, 0.24470013127617982, 0.1701844299112213, 0.5211915346933602, 0.22987944583953412, 0.7027286537758053], [0.5198333994058162, 0.48620039613049276, 0.44519615211061614, 0.48078436110434153, 0.41613991042450016, 0.6042922581985966, 0.5378028472624496, 0.6223771881871443, 0.5121047108997757, 0.6390035057229813, 0.16020294845339522, 0.3412751781314043, 0.2606779580121256, 0.26241496485288696, 0.6893727450753743, 0.48899082423304924, 0.4334477508713967, 0.30036246977669706, 0.6710377152622634, 0.4098167517970684, 0.3231060818045437, 0.3672342620222735, 0.1831637477600521, 0.46257743995306844, 0.49884840616184706, 0.2378383263003655, 0.5002134333950344, 0.46004029996719004, 0.6216601127419287, 0.52906010540503, 0.26894588718076506, 0.4422145414833222, 0.4573229036149839, 0.3372599884626416, 0.5261960238546917, 0.4690594920413329, 0.40546602028035456, 0.4587912970777695, 0.471128261211563, 0.7936240192052694, 0.6090360984795861, 0.3229418314061091, 0.20920652561044384, 0.7553404395540304, 0.5656144285816893, 0.5063561068581744, 0.385164825503065, 0.4107418982089798, 0.5902107287203113, 0.5042089256070982, 0.24031000396096958, 0.4298205376503056, 0.4906678594138142, 0.30720052876425724, 0.4290429434267825]], "feval_count": [550, 550], "n_trials_instructed": [550, 550], "passing": [true, true], "completed": true, "points": 0.0, "winner": "bobyqa_default_cube", "loser": "hyperopt_rand_cube"}