{"n_dim": 55, "n_trials": 210, "objective": "markowitz_return_on_cube", "white": "hyperopt_rand", "black": "hyperopt_tpe", "traceback": ["passing", "passing"], "best_val": [542.430116878519, 549.2495079572847], "best_x": [[0.5685939556767031, 0.5587842186591788, 0.6547137295308103, 0.6105826600506362, 0.6547521445436408, 0.45295393344015505, 0.8289311811316558, 0.24949656480639484, 0.8474826912127004, 0.3250988750448161, 0.6146992877100972, 0.4554143059994864, 0.6452221604813454, 0.6066492233177918, 0.3851787211604482, 0.6564887194888133, 0.4487093670697639, 0.44731135130349653, 0.5759904593557729, 0.5855649976614802, 0.2395491061700613, 0.9031353381929698, 0.6076242642858587, 0.04998765602065264, 0.4437322969308151, 0.8639897843062241, 0.6966779653990288, 0.4423875669392139, 0.2127803933744974, 0.5486408364495469, 0.6340400648336721, 0.8295581134637277, 0.6010139150113087, 0.854044448505689, 0.25852858048070115, 0.9438650236645393, 0.5295212753250577, 0.6454984692844625, 0.4997698022509189, 0.2846437165353244, 0.24637018169546648, 0.6528465258945261, 0.9569429569561543, 0.8069400551048673, 0.5164062957755768, 0.508251268677555, 0.35266250084142886, 0.7027452527574007, 0.7002053834219857, 0.5343718232134865, 0.3634694469360884, 0.5062074944853124, 0.43886373394881445, 0.20997467808764514, 0.5015318290433256], [0.848437923870331, 0.7799521013931386, 0.4205794249218147, 0.4481204638216296, 0.7023398456612827, 0.33117258712733805, 0.6427292994073627, 0.35012772394870884, 0.4471567935385461, 0.7533656087704257, 0.3806351298346413, 0.2204348856873999, 0.2792884560764943, 0.13660172145561367, 0.4248869374707285, 0.6625180112895205, 0.4897075293768875, 0.7155637198343523, 0.7725532457591547, 0.7013617234514102, 0.24269854263129853, 0.21803232888430035, 0.8432339667264547, 0.218450056362961, 0.7181794206499637, 0.7308012643364254, 0.6153047283671191, 0.34426262791009454, 0.6020565647807326, 0.454867691151666, 0.7214901728652452, 0.8329924875269443, 0.4583648013954407, 0.639834622850938, 0.5615464042928865, 0.06020404763321141, 0.5076880686778397, 0.69601533151166, 0.45106186588876707, 0.6598024993307172, 0.36236504042508977, 0.6370518097695248, 0.525686777083068, 0.7175415200576641, 0.6661451381025799, 0.5065972048240539, 0.012269573276288248, 0.6676248631324606, 0.35331142033248497, 0.29491605148640687, 0.399275328163382, 0.7265617952902775, 0.24841972487059716, 0.241903216852605, 0.7033442423357926]], "feval_count": [210, 210], "n_trials_instructed": [210, 210], "passing": [true, true], "completed": true, "points": 1.0, "winner": "hyperopt_rand", "loser": "hyperopt_tpe"}