{"n_dim": 55, "n_trials": 80, "objective": "markowitz_return_on_cube", "white": "hyperopt_tpe", "black": "pymoo_pattern", "traceback": ["passing", "passing"], "best_val": [556.3001870413815, 565.6474356811559], "best_x": [[0.844026128973583, 0.7278527652689456, 0.18654313471114925, 0.09027165769948876, 0.11957528271544277, 0.7577476138865904, 0.6390440344415955, 0.6768951927453, 0.4300646159683039, 0.6224796979025069, 0.6558507815565151, 0.7868363539613947, 0.9108088364508224, 0.09631433899073993, 0.3378488798901328, 0.1829206145654514, 0.6343407943714328, 0.5674076412686337, 0.575354511374007, 0.3449884888937699, 0.8123211788168601, 0.5147260025293068, 0.23979604366557772, 0.6592800147493716, 0.47700055110274414, 0.4727035426073326, 0.5413054630309055, 0.5343571588243401, 0.10109597439076438, 0.7666749248523428, 0.6512365898803398, 0.44173461123170343, 0.7332684714025812, 0.5991039065763181, 0.22854412727882772, 0.5212502444168959, 0.629580978977622, 0.29714100509938796, 0.6543159179457767, 0.052980428530557455, 0.2514323523853196, 0.27280730477569787, 0.6294411131488356, 0.7217524317588717, 0.28153492263967517, 0.7326621424047984, 0.8984762474973327, 0.8465328429704431, 0.8856252198281453, 0.40957881082104736, 0.5194425880742389, 0.9905485046888096, 0.5654629154628278, 0.8310665357604707, 0.9049946243173053], [0.8657183514818495, 0.6663564892379678, 0.5137999632528957, 0.18323172053494624, 0.03189748748014231, 0.9926468056316745, 0.484819714024311, 0.1888240609603315, 0.598529678160958, 0.9611754619374111, 0.20510331939334503, 0.8630783326772085, 0.5230467120883162, 0.7490269480563573, 0.0773434365750313, 0.8939175961395084, 0.4102501899305837, 0.9882669910679462, 0.5551054246671392, 0.9231713331492756, 0.8330749924856831, 0.7528843875215685, 0.7503045095150261, 0.9847720114418578, 0.5483360218087989, 0.7937010122653133, 0.8932584420694495, 0.5652854837329938, 0.4331399113673636, 0.4596576204603385, 0.6966219804727258, 0.9364767414638308, 0.40167462177612245, 0.42453762147895935, 0.5755372933402776, 0.27255385081052336, 0.9099614312024732, 0.26882058780423096, 0.2773843996301768, 0.3728714244424715, 0.4630964701677068, 0.2896526509223908, 0.4997717533742924, 0.24389822166980651, 0.3381153946137927, 0.51969329858966, 0.13515354390612053, 0.8811866519395888, 0.7034569751816088, 0.8214441087358973, 0.38603014873867963, 0.8443732328098689, 0.9243484294702878, 0.4159336527186281, 0.9724598670290884]], "feval_count": [80, 275], "n_trials_instructed": [80, 23], "passing": [true, true], "completed": false, "winner": "incomplete", "points": null}