{"n_dim": 55, "n_trials": 80, "objective": "markowitz_return_on_cube", "white": "hyperopt_tpe", "black": "ultraopt_random", "traceback": ["passing", "passing"], "best_val": [588.7928537608062, 664.6286461482587], "best_x": [[0.6744609570570359, 0.18626239274733503, 0.6801654386054552, 0.5835145604159723, 0.39635985190012535, 0.4146755405806075, 0.5768427947867638, 0.6001333807563823, 0.9665435795288541, 0.5120628361051291, 0.4812592586853583, 0.25316202780123376, 0.6906617154346646, 0.8400360251428043, 0.5738015760939105, 0.29345201673777066, 0.4441719298051267, 0.7968873115393657, 0.8630958446426864, 0.7971339393059176, 0.09546485052600708, 0.999428459682217, 0.42765217352737395, 0.4354046295431988, 0.6074008347627183, 0.8888138966795158, 0.6041789694021411, 0.13381090365027826, 0.30070778635871864, 0.3884074671517175, 0.16474849245129106, 0.7798065511691429, 0.4213726559165931, 0.8288667153556994, 0.9149242163106034, 0.7058114014452394, 0.21323766233871877, 0.7162800586976152, 0.5785318386622892, 0.5021686460874119, 0.22057701601998003, 0.6642367445569385, 0.2029245113239324, 0.45375134291096986, 0.2415040330571727, 0.7548425912736731, 0.5427858241835828, 0.6436704296412278, 0.5782401794438271, 0.3405092350429643, 0.6029790369610906, 0.3507675849580549, 0.3350378100158401, 0.2440030385496607, 0.23910311584402855], [0.3533522280260528, 0.5836561118508721, 0.822537242923169, 0.9872761293149445, 0.8647223762550532, 0.9540510272587224, 0.11355759219962902, 0.6715731955927996, 0.5203077009037933, 0.7723183917356393, 0.07773463696498484, 0.9743948076661665, 0.9862107444796029, 0.6981617140197451, 0.5360963663441204, 0.30952761628632774, 0.8137950197069487, 0.6847311725538793, 0.1626169393448913, 0.9109271844938425, 0.949799913291924, 0.72571950838836, 0.6134151959357899, 0.4182430362906189, 0.9327284833540133, 0.8660638895004084, 0.04521867010618941, 0.026366974497252005, 0.3764633668780496, 0.8105533307818329, 0.15041689110352818, 0.5941307153521351, 0.3808908566310215, 0.9699143978146032, 0.8421189231357087, 0.8383287047111379, 0.4686931597949703, 0.4148195023376652, 0.27340707193070624, 0.056375496650927115, 0.8129010091300776, 0.9997176732861306, 0.9966368370739054, 0.5554317056026274, 0.7689874151805105, 0.944765729882428, 0.8496473906774115, 0.24734810174319766, 0.4505441353100935, 0.12915941515149498, 0.60617463445088, 0.22864280550346272, 0.6717006844058567, 0.6181282404578958, 0.3581627180328405]], "feval_count": [80, 80], "n_trials_instructed": [80, 80], "passing": [true, true], "completed": true, "points": 1.0, "winner": "hyperopt_tpe", "loser": "ultraopt_random"}