{"n_dim": 55, "n_trials": 210, "objective": "markowitz_return_on_cube", "white": "hyperopt_tpe", "black": "ultraopt_random", "traceback": ["passing", "passing"], "best_val": [603.0567179319137, 645.6146429180698], "best_x": [[0.45760105705579995, 0.8418858716446675, 0.5366634404861453, 0.4677059327805581, 0.7044733183839588, 0.5835951362753843, 0.24595691434957478, 0.5187559124602015, 0.7183681021766317, 0.3493050570475179, 0.25772970487125557, 0.32272716332402934, 0.3927223507971612, 0.6481739218629987, 0.7206795085670372, 0.763841182544088, 0.7491734583394251, 0.3370910638522463, 0.32668968194197273, 0.7309906527801704, 0.2618121978116602, 0.2104376659555295, 0.5134355160684331, 0.21617365084526508, 0.7152874638832286, 0.7634472153041627, 0.9569562776717719, 0.8808871547890359, 0.3340304915926904, 0.39571430349745684, 0.6226526426467389, 0.626742425508922, 0.6643439887383338, 0.3997938623994023, 0.35150220168859764, 0.0730378358362628, 0.8754658867617936, 0.6916022097800355, 0.522580234626042, 0.47805175215648577, 0.3980527277923101, 0.6031947674505918, 0.6297673298983912, 0.6467292967832233, 0.5955340489945866, 0.4956305511561742, 0.37212239442004175, 0.14984876502462122, 0.5656602087536109, 0.3234155995034532, 0.42294045989595375, 0.6838984120524663, 0.5357549283821975, 0.8834591127670328, 0.3827619712469792], [0.3533522280260528, 0.5836561118508721, 0.822537242923169, 0.9872761293149445, 0.8647223762550532, 0.9540510272587224, 0.11355759219962902, 0.6715731955927996, 0.5203077009037933, 0.7723183917356393, 0.07773463696498484, 0.9743948076661665, 0.9862107444796029, 0.6981617140197451, 0.5360963663441204, 0.30952761628632774, 0.8137950197069487, 0.6847311725538793, 0.1626169393448913, 0.9109271844938425, 0.949799913291924, 0.72571950838836, 0.6134151959357899, 0.4182430362906189, 0.9327284833540133, 0.8660638895004084, 0.04521867010618941, 0.026366974497252005, 0.3764633668780496, 0.8105533307818329, 0.15041689110352818, 0.5941307153521351, 0.3808908566310215, 0.9699143978146032, 0.8421189231357087, 0.8383287047111379, 0.4686931597949703, 0.4148195023376652, 0.27340707193070624, 0.056375496650927115, 0.8129010091300776, 0.9997176732861306, 0.9966368370739054, 0.5554317056026274, 0.7689874151805105, 0.944765729882428, 0.8496473906774115, 0.24734810174319766, 0.4505441353100935, 0.12915941515149498, 0.60617463445088, 0.22864280550346272, 0.6717006844058567, 0.6181282404578958, 0.3581627180328405]], "feval_count": [210, 210], "n_trials_instructed": [210, 210], "passing": [true, true], "completed": true, "points": 1.0, "winner": "hyperopt_tpe", "loser": "ultraopt_random"}