{"n_dim": 55, "n_trials": 340, "objective": "markowitz_return_on_cube", "white": "hyperopt_rand", "black": "hyperopt_atpe", "traceback": ["passing", "passing"], "best_val": [529.8548561599788, 534.1960669260912], "best_x": [[0.289971785312107, 0.4331900434441162, 0.3366561175333859, 0.646082413979934, 0.4875697533643529, 0.523227272072857, 0.30468856056597743, 0.4730342775974949, 0.34401496916189317, 0.5849239151586545, 0.6868247678943813, 0.3842692440568741, 0.3749575266635061, 0.9694061086244045, 0.5637592261498088, 0.6726679143372828, 0.19630535617041378, 0.9012612548126844, 0.6439694901370286, 0.5341472644147982, 0.3472016795637182, 0.48002676415216106, 0.25632938957542895, 0.4334712782905079, 0.4681299472804059, 0.09210099540650801, 0.8433260811441866, 0.5607635208555891, 0.886285148998466, 0.5670762545887281, 0.7973028442302488, 0.3916959246940315, 0.4703203948912842, 0.6979777374680779, 0.4121203860713311, 0.29216993271446473, 0.4745608190076388, 0.7560717942561423, 0.8181474286229857, 0.2512217800418055, 0.8696927252888305, 0.5093808074054198, 0.07094518386912693, 0.4403691687447447, 0.5728145099506453, 0.23388468019921316, 0.8574496094456607, 0.9959586406911628, 0.6373440561214818, 0.2596509906423832, 0.40803838697884937, 0.6132230572227049, 0.6379018995688842, 0.6801204993820469, 0.618336336432609], [0.772027256486244, 0.20306602740488536, 0.6064342565675024, 0.5758662960883099, 0.6363698972667741, 0.17898308354456796, 0.5408593758136282, 0.1160380264519093, 0.45037775731419316, 0.6477837005216421, 0.7272282459103739, 0.6513638445165748, 0.8404191220070453, 0.9685490272067698, 0.30276703501274926, 0.20955741640140732, 0.41898507936430496, 0.9150130355334483, 0.591326294874233, 0.10700310022081734, 0.35153443916931515, 0.38212893144674454, 0.12816039534226437, 0.37796936721998964, 0.1788238995212436, 0.4039343194260346, 0.9676737456119519, 0.7694717842968739, 0.7751866849144725, 0.36388974574915367, 0.4137220735977287, 0.2563457249457717, 0.4366242127345034, 0.7886233816521734, 0.4100428922106588, 0.40298977457020935, 0.5864685590902102, 0.8082606492795619, 0.7386928819623014, 0.5612410773660853, 0.3143363316683032, 0.27442089139765735, 0.49208088592348176, 0.6643947556955222, 0.7168759096508601, 0.6338996016808125, 0.8353600728214593, 0.4818105638252869, 0.663271043488343, 0.5542612920582815, 0.20545439952977326, 0.491466543043761, 0.6098116917007307, 0.7130324991387755, 0.2773235491999883]], "feval_count": [340, 340], "n_trials_instructed": [340, 340], "passing": [true, true], "completed": true, "points": 1.0, "winner": "hyperopt_rand", "loser": "hyperopt_atpe"}