{"n_dim": 55, "n_trials": 550, "objective": "markowitz_return_on_cube", "white": "hyperopt_rand", "black": "hyperopt_atpe", "traceback": ["passing", "passing"], "best_val": [522.9652639640844, 525.046800422228], "best_x": [[0.11382410179070938, 0.545319408479483, 0.5162592359200122, 0.49860531994152024, 0.582133907196652, 0.3925871980083335, 0.7339913711572347, 0.7097056949741822, 0.4118696803956461, 0.7321371754886087, 0.7601541568113409, 0.2745009820959065, 0.6140455846617575, 0.28975356905631616, 0.6887094444409603, 0.7626873305228533, 0.8225974940934019, 0.4357871930301115, 0.6058480943908853, 0.8231710609333275, 0.32469873684362727, 0.4824646991069571, 0.02294879455558977, 0.19171085449076583, 0.550283346775794, 0.4199235782999516, 0.39539570127963686, 0.3097540083249545, 0.91163318138121, 0.6974817903605044, 0.8401334778335431, 0.6563985143845921, 0.9789400416010962, 0.31110368806067934, 0.7528581219091365, 0.7513850831818516, 0.5365918028720233, 0.4932848840289211, 0.6956672093369469, 0.9534667728817111, 0.194695201747422, 0.9969486007915209, 0.05109995364844444, 0.2754638256107911, 0.3952826529800102, 0.25837824091012124, 0.7039931483943483, 0.6400190039439851, 0.34375881441958217, 0.46701590604170395, 0.8344109744387865, 0.7598546031302089, 0.9109081068135668, 0.707158042815041, 0.32313924150900475], [0.22742756585988527, 0.023706806398403016, 0.5495903557288251, 0.20471997283781054, 0.4187412564956229, 0.3312543555115212, 0.9992718066809607, 0.545431104785595, 0.21028135414102098, 0.3674053442901681, 0.3293279055002319, 0.2219743344402153, 0.6361880226160032, 0.3099608885850962, 0.8783069110973855, 0.7197999821637919, 0.2740320395325378, 0.6178132260293052, 0.7325592316366515, 0.6977480158842123, 0.5117523227658491, 0.682347259682429, 0.4897292966882795, 0.5433938042928129, 0.6566785653982357, 0.3721175368258951, 0.5331330731411283, 0.3208381303387636, 0.4159017144204902, 0.6300807179435554, 0.9694774132980855, 0.402163365540939, 0.13594916207569135, 0.575385670899807, 0.4913681087331818, 0.6339867372165296, 0.3303206841850137, 0.4949512301953423, 0.5015201149593109, 0.7929249536629119, 0.13035923989338027, 0.8305676262974837, 0.42999401663335957, 0.7428817308616431, 0.05700603025164584, 0.5014847096465418, 0.8759485868426397, 0.43095900922350994, 0.9574042776514944, 0.7653757786544542, 0.5897517686027913, 0.4817523488759744, 0.10963283743588104, 0.5121620633604466, 0.8640026357604251]], "feval_count": [550, 550], "n_trials_instructed": [550, 550], "passing": [true, true], "completed": true, "points": 1.0, "winner": "hyperopt_rand", "loser": "hyperopt_atpe"}