{"n_dim": 55, "n_trials": 340, "objective": "markowitz_return_on_cube", "white": "hyperopt_atpe", "black": "pymoo_unsga3", "traceback": ["passing", "passing"], "best_val": [463.48741573396165, 544.6761551281595], "best_x": [[0.9128072924184469, 0.5484624347935545, 0.3596412148494885, 0.6107726588350133, 0.7563686058409143, 0.7619535362339505, 0.08326995941385847, 0.7122349523778918, 0.6266966430411846, 0.7119162611343982, 0.23747209019713056, 0.95687337341377, 0.4999226169677312, 0.9401943139348976, 0.777329830243535, 0.9045686748575, 0.9795225061450012, 0.9650740390773711, 0.26416457674435956, 0.9469887919690019, 0.5513998407074594, 0.6881017040010091, 0.98180196924632, 0.7072521028230769, 0.16703635406800288, 0.5893539411536337, 0.3188661864778759, 0.062448540100641964, 0.31911082637427424, 0.6300514456252156, 0.8369327475138223, 0.3537091038815843, 0.324547927448648, 0.2409939755611086, 0.586114394185409, 0.6996237489486146, 0.7874140960702007, 0.9204379920922517, 0.4534286488386544, 0.742741843337487, 0.5872512537901303, 0.26348700152644616, 0.9929540570105526, 0.5655205407334912, 0.4318064177190369, 0.972003758265376, 0.5945554590190809, 0.7185253535758701, 0.8443985979984034, 0.14720282912723487, 0.5271328296470651, 0.5906996120571746, 0.745056777082484, 0.8338222144180032, 0.5372945143756465], [0.5351129327346175, 0.6650505045648664, 0.23186991156479742, 0.3795295515774487, 0.5408406439410183, 0.39141947074610395, 0.04199674883335436, 0.8613200624212674, 0.46076181413898754, 0.7020669402952869, 0.5167975506968415, 0.1712109185304017, 0.8075257172958035, 0.6544183667814518, 0.465683302757545, 0.2020583406219132, 0.7972456558748199, 0.20946053532705544, 0.13956236830579039, 0.252084642025978, 0.5904415210066147, 0.5020537294599612, 0.5165314298637139, 0.8980215930692214, 0.22418754135570185, 0.2490005014032478, 0.4008272466605227, 0.023690384342051285, 0.25159200559772044, 0.4085145924386836, 0.549992020770057, 0.14036473936100202, 0.6905730557661155, 0.3018017144498064, 0.17039947098103114, 0.9187288053635668, 0.43855711915237383, 0.12278226638909351, 0.5463318079580763, 0.8909558617985651, 0.7268424697426503, 0.124629693759985, 0.03424832610558526, 0.22519356474745, 0.012392623369164246, 0.01290930826432335, 0.6976967400198899, 0.2365752319727471, 0.3962502338890441, 0.11481799149644212, 0.08983867723044547, 0.36925630377249063, 0.5247127925836428, 0.3170478420356765, 0.6066876850403111]], "feval_count": [340, 340], "n_trials_instructed": [340, 340], "passing": [true, true], "completed": true, "points": 1.0, "winner": "hyperopt_atpe", "loser": "pymoo_unsga3"}