{"n_dim": 55, "n_trials": 130, "objective": "markowitz_return_on_cube", "white": "hyperopt_atpe", "black": "bobyqa_default", "traceback": ["passing", "passing"], "best_val": [579.300903394163, 508.2010046984838], "best_x": [[0.5108872182131097, 0.838957410577039, 0.3297544825856846, 0.7486720208043367, 0.5589404693753038, 0.8771965198041919, 0.3661509333648532, 0.5924354110674761, 0.9399998953042075, 0.48439950645408814, 0.4474272256175468, 0.1322937433561049, 0.384084638011805, 0.38236450067398486, 0.7558994472905959, 0.9230976505913125, 0.4134308822338736, 0.45467553501410296, 0.3697945713084736, 0.484757691019565, 0.8632068971042121, 0.6907713264544236, 0.5384121427046618, 0.6730682963649849, 0.7012972449508641, 0.703699986660336, 0.5917077849868686, 0.4029743518075393, 0.7463918653625341, 0.45059705843692255, 0.21149961726753264, 0.19707115301596304, 0.5073383759870755, 0.9517514261840564, 0.16292211906103787, 0.510065308477495, 0.5389322438761777, 0.23636315673898878, 0.588690766346684, 0.4641976840014334, 0.12426795306827598, 0.40799524824140754, 0.7436783451725513, 0.7709127673688407, 0.5674644800384359, 0.3479395100160391, 0.1590203365848773, 0.7363356009316142, 0.6404279574890683, 0.8148719081661396, 0.8458579502688208, 0.7184213944633443, 0.777519378030009, 0.6788835887499589, 0.4419203722265296], [0.4796212977814346, 0.5125357898108095, 0.49961357169445114, 0.5266030833527567, 0.5010495057805701, 0.49319442352955056, 0.5002704708653967, 0.49817534599096724, 0.5525350093513804, 0.4680427443879697, 0.46558333561687765, 0.07986196485647654, 0.39305045933943056, 0.458233846530862, 0.48651204081092086, 0.44506112943555237, 0.4698807787150177, 0.5626303813464368, 0.5043519998045838, 0.5009120084028817, 0.4541785450334938, 0.446392467430353, 0.0, 0.5158939425286603, 0.501571885028071, 0.4570873182774391, 0.514482144082959, 0.500499083341222, 0.49534291809392006, 0.436374825619128, 0.44882643469091354, 0.41833572184872364, 0.5006126964792745, 0.4985111453903844, 0.425710384990561, 0.49333944345281605, 0.4638015831846691, 0.5000996741555407, 0.5325820517928695, 0.4952252081197705, 0.03914947626739618, 0.4100878316417298, 0.43960456742377807, 0.5132860778550695, 0.4410876962532777, 0.49308685362458154, 0.0, 0.46902619644984533, 0.4996017854267218, 0.47111196437896263, 0.5352527937108045, 0.5044531851141831, 0.4868507649984935, 0.4912141310013576, 0.4971332335669356]], "feval_count": [130, 130], "n_trials_instructed": [130, 130], "passing": [true, true], "completed": true, "points": 0.0, "winner": "bobyqa_default_cube", "loser": "hyperopt_atpe_cube"}