{"n_dim": 55, "n_trials": 340, "objective": "markowitz_analytic_on_cube", "white": "hyperopt_rand", "black": "bobyqa_noise", "traceback": ["passing", "passing"], "best_val": [17.89966630473573, -0.06722661796896076], "best_x": [[0.2747869339156491, 0.4378920083342541, 0.4711475207210274, 0.2214665655731238, 0.2791252404857962, 0.8149271966744676, 0.7248362153144308, 0.3139646324150538, 0.31617239534447117, 0.18827112324843273, 0.0010161911617612152, 0.19072386656498647, 0.12138340956915017, 0.507133722371797, 0.42275518581210747, 0.6256641286383299, 0.01853943220090143, 0.5108018677538315, 0.26415953552906096, 0.5588408832733466, 0.10406906318200253, 0.003823862420817503, 0.04196294539257908, 0.057594704767308116, 0.283153400095105, 0.7643638143413962, 0.0003877682994771203, 0.5558104913453289, 0.8021337717821935, 0.4041180526299899, 0.9964077045601591, 0.16643073946103537, 0.46192893236109595, 0.42246720703308605, 0.05697806382010469, 0.05163558695834343, 0.6588538336638322, 0.1949366545855864, 0.2159145252739631, 0.7355570086952055, 0.0007167541267897981, 0.9763962101104839, 0.4733974911934419, 0.43491640230541506, 0.12152637014449173, 0.07832103069959911, 0.5146599245501815, 0.09515987159615508, 0.5045758122780217, 0.6405553383183424, 0.023394520737643545, 0.4085914462580851, 0.02328034368275661, 0.8406565736327839, 0.016843347279863106], [0.006938453952650872, 0.003113293785087434, 0.0031401525335247624, 0.0, 0.004140711777611757, 0.030490522462686517, 0.0, 0.13791244683355386, 0.0004417722988635218, 0.09739074434294984, 0.0, 0.0011157568566480503, 0.0, 0.01800229891677687, 0.045699332800607013, 0.04005818294453292, 0.039373518224012805, 0.0148821171884723, 0.023570354261835163, 0.0026364955807123423, 0.00021020772115917552, 0.0, 0.032752444233934225, 0.0, 0.030287592413943534, 0.04266573435006375, 0.013058926761635403, 0.04614103716793638, 0.0014442103662856975, 0.0005864673212634641, 0.0008526203502692276, 0.000697807117883767, 0.012051909892994296, 0.022069148946181772, 0.05935824260720206, 0.0011598810486302175, 0.0007709213219933852, 0.008650767011172664, 0.03202736633226896, 0.0009558502634160933, 0.0, 0.0, 0.003667178576095344, 0.010363692913487741, 0.021694019758376246, 0.00894734398990127, 0.0, 0.03916605965687831, 0.039270815779033984, 0.0, 0.0, 0.03749958029672026, 0.04944256792707926, 0.0015785729292977098, 0.01368286086885487]], "feval_count": [340, 340], "n_trials_instructed": [340, 340], "passing": [true, true], "completed": true, "points": 0.0, "winner": "bobyqa_noise_cube", "loser": "hyperopt_rand_cube"}