{"n_dim": 55, "n_trials": 210, "objective": "markowitz_return_on_cube", "white": "hyperopt_atpe", "black": "bobyqa_noise", "traceback": ["passing", "passing"], "best_val": [553.9882998003095, 478.7079202906937], "best_x": [[0.80824739026599, 0.41501594889011384, 0.7283976831881424, 0.772940694162765, 0.47942454821578406, 0.6158025486943866, 0.658624602287987, 0.16899215074147422, 0.13594268658437664, 0.7083003027243912, 0.3893530737195883, 0.9514553657968804, 0.47697942184527087, 0.4454086228580786, 0.3818615401344264, 0.3736407171531223, 0.4050207561255036, 0.2518662509258988, 0.814593348948311, 0.6311286980719424, 0.6278008093839118, 0.7171873393148324, 0.3581109359807244, 0.8375238164169185, 0.123548777565713, 0.7075626442660773, 0.560468112357837, 0.36285903261828534, 0.649024073185664, 0.36768026000256104, 0.5531548479792233, 0.35398746639895873, 0.5457390214667823, 0.23875298768212086, 0.6554565100307184, 0.5851359105484548, 0.5583105801790825, 0.9392220714236093, 0.7867879569269962, 0.3442602974633605, 0.7055515660934775, 0.5066356227573943, 0.5871309170886752, 0.4968586151252388, 0.41463207156054527, 0.34229508782786283, 0.730553007741603, 0.5371795405109729, 0.630400033570105, 0.36849435584749207, 0.21349164087988548, 0.39283346288171095, 0.5334100719027469, 0.45766979549795433, 0.6957109105911924], [0.3386284285951182, 0.41261643093079214, 0.39768971657415525, 0.5522712786830609, 0.4290472523711698, 0.3473554344085656, 0.5286920043702784, 0.3466510679020989, 0.3684262116336451, 0.5781273773291976, 0.44124098734928496, 0.45701990394416925, 0.5517349507883347, 0.16042767044513745, 0.4983640915626847, 0.6282300165145261, 0.359013953355441, 0.19660947218055258, 0.3684030720002958, 0.5183310067914976, 0.417370844697834, 0.09662763187607633, 0.4646201304631649, 0.23943561428223523, 0.16552126184608057, 0.47818699132529213, 0.30754284178781705, 0.44132559734076654, 0.3110689605007514, 0.2447680639127973, 0.4823424603598126, 0.5143593958692249, 0.3635127549583109, 0.3060566964359013, 0.34652819399257806, 0.35779404401041237, 0.3767451125759378, 0.29874438449391466, 0.492477961437963, 0.3268338745984511, 0.4243810126232454, 0.5217612918698115, 0.6523650416537964, 0.5054100443349361, 0.0, 0.3573854398937696, 0.6086246965148304, 0.344400897239009, 0.5214818700811343, 0.5664947789979881, 0.26428361501224273, 0.44914906913978436, 0.5065970790508051, 0.37180790499988237, 0.5574546014099917]], "feval_count": [210, 210], "n_trials_instructed": [210, 210], "passing": [true, true], "completed": true, "points": 0.0, "winner": "bobyqa_noise_cube", "loser": "hyperopt_atpe_cube"}