{"n_dim": 55, "n_trials": 130, "objective": "markowitz_return_on_cube", "white": "hyperopt_rand", "black": "scipy_lbfgsb", "traceback": ["passing", "passing"], "best_val": [502.608486217279, 451.6623521799507], "best_x": [[0.07492233454209885, 0.8549228672773825, 0.5215767928171251, 0.5928325315274425, 0.6132109169141016, 0.6834708874858794, 0.11777636594694857, 0.45470813354615847, 0.12117475462221419, 0.8511583354158347, 0.18535626839673236, 0.2933969326815864, 0.5763987710234428, 0.5405326331271065, 0.49463080716026764, 0.4619110813918169, 0.5885642802934774, 0.7292603098102786, 0.2375441730562378, 0.37886325497203543, 0.6333137562438633, 0.02026881176087167, 0.06623815801051552, 0.7021533302669106, 0.9608597871922007, 0.232262274839739, 0.3886971859103076, 0.3714192989908512, 0.7411668080510396, 0.7538443891972133, 0.4983621076524935, 0.5961687428959992, 0.5379041245262333, 0.40270680359851796, 0.043538230065325326, 0.8523786843901032, 0.6909326554837264, 0.7593452705222691, 0.831444458033491, 0.7410471150571379, 0.6774041156770718, 0.44339264188144684, 0.2803033399839799, 0.8181163981118533, 0.029530823230737913, 0.4140409190542006, 0.1311395688962466, 0.9102184996175546, 0.5325792943270171, 0.95553485970825, 0.6586119582051904, 0.4362432859986984, 0.26536788298491976, 0.7281796795502032, 0.6038448423170552], [0.0, 8.326873455522378e-11, 4.211490461783243e-11, 4.0858602138987985e-09, 4.116547864894875e-09, 1.2572545322137633e-10, 0.0, 5.5982429857288885e-11, 4.103173141115893e-09, 4.034958360679546e-09, 4.144473317688152e-09, 4.136134107787859e-09, 4.165245560739845e-09, 1.266130007267633e-10, 4.105351505784262e-09, 3.973351687612644e-09, 8.277736666488185e-11, 4.199591501818134e-09, 0.0, 9.659854991715635e-11, 4.063398584606408e-09, 4.222138707260284e-11, 4.155150199990889e-09, 4.090621262205024e-09, 0.0, 4.1368646049490025e-09, 7.785241616803543e-12, 0.0, 3.7135850532730386e-09, 4.117741099487978e-09, 4.092446105786212e-09, 1.1840807528341518e-10, 9.182991189204293e-11, 6.26721715248626e-11, 4.165191831339326e-09, 4.07611739028569e-11, 4.0929153743784025e-09, 4.216094645512027e-09, 4.078791351714667e-11, 4.1131966257849625e-09, 4.069948019166341e-09, 0.0, 4.3134041108311666e-11, 3.278410926330691e-11, 0.0, 0.0, 5.73430552027646e-11, 0.0, 4.169647217398681e-09, 4.395851826854703e-11, 3.830230278256217e-09, 4.086622996389442e-09, 0.0, 3.4898894366467713e-09, 4.121824917394469e-09]], "feval_count": [130, 3081], "n_trials_instructed": [130, 39], "passing": [true, true], "completed": false, "winner": "incomplete", "points": null}