{"n_dim": 55, "n_trials": 340, "objective": "markowitz_return_on_cube", "white": "optuna_random", "black": "platypus_gde3", "traceback": ["passing", "passing"], "best_val": [623.309998900036, 627.3536098346067], "best_x": [[0.370479903601608, 0.5002831725695089, 0.7944692506050599, 0.7954301412384028, 0.7495122849940061, 0.7278299758871077, 0.33017850505425184, 0.44766602046780124, 0.6640400361151263, 0.8589198655346807, 0.9869991971781746, 0.9155874901684153, 0.7266584714997423, 0.6661189299142528, 0.6102912654507642, 0.8529289898518473, 0.250010887014648, 0.6503651363269874, 0.7447587233530136, 0.6988721296409797, 0.1142402126842389, 0.5118967078759937, 0.503509139284097, 0.3333067733996006, 0.6721847303414272, 0.12258307844316152, 0.5360213396441839, 0.5251416357762367, 0.9832273744258727, 0.6326572326564636, 0.9852609770358879, 0.7356052906146199, 0.21804568806908298, 0.6091703050038184, 0.9529084761775808, 0.18532803280206112, 0.6464825881515706, 0.31033338506018737, 0.8721173012334215, 0.06807474465448893, 0.21587936782551997, 0.3352207757075988, 0.3685814299801996, 0.57692234549918, 0.7039804946054633, 0.5954759124579247, 0.248731532207481, 0.7120500221821994, 0.5064364245884655, 0.10533063710377699, 0.4795730149113202, 0.4256081865520227, 0.7756011523462634, 0.9643194608759705, 0.620093033057254], [0.9403024882293948, 0.49284324809256186, 0.724903711315008, 0.8339956968219917, 0.5390090849199942, 0.5824730424148366, 0.960085866142757, 0.8920477369147991, 0.9889750421035841, 0.3429947796497931, 0.38134723347866484, 0.8753948168415429, 0.516583104338889, 0.1621992278220743, 0.5613068840839004, 0.9577421948019332, 0.20491785141424823, 0.6626117373046764, 0.3305857629506229, 0.5290225559281994, 0.6082749072306034, 0.4966286138179167, 0.3229922068680944, 0.07080887401869673, 0.9599630144520412, 0.19289992520318233, 0.8820218975501329, 0.5927490560134576, 0.5001905099455694, 0.15929641345468237, 0.2922535728118276, 0.19569078781703741, 0.31001715525112883, 0.8470053935727966, 0.9721088103599785, 0.9156720545942318, 0.4409921368173999, 0.1904872224448, 0.6642360568506753, 0.8169551345356011, 0.3176793548546474, 0.6245437011511644, 0.14240273567441086, 0.8668714446303094, 0.45295034189128147, 0.9268756510630431, 0.39132183513465535, 0.4172965408527245, 0.8923108925241899, 0.6325782122672947, 0.22403424217012136, 0.8004996945178243, 0.43679961227522546, 0.7252464286828643, 0.29155565570619335]], "feval_count": [340, 300], "n_trials_instructed": [340, 289], "passing": [true, true], "completed": true, "points": 1.0, "winner": "optuna_random", "loser": "platypus_gde3"}