{"n_dim": 55, "n_trials": 130, "objective": "markowitz_return_on_cube", "white": "optuna_random_clone", "black": "bobyqa_noise", "traceback": ["passing", "passing"], "best_val": [538.1555968184931, 437.123743361009], "best_x": [[0.6135324498220257, 0.19678587407298065, 0.3118708147869642, 0.6914964513507039, 0.9920783612273425, 0.8100446405703439, 0.43602388596741737, 0.39048556062104145, 0.6072992091338214, 0.24935322088712109, 0.6903719673201325, 0.061941045053666266, 0.603964940432978, 0.41896635959987194, 0.8331662267748439, 0.6054331538749572, 0.8462792876239734, 0.10641120884237087, 0.4383029039675367, 0.3843091113828623, 0.8282515187355132, 0.8466225225201094, 0.6085416798478168, 0.7832763017353243, 0.43955613942426097, 0.28284616538326957, 0.1731010236288143, 0.3824414832229779, 0.9193249750488655, 0.5914516571862507, 0.26379661640524643, 0.47717974644125183, 0.005569276912621768, 0.9594905479966368, 0.885644728482808, 0.9079662844912983, 0.9822601770534872, 0.3800276644573002, 0.48776146509506757, 0.9927580855388746, 0.4321118977041347, 0.41186270136362935, 0.5642571427076731, 0.8894620080394114, 0.2376813490734322, 0.43154578110614006, 0.668328614878978, 0.3423592989904479, 0.9074562636221907, 0.9503240893162525, 0.8783323239159313, 0.6420802416796123, 0.7375152232183472, 0.5508051472192775, 0.88582361603051], [0.37240315991884065, 0.49548362365589227, 0.49355455686488325, 0.5031162512881611, 0.5662574655778239, 0.4983524374224719, 0.0, 0.4940701417061649, 0.5069238322354103, 0.5694349009063243, 0.5051074730824152, 0.514336310003036, 0.5063380597720134, 0.499828159186852, 0.5428949390830679, 0.5684830129128507, 0.4941865326899329, 0.5260438558448571, 0.49404057599689755, 0.49480743937176414, 0.5667248043720668, 0.49609490991932487, 0.4977339852584934, 0.5640351570584434, 0.4798372506420438, 0.5529474785748593, 0.49429414058428833, 0.4718531111343557, 0.5288107622207358, 0.5319997333617658, 0.515318939681922, 0.4981883432497348, 0.4962345422991287, 0.49332011966527917, 0.5443107698858498, 0.4926098857699077, 0.5018569094492801, 0.5535787870405577, 0.4944199020472604, 0.5654853820642319, 0.5030497225586223, 0.24617629299591426, 0.4950488182088745, 0.49412320255453307, 0.22227984427571656, 0.493357713417009, 0.4976798508893208, 0.46803683776879157, 0.5021668807674088, 0.4933931927401774, 0.5068867823097106, 0.5013079302826599, 0.47759151306351405, 0.5511586282580583, 0.5311845880719901]], "feval_count": [130, 130], "n_trials_instructed": [130, 130], "passing": [true, true], "completed": true, "points": 0.0, "winner": "bobyqa_noise_cube", "loser": "optuna_random_cube_clone"}