{"n_dim": 55, "n_trials": 80, "objective": "markowitz_return_on_cube", "white": "optuna_random", "black": "scipy_lbfgsb", "traceback": ["passing", "passing"], "best_val": [510.28513182537023, 451.6623521799507], "best_x": [[0.21562169629229344, 0.6731719741956464, 0.4336272910286594, 0.5083202433918579, 0.7998412942739215, 0.6986204006673039, 0.19174535061261988, 0.4217786955341243, 0.401285192765662, 0.37827510951164134, 0.8090690595035147, 0.5834277545362515, 0.21137877042348063, 0.6010749163982055, 0.7161422943077332, 0.7512418233600269, 0.31910552684242444, 0.5279186811092309, 0.09673297847492379, 0.9471531944533071, 0.5012761088127345, 0.7474618065230727, 0.8583350753965296, 0.09055805173716291, 0.6367436651921019, 0.4329486585446448, 0.9879861608941217, 0.2969320004709102, 0.7145137582052398, 0.04325308255831295, 0.9836313974359507, 0.4836723183878524, 0.81722945544513, 0.3395276072364388, 0.14186983664058306, 0.7453795422824944, 0.6072767513951464, 0.881838255640317, 0.7909929752464964, 0.6167472769218485, 0.746866900367129, 0.36027857855414, 0.1635725026116328, 0.05754302923060395, 0.15855773779580007, 0.1765341149652072, 0.8220503808460136, 0.8652786691528186, 0.7177716494341069, 0.4223665400688542, 0.8965484758448824, 0.24571959077601369, 0.4358615396460379, 0.573375107337368, 0.3615762268439694], [0.0, 8.326873455522378e-11, 4.211490461783243e-11, 4.0858602138987985e-09, 4.116547864894875e-09, 1.2572545322137633e-10, 0.0, 5.5982429857288885e-11, 4.103173141115893e-09, 4.034958360679546e-09, 4.144473317688152e-09, 4.136134107787859e-09, 4.165245560739845e-09, 1.266130007267633e-10, 4.105351505784262e-09, 3.973351687612644e-09, 8.277736666488185e-11, 4.199591501818134e-09, 0.0, 9.659854991715635e-11, 4.063398584606408e-09, 4.222138707260284e-11, 4.155150199990889e-09, 4.090621262205024e-09, 0.0, 4.1368646049490025e-09, 7.785241616803543e-12, 0.0, 3.7135850532730386e-09, 4.117741099487978e-09, 4.092446105786212e-09, 1.1840807528341518e-10, 9.182991189204293e-11, 6.26721715248626e-11, 4.165191831339326e-09, 4.07611739028569e-11, 4.0929153743784025e-09, 4.216094645512027e-09, 4.078791351714667e-11, 4.1131966257849625e-09, 4.069948019166341e-09, 0.0, 4.3134041108311666e-11, 3.278410926330691e-11, 0.0, 0.0, 5.73430552027646e-11, 0.0, 4.169647217398681e-09, 4.395851826854703e-11, 3.830230278256217e-09, 4.086622996389442e-09, 0.0, 3.4898894366467713e-09, 4.121824917394469e-09]], "feval_count": [80, 3081], "n_trials_instructed": [80, 23], "passing": [true, true], "completed": false, "winner": "incomplete", "points": null}