{"n_dim": 55, "n_trials": 550, "objective": "markowitz_analytic_on_cube", "white": "optuna_random_clone", "black": "platypus_gde3", "traceback": ["passing", "passing"], "best_val": [19.644835713426264, 18.403367308351402], "best_x": [[0.5995607567025747, 0.08213942651768624, 0.06636220076082144, 0.01566403641998182, 0.00775475527600511, 0.4043168775223799, 0.48654064561968036, 0.6907398683542512, 0.31988802313932096, 0.607518943857196, 0.8002026855396427, 0.4599920381143807, 0.14784091113475728, 0.5396905900366421, 0.19743837096605366, 0.2011504419786534, 0.8318661480431908, 0.4035853692134511, 0.5449169400383885, 0.21499366272007703, 0.9585556068563417, 0.6424480758935132, 0.5160720165663547, 0.961516863150536, 0.005023591100374869, 0.4092137523576922, 0.3936656853641597, 0.07257805857140287, 0.22169833823079066, 0.16076710675140027, 0.02848885655798683, 0.4795858970290373, 0.30920156903327367, 0.3112199190838366, 0.14090009538708148, 0.6312312704827591, 0.11642859565669517, 0.18778533815598242, 0.7547986069662186, 0.5893089690134545, 0.47927664345177845, 0.3664266904012966, 0.12345384270192317, 0.6450755846631605, 0.6482920442735194, 0.17194914667219752, 0.13843322980028094, 0.37678772146538564, 0.7631539891698481, 0.192446911527401, 0.08954413703270303, 0.18574659837639673, 0.33101823063166946, 0.8508459370826548, 0.2875148484858693], [0.11834669224860672, 0.13796863767912193, 0.0, 0.40032378869419716, 0.5170119819888059, 0.1303144957683302, 0.43607202191083494, 0.4764747670295467, 0.5230005004474019, 0.3656079959238027, 0.05716990078629647, 0.2568906353968471, 0.07048118360853406, 0.1988382384950652, 0.9877028039528098, 0.15194158288177545, 0.9579484677127168, 0.30265492388983084, 0.42605050044065595, 0.24743689625376952, 0.2834897484443612, 0.267346660105017, 0.4043337531852787, 0.8496724968468472, 0.7878324732938288, 0.27577401339666363, 0.8571686717441853, 0.25846704827244393, 0.0, 0.5475106863998439, 0.5334233597905065, 0.3788062496506355, 0.5378404346994333, 0.29411410781001524, 0.6607339964757941, 0.16686164776233947, 0.3944989939599758, 0.6159684028062924, 0.014430418139282752, 0.6020625585411158, 0.08618853571129581, 0.396525305483062, 0.0, 0.22936678689951762, 0.4718734883416973, 0.715229691655253, 0.13579552887161705, 0.29990043800896343, 0.19656824422982044, 0.0, 0.02946461853313409, 0.6279620748830954, 0.32872747601708774, 0.8093813409874392, 0.04033344823076235]], "feval_count": [550, 600], "n_trials_instructed": [550, 550], "passing": [true, true], "completed": true, "points": 0.0, "winner": "platypus_gde3_cube", "loser": "optuna_random_cube_clone"}