{"n_dim": 55, "n_trials": 80, "objective": "shaffer_on_cube", "white": "optuna_tpe", "black": "optuna_random_clone_1", "traceback": ["passing", "passing"], "best_val": [65.94342779220256, 82.0287292495817], "best_x": [[0.4176183830257412, 0.45028245169962977, 0.4564051220093757, 0.7055062186663541, 0.6572196411181489, 0.47379760650467784, 0.4803597442418842, 0.15962976475611756, 0.5095017351689222, 0.34296315062995686, 0.6343998276890084, 0.5694640833163198, 0.42890569207538976, 0.48985385026905126, 0.5091122598572405, 0.2796204897284089, 0.4972173226685418, 0.47281265266293787, 0.1916625344166612, 0.2416982457445771, 0.7869321975832604, 0.6820952815960872, 0.6968324252689109, 0.5164902510457282, 0.3969608341947907, 0.5075851338869878, 0.41849215388029826, 0.39015476570230456, 0.34445838655355954, 0.19318633384663428, 0.5613129494568111, 0.526618100522393, 0.5041967626555288, 0.34473494721271186, 0.4483091462854508, 0.5254243433064244, 0.5948188639603817, 0.7432270958928424, 0.07071786085335213, 0.27435321169141536, 0.5739376171794444, 0.4936659439918146, 0.43165814320064533, 0.21663255409716115, 0.7043717616911108, 0.38831276578760293, 0.6779351764301959, 0.5516072794780355, 0.7990023589682224, 0.6798999560277235, 0.564948596407105, 0.28177694198247794, 0.1746350458925851, 0.5005484580152834, 0.21909119680961614], [0.32535519213939423, 0.9075090310785703, 0.5625901381338748, 0.6168398059533604, 0.591874831923767, 0.07786928101194757, 0.6367030477276653, 0.4235858524766456, 0.43120559580188045, 0.94146178198696, 0.2861182316780301, 0.5976442874740961, 0.3099208478156148, 0.5510687717402943, 0.27225766332167056, 0.7723432443526578, 0.8699458570293623, 0.48639372438512685, 0.011316403219215232, 0.7913342924739025, 0.52516195114472, 0.34644011658392015, 0.49648008653103015, 0.9247383048631197, 0.04685479421458205, 0.3844257663384332, 0.9879021397502367, 0.9331864148132539, 0.6867600567548188, 0.5495936529764368, 0.7152305360173404, 0.16249860781304537, 0.42098427937909266, 0.5577594754089543, 0.86823821360894, 0.2707655936652389, 0.3332718057379175, 0.8606226003768851, 0.1501746883162206, 0.39378529164442244, 0.3642076501671144, 0.4462859703242318, 0.0671045142414397, 0.6495015554478137, 0.639022871941349, 0.8598236582982233, 0.7472988627733744, 0.5661834838049242, 0.7085936237966755, 0.48976110316235444, 0.6910411234035241, 0.8451585345546022, 0.8489707711352136, 0.16164528101829556, 0.2964796029586392]], "feval_count": [80, 80], "n_trials_instructed": [80, 80], "passing": [true, true], "completed": true, "points": 1.0, "winner": "optuna_tpe", "loser": "optuna_random_clone_1"}