{"n_dim": 55, "n_trials": 550, "objective": "markowitz_return_on_cube", "white": "optuna_tpe", "black": "optuna_random_clone_1", "traceback": ["passing", "passing"], "best_val": [464.5162898751967, 508.20010056664927], "best_x": [[0.46134461484327255, 0.6345164438056311, 0.9310886480977868, 0.19823450514110202, 0.7573852214737943, 0.9631396859278786, 0.22026423757261515, 0.5737018308982089, 0.9678291321364588, 0.6282831747132418, 0.7779558658045636, 0.5772125722446111, 0.727757427040055, 0.9649079482382747, 0.13616596878907689, 0.5203297474054908, 0.5285058619361722, 0.7490822583986728, 0.9537708504084925, 0.1729719153519982, 0.7055167254737602, 0.7870651651891969, 0.9358834121267212, 0.5784493744693228, 0.3736683290700409, 0.9546390080090243, 0.957655695731357, 0.7226436560579945, 0.7068471611778719, 0.6132427999092943, 0.5985536357636233, 0.3451797519400615, 0.9297876863744592, 0.7584072812397795, 0.7281015238441533, 0.3893371205809746, 0.6563708547876782, 0.6201681472364046, 0.8311889771295438, 0.8029116545758566, 0.7168655414283435, 0.4107116177076931, 0.690102963362328, 0.8198514718184279, 0.3407579745657578, 0.1128091275645906, 0.9813027161063512, 0.3201498736877729, 0.8569681192604395, 0.4292222298861973, 0.9162102234464471, 0.6710898936619814, 0.026186493850937402, 0.7089926018968146, 0.5948227460152089], [0.2027729582090071, 0.5336201097625725, 0.5558036757288828, 0.5090747222139671, 0.3562706009319263, 0.6661695025757473, 0.7751751931065506, 0.13409396139598073, 0.5629509372232683, 0.5997994094744565, 0.8087110672646506, 0.8884523762694277, 0.2710045035522397, 0.9306443868010656, 0.6637688180499017, 0.9244167974510829, 0.951089007142243, 0.6511739267072038, 0.17005382159593907, 0.9640706480719037, 0.7946153247940815, 0.3151711204873908, 0.8498614531393484, 0.7747890520235888, 0.9224739617316883, 0.8307900613803859, 0.11721234292136318, 0.2813655650013164, 0.7798731707034612, 0.8137465461027034, 0.1262275478920889, 0.7430333682651188, 0.0856468182203508, 0.3125011791616603, 0.2442147579941344, 0.9542839214276667, 0.596075113525784, 0.7164900021414465, 0.3226649893780509, 0.5718463956963213, 0.21894240268688814, 0.1636779518323217, 0.20630506276201166, 0.5667914495880692, 0.06035612117729572, 0.8194589902110986, 0.22255255307069843, 0.5894709869141589, 0.562644893388134, 0.36054879079908175, 0.4991839293873638, 0.0366999291382617, 0.14382933291956113, 0.39110024685538536, 0.27520629906644556]], "feval_count": [550, 550], "n_trials_instructed": [550, 550], "passing": [true, true], "completed": true, "points": 1.0, "winner": "optuna_tpe", "loser": "optuna_random_clone_1"}