{"n_dim": 55, "n_trials": 340, "objective": "markowitz_return_on_cube", "white": "optuna_tpe", "black": "hyperopt_tpe", "traceback": ["passing", "passing"], "best_val": [540.4784496303254, 531.5972990505901], "best_x": [[0.4886379705430821, 0.7852040526288298, 0.758042341754998, 0.36759748669634196, 0.04169829620876133, 0.8629254801202672, 0.6168013481836832, 0.6106497055809803, 0.6520176540509751, 0.429195204696476, 0.767333075825705, 0.25977783244107316, 0.8155771742705971, 0.43679381703245335, 0.9352775425106087, 0.8586161620870219, 0.5271739824098881, 0.591841817860418, 0.8280077048945382, 0.753043852743336, 0.8402699545036141, 0.38886045913858985, 0.44757270259321374, 0.7628115595701317, 0.30674905776551264, 0.8690896828066288, 0.9949086108527917, 0.025748149651880003, 0.054267823399320514, 0.7008009561575783, 0.7686808609477089, 0.24215780831150596, 0.592069428207093, 0.4276328534595217, 0.0006707385090858888, 0.3956177432577014, 0.7493693561409961, 0.18548169759824612, 0.8822606222997225, 0.9065129931791868, 0.34427265121883915, 0.4661004730379581, 0.5984486004277884, 0.5250123064961377, 0.21273245725919035, 0.7432123982385312, 0.6933035470747592, 0.8682669350711161, 0.29319769042703675, 0.14686343924081832, 0.7161114816699008, 0.4011129055521128, 0.699922022622302, 0.990694197561343, 0.6251063036742444], [0.4828813410375762, 0.6844050418799403, 0.05986639626578726, 0.4357456889615272, 0.4075285062061498, 0.8037073127401674, 0.7474744466353113, 0.689329088678903, 0.755305768072541, 0.41659134713370716, 0.4497743646712077, 0.4347207731367701, 0.35711361286526977, 0.5230991023872781, 0.5596711181383962, 0.9464113553713221, 0.5225904612837086, 0.6302624386257301, 0.5390796568685754, 0.779068568274605, 0.5418546177964567, 0.6694522778685799, 0.8419594727211601, 0.47744393698453336, 0.48943634441280925, 0.5327067756642708, 0.5956725211354362, 0.48767817630756244, 0.24675419534086193, 0.5960932962348907, 0.6569586961932592, 0.6292290749110858, 0.6316771752878209, 0.4361666366776974, 0.026207402181007727, 0.6087597474219524, 0.5229343982769403, 0.72037979580803, 0.6500147276130459, 0.6632077711491526, 0.006440605573812291, 0.4057315774088173, 0.34785959406851663, 0.43445977200725316, 0.07178074163617841, 0.596679834645971, 0.7549626064883959, 0.6194648741488824, 0.44727127974358294, 0.4670227693980685, 0.21210212670618184, 0.6309951034033168, 0.5784622707669067, 0.5576040039553719, 0.3826487678450231]], "feval_count": [340, 340], "n_trials_instructed": [340, 340], "passing": [true, true], "completed": true, "points": 0.0, "winner": "hyperopt_tpe_cube", "loser": "optuna_tpe_cube"}