{"n_dim": 55, "n_trials": 130, "objective": "markowitz_skew_on_cube", "white": "optuna_tpe", "black": "scipy_slsqp", "traceback": ["passing", "passing"], "best_val": [17.19201499985944, -0.22338772588080152], "best_x": [[0.15332045237014963, 0.05043456754469685, 0.17139962937826253, 0.1333207989868223, 0.9983921280091038, 0.5856261225097509, 0.19828420918548229, 0.9249604756996869, 0.12912397876889575, 0.09179731274547716, 0.3856472832775104, 0.2129155886124544, 0.2483305308134902, 0.48228826655486307, 0.03524158916308725, 0.5220112544563207, 0.3637579759557076, 0.42401538220619417, 0.16369772586801948, 0.17393630152792972, 0.04464638515539707, 0.16125102328549235, 0.0864280734969166, 0.24606988985381878, 0.8831741783299374, 0.22548993779768528, 0.02431638876489214, 0.1608524965967607, 0.9028757362402204, 0.5522646758721642, 0.007720959368725827, 0.01796331652779381, 0.11299806411348984, 0.2742258128589984, 0.3943282304480449, 0.7631325207902856, 0.4008154040148645, 0.13532098870746578, 0.728911536975284, 0.45060845771110614, 0.20067448803555576, 0.1568369510238139, 0.9486993542318469, 0.6740599637379354, 0.19948511851555908, 0.6467009031651378, 0.3481375141288133, 0.11753205697340711, 0.004996711527401249, 0.3167211232112951, 0.5591766830625249, 0.38200242542119583, 0.673060077676867, 0.160537964549869, 0.30716845432186285], [0.0, 0.13765284919666249, 0.02586349000788746, 0.0, 0.061362920795133065, 3.231811006824014e-16, 0.034837552188818954, 0.04731089289162838, 3.2195935298122056e-16, 6.240248109427963e-15, 0.06008640933903978, 0.0, 8.979784950085082e-17, 0.01165477239766806, 0.0, 0.04876637146299573, 3.5657454878287633e-16, 0.0023292252930835837, 7.778966031277296e-17, 0.0, 8.500296635439177e-17, 1.3907818532872786e-15, 0.022501467873181132, 3.956469356708193e-17, 0.003758546145971865, 0.11454427654622211, 0.0, 6.846493147145168e-16, 0.09281068063847109, 5.291732071734678e-17, 0.08955838277069775, 0.0030241285758113878, 0.04637924406972037, 3.3134215405984124e-15, 9.180290177466121e-16, 0.0030448410120106125, 4.3184859736112296e-17, 0.0, 0.04168044469654036, 3.228521224748818e-16, 4.560161171858691e-16, 0.05654578290490074, 8.606362669093369e-18, 0.047712178714016305, 3.624639795478862e-16, 0.04604317716977347, 0.0, 6.306223781272996e-17, 6.668069187185803e-16, 0.0, 1.1656451029581053e-15, 8.562451663551127e-16, 1.3126701204374436e-16, 2.1873680323672394e-16, 0.0025324995117758224]], "feval_count": [130, 1827], "n_trials_instructed": [130, 39], "passing": [true, true], "completed": false, "winner": "incomplete", "points": null}