{"n_dim": 55, "n_trials": 210, "objective": "markowitz_realized_on_cube", "white": "platypus_smpso", "black": "platypus_spea2", "traceback": ["passing", "passing"], "best_val": [19.51961239082251, 19.87579665431294], "best_x": [[0.10556711028865531, 0.6329645414284933, 0.5870474694223398, 0.577567970734852, 0.7665606118474475, 0.559829958284882, 0.049190386759574586, 0.3683789789229498, 0.2807910367073915, 0.9245478934425778, 0.5303066044360121, 0.14118615341009932, 0.17973656643405023, 0.6801051847408616, 0.46383145063876663, 0.35632693324773457, 0.335955079600326, 0.48211421849226943, 0.5892940928124554, 0.10621043354546178, 0.30002700540682625, 0.525237749986859, 0.23967235949887888, 0.5280427080981875, 0.5016425115019278, 0.2126759893770371, 0.0, 0.44270987852084215, 0.0, 0.9192390782302376, 0.4487426579363537, 0.030269031554092996, 0.1261582501464506, 0.41830595094312095, 0.0, 0.11380480829642864, 0.0, 0.32852287996038865, 0.15704631023372662, 0.0076040934221169865, 0.27176033590713256, 0.5552364210862296, 0.5008875940962457, 0.8753334944070866, 0.2984874360647235, 0.38440386089854095, 0.7003224979041413, 0.920071778011087, 0.5249713622501884, 0.36091784861460086, 0.11921655184256286, 0.40986364168358297, 0.06367373221724582, 0.1151754930277899, 0.9519281377543116], [0.16011524554427725, 0.42629813150661544, 0.6509030973818345, 0.333896194748197, 0.7998075938186178, 0.20350356496646416, 0.10450451717944687, 0.845528451820328, 0.39236535431474573, 0.5791898158190695, 0.3271407638163703, 0.1842967605726199, 0.059132751683781404, 0.10062835509889034, 0.7411579733067286, 0.16472908272933584, 0.9692378648710523, 0.2382576583410575, 0.04412238831395737, 0.19737108380427315, 0.0674637459261932, 0.7027774501002585, 0.8927987962263584, 0.7737315693487978, 0.778924127200915, 0.006276217128084238, 0.6801768578324974, 0.17211440591308425, 0.10386772388870835, 0.23773626415590143, 0.1655746078538748, 0.17810590096163614, 0.29934639650504513, 0.43580699997331673, 0.5854041317352771, 0.5443516894616321, 0.14108409701928148, 0.3138343697819203, 0.217391566965491, 0.3122634528054067, 0.2295731072849767, 0.1258676092538673, 0.4039917870560581, 0.8300920218430394, 0.17944839557895054, 0.12780912616260942, 0.657326642747733, 0.6658861888190932, 0.1260884361659722, 0.16302698032676632, 0.818655584367094, 0.264086249732147, 0.7560540252146234, 0.8281481259736948, 0.11844944873690727]], "feval_count": [200, 200], "n_trials_instructed": [147, 200], "passing": [true, true], "completed": true, "points": 1.0, "winner": "platypus_smpso", "loser": "platypus_spea2"}