{"n_dim": 55, "n_trials": 340, "objective": "markowitz_return_on_cube", "white": "platypus_gde3", "black": "optuna_random", "traceback": ["passing", "passing"], "best_val": [502.8519096778091, 508.9598403272713], "best_x": [[0.552488976664465, 0.654974958470318, 0.1589578287047793, 0.486534016687191, 0.4854575655150012, 0.5771542205090557, 0.27098818149864035, 0.733930785553359, 0.707051907400608, 0.25179213687666746, 0.9660903449758957, 0.8839836015497269, 0.19235910214282748, 0.9762163243300218, 0.5880903527238932, 0.5091030716431237, 0.9845568718634592, 0.4174015544027879, 0.7436451024266919, 0.8699874752510743, 0.7626843983843407, 0.31852423930451323, 0.6522599913528631, 0.11437311427083752, 0.7878599815183286, 0.5215753313330863, 0.11545588267308604, 0.11127363506223353, 0.9951723486966723, 0.37257801892202125, 0.03481118386217552, 0.16909874553075022, 0.4840162618229268, 0.3796918637419687, 0.8794619431311608, 0.4973989444401602, 0.6465687697274746, 0.9247506289271531, 0.7316041021076507, 0.7059344390252374, 0.8871447341032321, 0.3374932960956655, 0.7206422218511173, 0.18787340119180096, 0.06539751066523647, 0.7811921135732185, 0.6123053766327275, 0.42319623405220097, 0.3772200758680586, 0.4308267022951383, 0.5846061920667169, 0.8583360401517226, 0.06714084389349717, 0.3200850320068862, 0.7181645239036045], [0.35353019238118, 0.14085435394450208, 0.5789118366584284, 0.6935050686237445, 0.8139576193193526, 0.3180714357865796, 0.041618984367475464, 0.8600027094654347, 0.3559319397318249, 0.7092729505760818, 0.8686916039002894, 0.9877062028764504, 0.7035116163637393, 0.05051282071811447, 0.5165168321423768, 0.9250103628602672, 0.8159807702023486, 0.9446953507536104, 0.1705569026486079, 0.681464828567837, 0.33096892826358526, 0.1337618488897745, 0.8500774711625225, 0.9957101200687285, 0.7088795009624028, 0.7716839343999206, 0.04314363513302555, 0.9433364504666575, 0.3370588180587317, 0.31788022633704294, 0.7390182576789657, 0.5273904574800605, 0.5028007773698342, 0.8718798319215681, 0.940005425121465, 0.12400667317544545, 0.36004852149917843, 0.9907609479887887, 0.8680775084173573, 0.08406395015724599, 0.1919345959269677, 0.5109667351868484, 0.6666730432030216, 0.4813763987287035, 0.3739256636114964, 0.21822960289808224, 0.6766347265871117, 0.6963604709686564, 0.8665679594578405, 0.8509953455026714, 0.7760024683808275, 0.5704259817490512, 0.6899765407685634, 0.5370041978025616, 0.6906670961965021]], "feval_count": [300, 300], "n_trials_instructed": [237, 300], "passing": [true, true], "completed": true, "points": 1.0, "winner": "platypus_gde3", "loser": "optuna_random"}