{"n_dim": 55, "n_trials": 210, "objective": "markowitz_return_on_cube", "white": "platypus_omopso", "black": "bobyqa_noise", "traceback": ["passing", "passing"], "best_val": [465.9303473491522, 411.9589414455707], "best_x": [[0.301615977781923, 0.1539898341015279, 0.58475098325119, 0.5957093918407594, 0.6340888211258342, 0.7565954508256805, 0.017448020284538318, 0.7245072610441808, 0.4452600642579036, 0.28854924508992763, 0.5883555540989864, 0.7357924950160344, 0.3615664675411213, 0.5799638739510682, 0.6477992383531241, 0.6101225230891122, 0.5425740759602, 0.6948245088550911, 0.4986774755312583, 0.5589443719835732, 0.817567596200027, 0.1908064528807099, 0.5234474590893963, 0.6666102420893756, 0.23500919370486262, 0.7394735165259688, 0.5550669802045756, 0.5343855918749099, 0.5357605171854762, 0.4634826922568832, 0.4524875272281321, 0.39544361523317206, 0.5718425311388274, 0.1516232190306285, 0.9917703988908186, 0.5916414110451514, 0.384905588627346, 0.6658006353277592, 0.6301175274538047, 0.7338144712543953, 0.5286260945045312, 0.2510731168664282, 0.4433581475448699, 0.4779654440464603, 0.3965402492038901, 0.6967757094263011, 0.9189766585430201, 0.8247283390206959, 0.7336822526813017, 0.9037281482766607, 0.4629953567215133, 0.22755445223802528, 0.3480907847002275, 0.6014156775330111, 0.12334827904154455], [0.23272472333411987, 0.5844438710210567, 0.5801822687736629, 0.4486150728696709, 0.5548319758190755, 0.5517790988979429, 0.0, 0.5980673109950294, 0.44144775071419057, 0.5586581645664876, 0.4427409431259345, 0.5143554092826662, 0.45793783315882386, 0.495277555210173, 0.5808753820070965, 0.3990731367275125, 0.6376543149697906, 0.5368095949592737, 0.4787244569910121, 0.5998809747021455, 0.4673446071636403, 0.4052880222091195, 0.5840769073395277, 0.5165419456268608, 0.25993061293699504, 0.6329209415487015, 0.4614283356801185, 0.30020371884484454, 0.3980152307209398, 0.48327965986782795, 0.5177706513281586, 0.5278116334538295, 0.5498615160065884, 0.5370507925855484, 0.6735751373958987, 0.5195981667694873, 0.4422908851398623, 0.6095206398095655, 0.554429461082977, 0.5787707010160954, 0.46828413157212134, 0.20703752612548354, 0.44279178612463965, 0.5084153138346502, 0.10880159098292608, 0.38959290002246383, 0.5161862855190741, 0.7467656058933831, 0.4526386710336954, 0.5128464513458777, 0.5269590907518804, 0.44465360703575, 0.15111793398278334, 0.4638383035572934, 0.5182576568486595]], "feval_count": [200, 200], "n_trials_instructed": [147, 200], "passing": [true, true], "completed": true, "points": 0.0, "winner": "bobyqa_noise_cube", "loser": "platypus_omopso_cube"}