{"n_dim": 55, "n_trials": 340, "objective": "griewank_on_cube", "white": "platypus_omopso", "black": "bobyqa_default", "traceback": ["passing", "passing"], "best_val": [968.8275290902827, 0.5312996961213743], "best_x": [[0.4558405443026203, 0.5777433999458483, 0.328164938606521, 0.4164775412560806, 0.40542622361575265, 0.43862285059782186, 0.2639868449542646, 0.479665259501878, 0.5071757897662895, 0.4140141921836759, 0.5519251064467208, 0.294598684872981, 0.6522849745082901, 0.35168399255821275, 0.5940421628133852, 0.7163333389604892, 0.4360814195426961, 0.5997474391578062, 0.5336598028546629, 0.5147688200537675, 0.5952201641464132, 0.4220518174162812, 0.7450949774687603, 0.5853364138425368, 0.5060800325409446, 0.5720738868908748, 0.046321837241399266, 0.42184470884624203, 0.46553483850702265, 0.7266885300358286, 0.39255194519351827, 0.2224838673996082, 0.33686027864150353, 0.5001270084830296, 0.5402399008199033, 0.5647294628625014, 0.9267789657831625, 0.37282704291785, 0.7258467433022656, 0.41646313419001674, 0.2980425025546132, 0.3245983673441254, 0.40238020920461587, 0.7442503437793144, 0.5322949817349222, 0.4741796972172846, 0.34235376532365486, 0.49056898209970784, 0.5698386728521614, 0.3636624018527265, 0.6146561280677234, 0.4219601172060079, 0.36264653289884813, 0.655536291019894, 0.6490835631213956], [0.5325028014109211, 0.5326124241610186, 0.5325405131739983, 0.5328479790163847, 0.5329052286301199, 0.5323924886466415, 0.5325803472052995, 0.5320984087674108, 0.5324463318102778, 0.5326285341228759, 0.532670325585776, 0.53295713080667, 0.5320949626987143, 0.5326969379473195, 0.5329425130028249, 0.5324671113024044, 0.5323562621499855, 0.5325180561091651, 0.5324066294843658, 0.5320404366588292, 0.532469160995957, 0.5326970388518066, 0.5326080994828556, 0.532319561986538, 0.5317261523865144, 0.5325254716490234, 0.5315703870179989, 0.5334043822082504, 0.5331047300036756, 0.5317242354412168, 0.5320243484640572, 0.5323822981807188, 0.5320167000359971, 0.532821095457029, 0.5326053060738817, 0.5323697696355857, 0.5321243924392794, 0.5319330603679739, 0.5314776811694684, 0.5332080697064897, 0.533243494745699, 0.5325989969896876, 0.532617037028667, 0.5325092930634265, 0.5324768952916903, 0.5329400227996914, 0.532758284775248, 0.5332108105009193, 0.5320976249737487, 0.5320741758387896, 0.5316012493690719, 0.5328253170644719, 0.5327794966447121, 0.533252612621045, 0.53166554495674]], "feval_count": [300, 300], "n_trials_instructed": [237, 300], "passing": [true, true], "completed": true, "points": 0.0, "winner": "bobyqa_default_cube", "loser": "platypus_omopso_cube"}