{"n_dim": 55, "n_trials": 550, "objective": "markowitz_return_on_cube", "white": "platypus_epsmoea", "black": "platypus_nsgaii", "traceback": ["passing", "passing"], "best_val": [455.97253864482536, 463.1469593361705], "best_x": [[0.8186054890857433, 0.9752568900977274, 0.846031932594542, 0.8727374577983393, 0.8570907589756265, 0.7079701308298776, 0.5181692080361656, 0.5767578205745807, 0.8986601202608908, 0.9331834102188533, 0.4928950307562125, 0.9066440676018188, 0.892476773164246, 0.6662196436717256, 0.9716444217027048, 0.9001891860283621, 0.887117088951492, 0.951207703464366, 0.7190578434050275, 0.9343229017351752, 0.9224299983487143, 0.6518069057927991, 0.6451309329249155, 0.8971696580414034, 0.630503307450447, 0.6402264184887665, 0.7131034250597225, 0.47388786115833104, 0.9050535380437574, 0.951503301579663, 0.3973296216339235, 0.8956910135168515, 0.6043386836319681, 0.9257399662975213, 0.8776615035792324, 0.6262550396544854, 0.7556645617332209, 0.9913322186878126, 0.780598147658602, 0.8535755492786231, 0.7981462177640667, 0.8782099806865284, 0.9830922992542983, 0.6985965582568242, 0.7434133258674445, 0.07861026375860566, 0.3547980201036481, 0.5847149279194398, 0.6550825877795121, 0.18961963822907046, 0.959661891514513, 0.841384463035071, 0.46510754330223303, 0.9723805295390677, 0.8993323318977701], [0.2861008468384469, 0.7453685629563842, 0.6088257044283125, 0.7972317843697957, 0.9868634764403581, 0.7376249740442697, 0.134560762251865, 0.44879011646694833, 0.48852354513929946, 0.9135638342922074, 0.7635089546191328, 0.7034500242908293, 0.8334052506694125, 0.8922090453297112, 0.6168641504974712, 0.4862645188269311, 0.6782023046780467, 0.7183822981204844, 0.2886923529045931, 0.17057697092831836, 0.3787836493949321, 0.44987821407108136, 0.6738159573948799, 0.7849184634034685, 0.8324452163152006, 0.7557492715046247, 0.21913362264776337, 0.478430147710505, 0.5071394959627245, 0.5247595017917884, 0.6990656675962938, 0.9442466903425835, 0.6781934033708825, 0.7635735488706223, 0.12948444751982816, 0.9267671776417207, 0.9329248964682165, 0.7378944947388715, 0.45191303863357196, 0.6041120118329535, 0.4878785273776156, 0.1085159275705449, 0.9768425722426506, 0.7932780517897845, 0.30432122013042695, 0.706669378180699, 0.29183380641728407, 0.43698898654017093, 0.6373526687745837, 0.653858827486697, 0.7416014190750035, 0.31082565124048545, 0.10136726626894138, 0.5972167210893783, 0.521708119006489]], "feval_count": [550, 600], "n_trials_instructed": [550, 550], "passing": [true, true], "completed": true, "points": 1.0, "winner": "platypus_epsmoea", "loser": "platypus_nsgaii"}