{"n_dim": 55, "n_trials": 340, "objective": "markowitz_return_on_cube", "white": "platypus_nsgaii", "black": "pymoo_unsga3", "traceback": ["passing", "passing"], "best_val": [514.9628944783851, 542.7258826770211], "best_x": [[0.8134538534338303, 0.881751057677021, 0.4397287071170187, 0.12818039557146949, 0.33382841699512733, 0.8222385554512973, 0.6347549793727053, 0.480547106696097, 0.588809184819403, 0.9060989568245306, 0.32406992685827196, 0.9611221040948423, 0.5897531377154249, 0.18741987207837274, 0.735282589060711, 0.950095662175553, 0.7478836429253813, 0.9285425262464276, 0.4350600608356925, 0.7934745543267425, 0.9514575523198957, 0.1304606054812731, 0.8467529276268494, 0.9604330440709254, 0.9545908711346098, 0.8968025006838599, 0.6021466821020257, 0.338236835554565, 0.7963711611186516, 0.5850785417180181, 0.04787288322980954, 0.7671800719546341, 0.20771914612356868, 0.83141333850226, 0.9858063453709964, 0.8354180363170924, 0.9186313293928112, 0.787100850540935, 0.3366640836009679, 0.5807556668326475, 0.8328245454163002, 0.5331302769490547, 0.5460744717826249, 0.9034165387865329, 0.10348666340778273, 0.5142958826118652, 0.19014176755165427, 0.5918318119413597, 0.708414489776299, 0.12723644087969554, 0.9583312000693753, 0.4715437893012727, 0.6290396159592396, 0.47419809354986586, 0.9797425429361317], [0.7587717624036651, 0.4908032753235544, 0.29076485934109764, 0.6256401059936401, 0.32745611691602283, 0.25357205337558897, 0.8491370256924059, 0.03544747611152432, 0.677553548541338, 0.822788852615072, 0.9881425963533309, 0.3624241191988542, 0.10774233937061528, 0.8495478214537414, 0.7760235413150335, 0.8442573396642736, 0.6338668360258775, 0.38339376422768157, 0.22449248641256037, 0.3765368026675945, 0.9013828366408512, 0.9013274375887953, 0.5802265601003809, 0.5886467407535374, 0.44406344390582586, 0.8324573331329761, 0.0942218495849404, 0.47443423150709685, 0.24638550331672648, 0.5546172066067686, 0.9385653106587009, 0.6756954208494315, 0.5817275543544651, 0.4170707866906477, 0.9999999016138971, 0.730819433405974, 0.1812579825969831, 0.45098975060394386, 0.20594985553747314, 0.6484506753429272, 0.8136599827961738, 0.07717070445959517, 0.4715781237514358, 0.77735276766825, 0.49297818940326577, 0.48257553046792123, 0.4975191013584541, 0.6900930889420654, 0.51676704709154, 0.36474778465371804, 0.5346050244825946, 0.650845965857874, 0.00587880833947696, 0.845609834948395, 0.8166622394559672]], "feval_count": [300, 300], "n_trials_instructed": [237, 300], "passing": [true, true], "completed": true, "points": 1.0, "winner": "platypus_nsgaii", "loser": "pymoo_unsga3"}