{"n_dim": 55, "n_trials": 210, "objective": "markowitz_analytic_on_cube", "white": "platypus_smpso", "black": "hyperopt_rand", "traceback": ["passing", "passing"], "best_val": [18.595549635874633, 16.849760445159472], "best_x": [[0.1487647344546103, 0.5260549108202788, 0.27224660361148634, 0.0, 0.0, 0.4885887263862999, 0.09443388329761182, 0.06893562422094812, 0.2248076985157085, 0.7007039526702996, 0.0018094531813951376, 0.6083557225522578, 0.6163098736909224, 0.7873263478115796, 0.0, 0.061878476058898846, 0.4869030753777709, 0.17917553388874916, 0.024927068465721014, 0.0, 0.7050615895767094, 0.6284684178620401, 0.7991864815895315, 0.05069442480316566, 0.5084724073578429, 0.231747408125621, 0.6623407442867295, 0.30916556934867123, 0.8490579099961174, 0.12248937508393509, 0.05301507995009036, 0.4628871108860301, 0.5012866494820784, 0.353269664042425, 0.45464083163464675, 0.5191699591735774, 0.6047200931629618, 0.05256046806459713, 0.023880058002102023, 0.05440363419545375, 0.48902293830956906, 0.6433997613934384, 0.29083290848957877, 0.9238618505288513, 0.7127219203150694, 0.07367761500848502, 0.2738165180043989, 0.6605835281449506, 0.9200311119244124, 0.46200468586926735, 0.10614488529722754, 0.24209222507029482, 0.2558120310417299, 0.391560853816726, 0.41492816898493023], [0.48388972637299865, 0.05600807340215343, 0.3497397292021242, 0.4998306893869765, 0.04321223876796242, 0.5985594593836072, 0.6794151076380621, 0.15649268397460028, 0.036473845724303504, 0.6021659563025255, 0.7898566201182093, 0.17685347599994997, 0.9276983657045693, 0.04144305333490562, 0.6542400261358849, 0.09902961001562846, 0.5924566429932343, 0.16772023777275377, 0.9681085540274105, 0.15027637138599606, 0.002970632604769147, 0.6074445657138172, 0.07883580268920637, 0.16948819719686709, 0.5961833486539755, 0.5529447676021789, 0.5155652253851769, 0.17503787700627493, 0.06771395707333497, 0.841856954210872, 0.2562670220535014, 0.001422016031568482, 0.19519663548169258, 0.16336684118572029, 0.1362560446597066, 0.22457175623028156, 0.5836780982399927, 0.004849178778194609, 0.08862428419112586, 0.6782556285713811, 0.2192844542691177, 0.30739222438161196, 0.00067142472080441, 0.06693204033593361, 0.8590251033024178, 0.011041040997719132, 0.2985513345412427, 0.2177000133804074, 0.3514770137193146, 0.3313907844045434, 0.07871420558401826, 0.9611538542731929, 0.27581758914185134, 0.09189923682690135, 0.22331369500546755]], "feval_count": [200, 200], "n_trials_instructed": [147, 200], "passing": [true, true], "completed": true, "points": 0.0, "winner": "hyperopt_rand_cube", "loser": "platypus_smpso_cube"}