{"n_dim": 55, "n_trials": 130, "objective": "markowitz_return_on_cube", "white": "platypus_gde3", "black": "pymoo_nsga3", "traceback": ["passing", "passing"], "best_val": [526.4467641877428, 1607.5527831513516], "best_x": [[0.834652610031966, 0.5541791652684813, 0.5634359139130185, 0.5995858638064997, 0.5996895131980489, 0.4605028270233712, 0.14623679312254967, 0.699028425766708, 0.116633814981839, 0.021487771119398702, 0.6098886179202154, 0.5699556323428145, 0.21008562037922873, 0.9933104771636191, 0.8466194550668444, 0.9042337974359164, 0.7415280049588086, 0.9184186722139337, 0.29478550312395924, 0.8162333382621957, 0.6954386751875291, 0.11806612035311681, 0.17387356422359923, 0.7012396466322968, 0.6442382100076391, 0.7397372660511997, 0.2622470409643445, 0.5270797941507956, 0.8650078039476771, 0.3736271225253949, 0.3716388698924933, 0.8164984794673164, 0.769844444890128, 0.3653027892585964, 0.001521184739213144, 0.3397571713590707, 0.7123653328772918, 0.872701180608566, 0.9533900911305155, 0.8416337971646031, 0.8598174054920178, 0.6259869326018327, 0.06250208885528508, 0.8714095156430695, 0.4849096073207929, 0.5472328404333706, 0.1441181587857543, 0.026501752065832385, 0.2522805397865657, 0.9019375138106702, 0.7291907528134656, 0.8626183735347183, 0.10731015760197116, 0.8953581598534107, 0.6583910054167309], [0.7853330467648602, 0.41075324986176254, 0.4133929922044758, 0.8695902556721875, 0.120047442480546, 0.5648075610141491, 0.9575084502693075, 0.8027022912138895, 0.4234585085752135, 0.8003148984340588, 0.694673408615153, 0.675824461523227, 0.6386534223490444, 0.8444676133335055, 0.6602709962739162, 0.5113561714628928, 0.1425383742968721, 0.16540757396899608, 0.7871895257718918, 0.6275520585005049, 0.17498872340382465, 0.8735354876611419, 0.5695617318635466, 0.9642865542805061, 0.5013795871967177, 0.6524647415881263, 0.8963655083242986, 0.04685352968028267, 0.5292718574786812, 0.37844814370498103, 0.8111126105344354, 0.4581921479434182, 0.33530018091016744, 0.7960632454248915, 0.4789991471405215, 0.4505620072014521, 0.12226896888422911, 0.0572353745641756, 0.516455779639563, 0.1255840178457529, 0.25541232941766734, 0.3403482627228972, 0.1955453069051153, 0.25635418289096445, 0.6599227775148545, 0.9248081198635529, 0.707293267702858, 0.9228348331264599, 0.24472375732254414, 0.26646656240487954, 0.8592318280723628, 0.47393922066007244, 0.5857595436844192, 0.788255692352302, 0.9887586071736565]], "feval_count": [100, 100], "n_trials_instructed": [91, 100], "passing": [true, true], "completed": true, "points": 1.0, "winner": "platypus_gde3", "loser": "pymoo_nsga3"}