{"n_dim": 55, "n_trials": 340, "objective": "markowitz_return_on_cube", "white": "platypus_spea2", "black": "pymoo_unsga3", "traceback": ["passing", "passing"], "best_val": [517.1695250216432, 478.76051274576173], "best_x": [[0.37999595346449444, 0.5276701631735574, 0.9987950565504979, 0.4164251191726265, 0.7688014983351289, 0.9257163160625587, 0.2053217694880774, 0.9693037215398563, 0.7889950108271736, 0.8582641863717012, 0.8276005772576932, 0.11751162068941695, 0.7894401661744839, 0.8389684661164132, 0.991867133042156, 0.12700465785984283, 0.8753437153031621, 0.6394364110381849, 0.4392559570009723, 0.5367370054877239, 0.9944995163153139, 0.7919302871088032, 0.6370804238597544, 0.7085855225377273, 0.47172028969333835, 0.555747592794534, 0.0681951378281071, 0.5845314295031758, 0.81071931785361, 0.6554613056083753, 0.5162401258609047, 0.5825597288891916, 0.7435369745143651, 0.9099150697204259, 0.29989680401965535, 0.22926488955428048, 0.6064847120360587, 0.22611216008601698, 0.6840752359701654, 0.6245630718986154, 0.8243480028476433, 0.0044150191737530875, 0.2827209400924879, 0.7022022836177496, 0.6052205175724179, 0.03696249229316084, 0.2407936823278542, 0.3804386646831628, 0.8654711288579243, 0.35597548883219676, 0.25959490762179627, 0.34676776404650744, 0.21276307148479645, 0.8547515502806623, 0.46129226920828514], [0.9158302007382734, 0.3897310258226716, 0.6008948563681266, 0.7199106978661508, 0.5251968092218624, 0.7264090490285311, 0.24432966778820164, 0.7208500676273584, 0.7610784258107604, 0.3210743213232792, 0.6594859237797432, 0.5027172441994658, 0.4463299323689126, 0.5072196304917513, 0.5797140748000186, 0.727461956473267, 0.7990907497081136, 0.7655138940148738, 0.36483119827275823, 0.8335743021977667, 0.2431048918174501, 0.7934197549985625, 0.7460643627722537, 0.932193573735496, 0.5184683162058813, 0.05308654686630643, 0.42706609170034004, 0.40723760498944506, 0.7871317382059912, 0.6090640125879798, 0.5762617140320143, 0.7219943362595802, 0.738818123295844, 0.3780896712129219, 0.8060249770408646, 0.3828329152590878, 0.40093293955323384, 0.796803476392472, 0.4489911008343138, 0.7248359985360916, 0.5710709445450227, 0.14100418428165373, 0.543955113099172, 0.3011557654815412, 0.14938410183047335, 0.5731663215365539, 0.5658349768502668, 0.5517647987036669, 0.46102117414110233, 0.6502960397896242, 0.5034855483477721, 0.3847418547433823, 0.34828433100439904, 0.9901490605242783, 0.4409369081285043]], "feval_count": [300, 300], "n_trials_instructed": [237, 300], "passing": [true, true], "completed": true, "points": 0.0, "winner": "pymoo_unsga3_cube", "loser": "platypus_spea2_cube"}