{"n_dim": 55, "n_trials": 210, "objective": "markowitz_realized_on_cube", "white": "platypus_moead", "black": "platypus_gde3", "traceback": ["passing", "passing"], "best_val": [20.98623250430358, 19.793891367012435], "best_x": [[0.6542331430447962, 0.10090723884175545, 0.19219154073289968, 0.8798526994606417, 0.12677988454348232, 0.9087084684862919, 0.3738358960373861, 0.28239898690733123, 0.6990645134078215, 0.09301246417576836, 0.258280483339961, 0.6872428113248855, 0.6332024570056476, 0.5778859174378489, 0.2526799112142539, 0.5034219234856583, 0.14283809326677532, 0.016039068841928517, 0.3770841134777745, 0.630333366508153, 0.8680205629497143, 0.0886998759053661, 0.09590536217746848, 0.03316513395726295, 0.38958650008304074, 0.19385349953109698, 0.9785302933368036, 0.02836572421786232, 0.3492702490761529, 0.7658906881234697, 0.2658814700928829, 0.8742907709689582, 0.4632729202509014, 0.017298114471508308, 0.9749672703131972, 0.4149576857223757, 0.5663771777871028, 0.3472015483829408, 0.18925014324542166, 0.16189909318675455, 0.8506266470334809, 0.0650065833800163, 0.10174857745678312, 0.7108467870121296, 0.14623176849004094, 0.9655411677909871, 0.5268614726279103, 0.16965880429726887, 0.46019620790072757, 0.10161873280209399, 0.6905454043913538, 0.19060214482548543, 0.3612292017401242, 0.03166609120770636, 0.7070770426429178], [0.5923949136241075, 0.20158344122445282, 0.07713673641891733, 0.014055866141551188, 0.12027310098306332, 0.7741139437703165, 0.48465671749127937, 0.48309549887371694, 0.015931553417399047, 0.0818574115170716, 0.90079581317362, 0.6160210772991601, 0.11207961659689236, 0.3047470495252964, 0.7402802363458271, 0.09277457652126286, 0.6824880933275574, 0.8628586678702705, 0.3053441939181397, 0.14426297504002406, 0.6434006692280736, 0.11485142485226141, 0.16446388402455459, 0.9404777289390286, 0.026119825140899833, 0.0, 0.3274646171017988, 0.22893148557737786, 0.8131682229899552, 0.529529683617639, 0.8725951329141459, 0.376752703448463, 0.9740628574541869, 0.021737191824326874, 0.7752087508269553, 0.18462344194075975, 0.09578803700492144, 0.6676583303603322, 0.38632718927352516, 0.2688038128269, 0.11973381847859277, 0.691394801085553, 0.851556569255964, 0.3400551291196322, 0.8240977571068671, 0.0, 0.015134082743010091, 0.07283852307236482, 0.03419665057664634, 0.16304697256855005, 0.30577203482559556, 0.6565211131471341, 0.36395864407576217, 0.7509897338486478, 0.13581539614700144]], "feval_count": [211, 200], "n_trials_instructed": [210, 179], "passing": [true, true], "completed": true, "points": 0.0, "winner": "platypus_gde3_cube", "loser": "platypus_moead_cube"}