{"n_dim": 55, "n_trials": 340, "objective": "markowitz_return_on_cube", "white": "platypus_ibea", "black": "platypus_spea2", "traceback": ["passing", "passing"], "best_val": [592.9163946369465, 564.5623328139541], "best_x": [[0.3647215851775456, 0.8630425988304677, 0.96723930583687, 0.5093328300203763, 0.38075025731792933, 0.9610874833023872, 0.6252892094925542, 0.7213335538433663, 0.6955421465245735, 0.45498870213234, 0.8305127005388576, 0.02780675912748931, 0.7684152006550753, 0.9490870119833331, 0.7119679295183848, 0.7885888784431259, 0.5223871223354041, 0.9290539466149358, 0.046865917944508007, 0.6682903738183686, 0.30405592707894247, 0.9564257539289709, 0.41639375777075704, 0.5653346382100716, 0.44579969657133106, 0.7899153326225096, 0.5035799183791626, 0.8871694015680717, 0.38386608271107797, 0.2005554385343914, 0.7248474997894989, 0.4244346790686475, 0.7451686798059796, 0.39963194312336914, 0.74511905904849, 0.8423457828848596, 0.23671640648280334, 0.14532367323470582, 0.9586484095998874, 0.9330822669422043, 0.8781277117183441, 0.6833984137084914, 0.9800433445695882, 0.7268592391661158, 0.801337034107474, 0.5767597120388749, 0.188171403477976, 0.3628941587154043, 0.9262233678989096, 0.3612123717011043, 0.39644635438933273, 0.5902227610006521, 0.16272285263773378, 0.9831717088103403, 0.9556091989290343], [0.0820193906817962, 0.9625066367860554, 0.11245756183597455, 0.9454818399096928, 0.30017411922010784, 0.9152085996457797, 0.7991721668483027, 0.5480592356233758, 0.8959468110892752, 0.33704351983841974, 0.5972216433076021, 0.3719941727281565, 0.30401601661731303, 0.6156977286602404, 0.8605179451690448, 0.827896548990474, 0.5901017461419288, 0.7478485917502157, 0.7376141404158972, 0.8587706533953402, 0.2809535510080513, 0.5945165803106687, 0.39031806576115224, 0.9183276046431594, 0.7052663010593929, 0.7393028992911105, 0.7280628390796121, 0.6185935994463951, 0.7413523174549609, 0.3113826911921864, 0.5539216346317536, 0.3331427332686171, 0.8535756197948897, 0.8097006740388873, 0.2597172304938121, 0.5641043607122685, 0.5459136786536463, 0.9218444064337966, 0.27602344981663807, 0.2792054921036956, 0.35947000682904084, 0.01672732153616574, 0.22568506090668994, 0.5027474637463898, 0.6620403803549615, 0.2554627288278626, 0.1705933184390096, 0.5769123967380703, 0.14443780034060327, 0.5907557769208029, 0.7695910906026051, 0.20026846226825035, 0.5693034256923462, 0.5664524799514064, 0.8161594852546313]], "feval_count": [300, 300], "n_trials_instructed": [237, 300], "passing": [true, true], "completed": true, "points": 0.0, "winner": "platypus_spea2_cube", "loser": "platypus_ibea_cube"}