{"n_dim": 55, "n_trials": 340, "objective": "markowitz_return_on_cube", "white": "platypus_moead", "black": "platypus_gde3", "traceback": ["passing", "passing"], "best_val": [503.45489670898786, 518.3263099851242], "best_x": [[0.34658790137267637, 0.6888640586581732, 0.19479640243509477, 0.6334994794938705, 0.9229190928504645, 0.6797671994382984, 0.18413861420806765, 0.5927014000112106, 0.41628793563391275, 0.340768742552508, 0.5853738238861477, 0.8262158053099835, 0.6803260766460388, 0.1875609343395619, 0.5020030786821257, 0.9716794544369196, 0.5907069376282787, 0.7914980692080362, 0.362396671589718, 0.9570784957877502, 0.17376122558192963, 0.5152204573012443, 0.6729758299127397, 0.4556707686304152, 0.5546646472367326, 0.789782061395628, 0.5865332607862704, 0.2949638522822836, 0.9796266765212657, 0.7399821900756418, 0.915015978217254, 0.7509342530564042, 0.11792230610631615, 0.11720156454790998, 0.6259813455063373, 0.6153429342004434, 0.7190699906009875, 0.27133822848819855, 0.06297848209731671, 0.27671167982324585, 0.1905421632576899, 0.6885945586809535, 0.4402071698880564, 0.23238235098694993, 0.09407939605308147, 0.6444860143918271, 0.49410021345768507, 0.4322427734792216, 0.768710580456802, 0.5619029394500592, 0.5173036527138404, 0.45650391370493193, 0.037293143399234396, 0.06085800546310316, 0.9216690259539282], [0.5298033297845122, 0.8568087909716033, 0.3495268041615177, 0.15954180193565604, 0.6535803167557871, 0.5711877623160873, 0.14919397014183544, 0.7871436663437388, 0.14962426729586842, 0.4330264948128601, 0.5862967950570526, 0.1677584579291137, 0.5801230286796922, 0.497178954383692, 0.5590773071603469, 0.796896562841089, 0.2995728464621523, 0.840285570964775, 0.8393081053002449, 0.8668384004848189, 0.0006451775296985041, 0.7635087277340787, 0.4981813784879602, 0.2331816377998025, 0.40507108103060285, 0.4077176145965291, 0.2269756168482978, 0.7670272649513104, 0.5381743125963834, 0.9692358734594634, 0.6773227177597705, 0.380254292938326, 1.0, 0.08700780249662554, 0.8914165686164138, 0.37024245979058235, 0.6689889080152334, 0.8778614274233859, 0.36440109264189036, 1.0, 0.14013721710959381, 0.04887616987104704, 0.40742373398021536, 0.7905552382317947, 0.3754192316527546, 0.36735444012021523, 0.8410418802232703, 0.5375344871113685, 0.9002071991784165, 0.5099245124874634, 0.8237034414391777, 0.047728847373604166, 0.12868487835777964, 0.5748008380801107, 0.7724812461816561]], "feval_count": [341, 300], "n_trials_instructed": [340, 289], "passing": [true, true], "completed": true, "points": 1.0, "winner": "platypus_moead", "loser": "platypus_gde3"}