{"n_dim": 55, "n_trials": 340, "objective": "risk_on_cube", "white": "platypus_gde3", "black": "optuna_random_clone_1", "traceback": ["passing", "passing"], "best_val": [229.85287055736856, 244.41182268789922], "best_x": [[0.1848348148089699, 0.4000878878215965, 0.6894134005884089, 0.3198946129558876, 0.08249237131316378, 0.3651774968097504, 0.34843154167389523, 0.21631525935552975, 0.006372741165595164, 0.4385305029861972, 0.10943321714923981, 0.12747383114777766, 0.7074244236275697, 0.08376367517119776, 0.8176012598904534, 0.7239211471765836, 0.7929823334313149, 0.38160419295634285, 0.3443053015749058, 0.8054644214298199, 0.3033879737921459, 0.5133051355586039, 0.12482859291961768, 0.47631190724948325, 0.5274081844872025, 0.17706852254184047, 0.47139228042413595, 0.0, 0.6020849831292712, 0.613754651789063, 0.6599953688976086, 0.3268402206956498, 0.6479196619460126, 0.19257392803155138, 0.39790709315082046, 0.4850445733985531, 0.3415095738878129, 0.21402693666096528, 0.023813703876380488, 0.9288967780263394, 0.48325667063910205, 0.4298371647422673, 0.4208604959346295, 0.903733837086694, 0.1395595989483357, 0.31207885026663656, 0.16502385581967383, 0.0, 0.5959000110489905, 0.4065160931299491, 0.2825153243463169, 0.4064554190063502, 0.195492513061585, 0.020770682283041242, 0.3395089214355257], [0.3774047092444388, 0.09587506667146739, 0.2108423655181234, 0.6427984244630028, 0.12025281060212378, 0.9695464291592664, 0.5974907545560799, 0.8576949615695391, 0.6072228232802059, 0.5363443714154651, 0.9320591219362302, 0.1649170497957706, 0.24948235941171348, 0.34238665260389733, 0.3783522490039316, 0.7485118856505922, 0.7477710819102336, 0.5829124611057659, 0.1978351988826308, 0.05915205995535289, 0.752445398475256, 0.8056403538741286, 0.9263029882916526, 0.04141411197121303, 0.02720778767744736, 0.5194651654369493, 0.7567694515132035, 0.009712721553596704, 0.8086720202025742, 0.874491599005439, 0.012743953238575245, 0.03984863388937332, 0.6031753007737393, 0.5275801646155414, 0.40179720017239184, 0.3780577592763382, 0.5213185794553634, 0.6960563881459904, 0.603233681135905, 0.008980776578392469, 0.128365745190685, 0.07722123969165828, 0.06805821446017735, 0.8370991956256353, 0.23012303075012053, 0.055398641208162736, 0.5864032632339125, 0.035562596192246, 0.010377044798939195, 0.23607154743165992, 0.4969725957610237, 0.7830645157044169, 0.17208811755450149, 0.10246732828760174, 0.14274267356416492]], "feval_count": [300, 300], "n_trials_instructed": [237, 300], "passing": [true, true], "completed": true, "points": 1.0, "winner": "platypus_gde3", "loser": "optuna_random_clone_1"}