{"n_dim": 55, "n_trials": 340, "objective": "markowitz_realized_on_cube", "white": "platypus_gde3", "black": "pymoo_nelder", "traceback": ["passing", "passing"], "best_val": [19.19692607030016, 20.02276871041707], "best_x": [[0.6429240367408062, 0.1756290791453493, 0.3719598525583251, 0.1844641137769596, 0.6142474728861991, 0.11521071756022794, 0.3337167686561724, 0.7842813302281434, 0.1617977294709867, 0.5451828306510333, 0.2073863702211105, 0.3227952894610153, 0.41039376105215, 0.03966130912067367, 0.6101213551963682, 0.6919193798925513, 0.0, 0.1491818838656932, 0.19959424157264005, 0.41244302582518744, 0.03034703750588652, 0.2094454701478704, 0.560702994056587, 0.4688455713775366, 0.5708944446297088, 0.38285463634477634, 0.5767653986126366, 0.05273310920755392, 0.18632231906928343, 0.9078911600618496, 0.07701310613082135, 0.41594115837962187, 0.33782636777985875, 0.7122573092882882, 0.6261806281131641, 0.3280002049861086, 0.3530446616558282, 0.0, 0.0, 0.7478377682137969, 0.6300172915324719, 0.1067862276871605, 0.42508851212559906, 0.9120872811781645, 0.25333420756105673, 0.5105551233225001, 0.5442488067431748, 0.0, 0.0, 0.27234056904343173, 0.9206261270776408, 0.3629902823487473, 0.23230937592744882, 0.11246928584480465, 0.946194929006768], [0.9444631683324615, 0.1060821930628789, 0.7152947991218691, 0.585004913916786, 0.6528648995855387, 0.5635105916942131, 0.2698903407168142, 0.2313976882035339, 0.573331759312531, 0.41470334605038583, 0.8960964445176375, 0.1653130794112845, 0.08056717788195698, 0.9955825115139207, 0.7513511913882416, 0.35626678489119673, 0.5571297842179872, 0.2328266129229448, 0.1258619485275403, 0.48609399465692904, 0.13834260641316456, 0.9225189416032081, 0.8570083462409072, 0.32808282906687525, 0.031348801895737737, 0.34094105516338724, 0.5192305498624509, 0.311995870324844, 0.06277533140483252, 0.6199642772014411, 0.2726487533464601, 0.18886102056190943, 0.006283952300235234, 0.26932104326266787, 0.4296887188913826, 0.41035687655980246, 0.35727607530832023, 0.9376397563160681, 0.418304785835219, 0.08250003603586396, 0.44648013362656197, 0.08835016050951894, 0.15327732175759423, 0.212943476150377, 0.25012391298316333, 0.5361388526286175, 0.598120010184019, 0.11741779366474817, 0.052486842475736845, 0.016765703498806784, 0.38850190608249296, 0.416680056682866, 0.4094059805764071, 0.5007816698381143, 0.1764985538789428]], "feval_count": [300, 330], "n_trials_instructed": [237, 300], "passing": [true, true], "completed": true, "points": 1.0, "winner": "platypus_gde3", "loser": "pymoo_nelder"}