{"n_dim": 55, "n_trials": 550, "objective": "markowitz_analytic_on_cube", "white": "platypus_gde3", "black": "pymoo_unsga3", "traceback": ["passing", "Black took 600 function evals when instructed to use 600"], "best_val": [18.90065872781327, 15.756210041623078], "best_x": [[0.003692280933981107, 0.1540215400745638, 0.5031925436912417, 0.6246957135316455, 0.10077123659494869, 0.7960229924174399, 0.35150842947656313, 0.09896477142261306, 0.9846869049358211, 0.570325714601967, 0.5060304782646332, 0.16880993936180533, 0.7456085750217931, 0.9335064301771575, 0.0, 0.6397719177508104, 0.012176717662514158, 0.06068542344944894, 0.10926196804792757, 0.14296903245418324, 0.5663677670637334, 0.5730682716635009, 0.08897543573950106, 0.0, 0.24154125698062018, 0.4086661086180458, 0.7113037264240619, 0.9286198428426453, 0.6558828208308303, 0.7091335319269962, 0.7014519766533323, 0.0, 0.6638715669704511, 0.04034270626274261, 0.4896076608643193, 0.0, 0.0, 0.1548586840424252, 0.36308422295087894, 1.0, 0.06423707979169135, 0.0024939172550503264, 0.008501981362934341, 0.2565943662540898, 0.56744365993074, 0.857276664676584, 0.27279525449852876, 0.4963721974627605, 0.045171272257364614, 0.8101549832322237, 0.03140177380625664, 0.2880809016952113, 0.383317016924226, 0.5435488679188387, 0.0], [0.00020715048192831986, 0.7383127811083282, 0.6747123260588364, 0.01758336005107064, 0.36764398635143813, 0.17190282441861515, 0.005116605173382416, 0.61954930309666, 0.3922330899781896, 0.18962990987860207, 0.00010078574989824673, 0.6932115021469889, 0.411276840425403, 0.39275649334057583, 0.0715431849924919, 0.07804323574218541, 0.35155473131999615, 0.009640416535653729, 0.19003021168486134, 0.7031955803966199, 0.049637855581476265, 0.34350630601324794, 0.0007164284990814895, 0.006390126313685851, 0.23761730819925997, 0.7488215475983552, 0.6071771760534347, 0.4221328397284735, 0.4544273804966247, 0.811026615969501, 0.07317257640116337, 0.751735769671849, 0.22700129404462654, 0.02787611773838128, 0.14416744069207954, 0.7671057963022202, 0.00010511649276501167, 0.006929559214718828, 0.7820067276798679, 0.9032241602969016, 0.8379303997896972, 1.5267286279652126e-07, 0.007621210484884733, 0.06857125986320622, 0.08371815857667753, 0.00943282266971568, 0.002474398044891357, 0.671802408708096, 0.3531900574840746, 0.09522002950151975, 0.05015472990986469, 0.5547825574801845, 0.002488765513696145, 0.8031382351495763, 0.30679450831201716]], "feval_count": [600, 600], "n_trials_instructed": [550, 600], "passing": [true, true], "completed": true, "points": 0.0, "winner": "pymoo_unsga3_cube", "loser": "platypus_gde3_cube"}