{"n_dim": 55, "n_trials": 550, "objective": "markowitz_analytic_on_cube", "white": "platypus_spea2", "black": "scipy_lbfgsb", "traceback": ["passing", "passing"], "best_val": [16.403494886144863, 1.0087119254715022], "best_x": [[0.3032723219921668, 0.11116229159414914, 0.5768358288838877, 0.05707809745176157, 0.2746699009264735, 0.9208424136626354, 0.34954647296901087, 0.550630168061401, 0.021572528195843765, 0.22101826828472781, 0.657440981314435, 0.03435034428840511, 0.30571625965216953, 0.10383079085166103, 0.10453898140969564, 0.6060350605448981, 0.030689610571663917, 0.347495384564687, 0.042430835441203185, 0.191002086325115, 0.4068787807611226, 0.5053689508472845, 0.30090510015674404, 0.9053016259251776, 0.33945252443401197, 0.7423446334002068, 0.24724390374285776, 0.15288536091516003, 0.555702342582427, 0.21136490570447508, 0.08094164955228689, 0.3290965630452249, 0.20367006752724467, 0.14399490893979328, 0.22724514531009288, 0.0668030851718191, 0.3697941357245296, 0.4511416381008595, 0.1398942066836767, 0.2107588425075061, 0.0691666623434134, 0.3095880236825146, 0.9388617717796565, 0.1453990444221522, 0.1522765190694835, 0.17427976696357161, 0.14715882927060753, 0.013676574568190741, 0.7310873984633968, 0.9745133220119438, 0.4542739090816119, 0.6371608449040513, 0.3835893628382746, 0.3288874313215139, 0.07898599237664727], [0.0, 6.036147845208686e-11, 2.925039306094351e-11, 3.888160437237795e-09, 3.96623296675e-09, 9.055777597323466e-11, 0.0, 3.2173783164397e-11, 3.946354114356216e-09, 3.884322672253274e-09, 3.937327293761139e-09, 3.982303237478402e-09, 3.951840551287037e-09, 8.888975158972136e-11, 3.946369696130514e-09, 3.834703982315757e-09, 6.822377208456667e-11, 4.008571125874693e-09, 0.0, 7.55741613502381e-11, 3.94920195636703e-09, 2.3846044518043396e-11, 1.5470650214198262e-09, 3.922548862698786e-09, 0.0, 3.9569344721267e-09, 0.0, 0.0, 3.6313609595924774e-09, 3.936522699556584e-09, 3.915813339476608e-09, 7.32572977812498e-11, 6.261190211836324e-11, 5.155276440370628e-11, 3.987005277230186e-09, 2.5248082852288776e-11, 3.8879032775127605e-09, 4.016283358794223e-09, 2.1876642960761124e-11, 3.978180373820985e-09, 3.891639209895367e-09, 0.0, 2.30569510805272e-11, 1.5942442445773173e-11, 0.0, 0.0, 4.61535864841239e-11, 0.0, 3.9620361226243486e-09, 2.324142119921818e-11, 3.786150392455269e-09, 3.898081503546112e-09, 0.0, 3.498642555212236e-09, 3.943088830628099e-09]], "feval_count": [600, 3137], "n_trials_instructed": [550, 191], "passing": [true, true], "completed": false, "winner": "incomplete", "points": null}