{"n_dim": 55, "n_trials": 340, "objective": "markowitz_return_on_cube", "white": "platypus_epsmoea", "black": "platypus_nsgaii", "traceback": ["passing", "passing"], "best_val": [460.44980774085326, 481.37152122867326], "best_x": [[0.24120090148873788, 0.6988956053172913, 0.958461772481814, 0.9935867575800433, 0.9359847739956708, 0.9029517489338748, 0.298295265330085, 0.7539244053258296, 0.7911647233657118, 0.8336875150055311, 0.7163475892487676, 0.916470277480006, 0.46461751993270883, 0.8051663932639539, 0.23909161529236303, 0.3799387212491576, 0.5991685475639607, 0.9253495444161571, 0.5902518609133649, 0.6947346606478239, 0.5882711514757525, 0.938672728704585, 0.8081115298135192, 0.8973038775647914, 0.5421164040344968, 0.8064517182470914, 0.8253850243359193, 0.7290032363753995, 0.9345685790757613, 0.6390695394038102, 0.7371842181613436, 0.46374158647792474, 0.7504391769676623, 0.7915827148293175, 0.6851088202551086, 0.9683262691517073, 0.0828213854675521, 0.6504411905444494, 0.5488818650809505, 0.9971887393564756, 0.9205874544650682, 0.37796113713605584, 0.271346318575018, 0.22872878639758837, 0.8255340562561564, 0.8311317728575829, 0.6667196533357949, 0.5453971601778429, 0.6259369264253066, 0.5942440729820649, 0.954027554958127, 0.8195582154891555, 0.4979005651599904, 0.8734763693554954, 0.950271922804185], [0.0894669369754939, 0.983219234372698, 0.6255489442361385, 0.04422400323729647, 0.8999491538751655, 0.6764818587863893, 0.23611289909776723, 0.6526587886545745, 0.9890240532339076, 0.3868323941565255, 0.7079709118643445, 0.8395716308132712, 0.7782884547788431, 0.5734236206665297, 0.9077109271982887, 0.7392142855234156, 0.29056274732613185, 0.8082800815961219, 0.5816979553957804, 0.4539000019003152, 0.7754407227866783, 0.6568848980909847, 0.706702174352589, 0.7346372670851292, 0.7650385605376443, 0.9887078496054051, 0.3107251645384135, 0.4155273878216048, 0.6485768127980751, 0.5294156277942795, 0.17348231570434314, 0.6844797388382914, 0.7861769455557992, 0.3325466754284676, 0.9810169006526961, 0.846364787345034, 0.8536123577459236, 0.6860830503220456, 0.7886180301056968, 0.8072011911916008, 0.4660625376936802, 0.27686904139852586, 0.823317439478088, 0.09029881187174771, 0.3945387199711099, 0.4259609508303567, 0.12078445540687277, 0.9417073103874701, 0.9182592451520323, 0.555000708746128, 0.35381746377573775, 0.5481169509651613, 0.9796973726593224, 0.8335377364923727, 0.6963885156218903]], "feval_count": [340, 300], "n_trials_instructed": [340, 289], "passing": [true, true], "completed": true, "points": 1.0, "winner": "platypus_epsmoea", "loser": "platypus_nsgaii"}