{"n_dim": 55, "n_trials": 210, "objective": "markowitz_return_on_cube", "white": "platypus_spea2", "black": "platypus_omopso", "traceback": ["passing", "passing"], "best_val": [508.9860397307937, 450.4640997040628], "best_x": [[0.8221794909176295, 0.3802619926294445, 0.4778482087428346, 0.608670105786994, 0.838408443531861, 0.5355361154195204, 0.583143873801094, 0.6461898237482374, 0.9423315739773755, 0.08281894980030724, 0.6234222513572388, 0.060690806071341585, 0.6688166396973718, 0.1773574450268004, 0.8632268573457984, 0.5074046688851571, 0.5463455433817095, 0.6567954446588616, 0.32435975143580287, 0.32805574263303083, 0.8942141294382818, 0.6407468660728944, 0.417718593732043, 0.057206143184967084, 0.19220619377470483, 0.5942215073609556, 0.6697504602738641, 0.3758432946061, 0.8012161818609724, 0.972968897059819, 0.6400686546684906, 0.9430553744094181, 0.9833455675295276, 0.9270870642692324, 0.6972541682323602, 0.15161536497238104, 0.21741846325344316, 0.4521343529812649, 0.8450245601287241, 0.3972776515724814, 0.447902288847577, 0.7625921869061383, 0.7018977718532106, 0.01821144340879821, 0.19793399261046163, 0.33274791936472337, 0.262548888914115, 0.3466108173228657, 0.6758679318641517, 0.45683300512985403, 0.234907137159433, 0.5589576131506353, 0.8226770783564371, 0.018994399852926336, 0.9732541148544922], [0.3050470711612448, 0.3010744792248481, 0.6494536916917754, 0.9934669712927723, 0.5617655523014399, 0.5651104274134311, 0.6521370170401798, 0.5816878850436737, 0.28657756185447925, 0.683864317818658, 0.4619412697614843, 0.3494680617305741, 0.3001781105473772, 0.5775112243608632, 0.7298145104649145, 0.20945584536836223, 0.26501056461380496, 0.5343545587753251, 0.08037940028250173, 0.4555455112151282, 0.5816446694275903, 0.5474761047537695, 0.28049629547212646, 0.07337560721675691, 0.7592276379088688, 0.44481142355671516, 0.32017111954542565, 0.4104372103230834, 0.4756327041920465, 0.8769937123741472, 0.8894595213042729, 0.9225606348498607, 0.38641539966418026, 0.20106072153700977, 0.5243251398131497, 0.5352063952474362, 0.4387667489924071, 0.837321499197694, 0.802070744452223, 0.49912172129897625, 0.1761088669636552, 0.32162563293679525, 0.6760504405583252, 0.5308766349388676, 0.4597931248047668, 0.5750520992687853, 0.5610324077341662, 0.6028191407885816, 0.6910828357822139, 0.6730969140748456, 0.661172581251783, 0.25287617116785466, 0.4532860053599832, 0.26186388160830076, 0.5540580935269624]], "feval_count": [200, 200], "n_trials_instructed": [147, 200], "passing": [true, true], "completed": true, "points": 0.0, "winner": "platypus_omopso_cube", "loser": "platypus_spea2_cube"}