{"n_dim": 55, "n_trials": 340, "objective": "markowitz_return_on_cube", "white": "platypus_smpso", "black": "pymoo_pattern", "traceback": ["passing", "passing"], "best_val": [569.0628256320167, 627.1350825295165], "best_x": [[0.34866439064571353, 0.4372782814722308, 0.5, 0.5030465570008454, 0.5053925537183719, 0.4412533292521839, 0.32886980441167213, 0.47422030776758156, 0.7226090987518935, 0.17900961236347346, 0.7605327077675539, 0.34853833341054286, 0.1497708979057722, 0.7200278418199753, 0.36726236099103665, 0.37818167793373125, 0.5, 0.7075472697641467, 0.53178126001625, 0.809746191487364, 0.6964455863068606, 0.47194907309516676, 0.20909853821443986, 0.6352445730940602, 0.46165150782472664, 0.28244571773244526, 0.6099394536325029, 0.4650444103502437, 0.14429139513222738, 0.6647709822766088, 0.6701246851129353, 0.4632039991849142, 0.2968330354355425, 0.445801537998895, 0.497899829795181, 0.4209010188075223, 0.7876132775955655, 0.23249322553580076, 0.4786581433240229, 0.5651377679994924, 0.32545717896295245, 0.5555583472662448, 0.5198071944537043, 0.509632593542397, 0.5259859769491901, 0.7910476216453781, 0.10170490098726323, 0.6660413237976671, 0.46816646474504353, 0.43364178412294196, 0.7144945122184627, 0.43103710174020915, 0.6862642467043638, 0.5560149491003596, 0.3494624808635138], [0.5427124664990339, 0.9851634562068786, 0.22547571249591247, 0.879367698598979, 0.3064418182554459, 0.38549541355911326, 0.8374978525193965, 0.6407347604869928, 0.4499436405952913, 0.30628983190074877, 0.5923938180221316, 0.6812620327112306, 0.2823939107685594, 0.6442360489955647, 0.28297076371875335, 0.15928156989891057, 0.1384871794771163, 0.7352549143766913, 0.6925990745886411, 0.7627556166021332, 0.7507753324281774, 0.653959950724162, 0.20164806864834803, 0.8822756516120129, 0.9899653325252753, 0.051447710870673034, 0.932202669071036, 0.03699189625458476, 0.07912376949761683, 0.32112475543812086, 0.3462521167498464, 0.33995965385589927, 0.9287107470039349, 0.9646883024162145, 0.3384989517928715, 0.5074406030808927, 0.8606041938591021, 0.43676509955553944, 0.9417935306445148, 0.7796084206417737, 0.3817295032232519, 0.529882923600942, 0.12705942787940927, 0.797943659801877, 0.739611351116689, 0.6243764909511352, 0.5199422421121108, 0.35524480943396, 0.20848312732205396, 0.6801451314003011, 0.8522597098713731, 0.7642070052730381, 0.9239688809473232, 0.5889577074231078, 0.17061052830888865]], "feval_count": [300, 275], "n_trials_instructed": [237, 255], "passing": [true, true], "completed": true, "points": 1.0, "winner": "platypus_smpso", "loser": "pymoo_pattern"}