{"n_dim": 55, "n_trials": 210, "objective": "markowitz_return_on_cube", "white": "platypus_evolutionary", "black": "hyperopt_rand", "traceback": ["passing", "passing"], "best_val": [623.4084521496288, 598.891470065046], "best_x": [[0.9225502723620471, 0.775766421187523, 0.6651503768407387, 0.7494384865975673, 0.9299343136093098, 0.8133741171188591, 0.4473159960800286, 0.8076619348853057, 0.879737091913326, 0.853144854632075, 0.5418181934120686, 0.5959502925657328, 0.7517782684789769, 0.7445547475455887, 0.25426867497363104, 0.6446042042001934, 0.9324815358702674, 0.7833563982468728, 0.43989618499121746, 0.4809798775200662, 0.7258756222994751, 0.3746203261770287, 0.6091453559700808, 0.9863958884700724, 0.8246250410010181, 0.472745548161442, 0.7060738282592822, 0.10908676045235302, 0.5803867415735253, 0.7831371098391241, 0.5140333528994387, 0.7854331030567271, 0.1592029793101838, 0.2381914689829846, 0.5807755909492306, 0.8198154534080818, 0.4636647109057699, 0.2437678294963167, 0.5468664420168659, 0.9916372904474002, 0.646842561850709, 0.97821136043205, 0.8982478951456718, 0.2757332221784602, 0.5209675701424199, 0.7129700570725178, 0.6080879304568556, 0.0051085794091292325, 0.23739560038637897, 0.5196851864620748, 0.46067677822475506, 0.262323454461861, 0.3578810856384571, 0.7315759504607862, 0.2719394415677685], [0.5886821491525995, 0.18724327998078977, 0.06748850290843222, 0.6897580320968628, 0.6194560049241045, 0.7560723434709247, 0.7155953409418068, 0.4474382382380946, 0.27956572084492004, 0.3766632626186222, 0.634754736877568, 0.29138074016599974, 0.7387644229172207, 0.9371717498318015, 0.335157221655732, 0.7398286220762323, 0.9470616769669924, 0.7230151670926347, 0.6791131585039532, 0.6008283410297295, 0.907694745219471, 0.707193192738379, 0.33685499952571024, 0.30995786339056985, 0.8245731959466152, 0.4096612669528861, 0.5896865534383218, 0.6651288741548276, 0.1619128743608406, 0.9725260778479545, 0.5478143650659872, 0.5860329943902847, 0.4742807313128148, 0.3313262756414326, 0.7276724458699555, 0.42651810203494095, 0.18373043841969136, 0.9207523544158892, 0.11791219348168605, 0.2814750506420771, 0.3918235198808112, 0.46103403688074107, 0.8303926419677585, 0.4846296304372076, 0.3200300506927715, 0.31816399292404735, 0.6655503500689273, 0.42398462534632986, 0.06936742358346759, 0.538794436213121, 0.30036193241238696, 0.24787595286139275, 0.4563114668099429, 0.6193786345355479, 0.5249064305852963]], "feval_count": [200, 200], "n_trials_instructed": [147, 200], "passing": [true, true], "completed": true, "points": 0.0, "winner": "hyperopt_rand_cube", "loser": "platypus_evolutionary_cube"}