{"n_dim": 55, "n_trials": 210, "objective": "markowitz_return_on_cube", "white": "platypus_smpso", "black": "platypus_epsmoea", "traceback": ["passing", "passing"], "best_val": [495.7964222454547, 489.27331392251807], "best_x": [[0.2665285718039987, 0.4139751851978546, 0.7271320766503513, 0.6272871752067946, 0.9824556911893798, 0.8970140361173049, 0.12208863519916027, 0.30785979112652945, 0.21410052042247707, 0.6380220600100736, 0.0796771535587527, 0.7151685342978804, 0.70382973077712, 0.3623179452702713, 0.7462347734662023, 0.5890767977812466, 0.20548065302623034, 0.42523052379998083, 0.7236438042881005, 0.3825469710055055, 0.6599030892412295, 0.34743305915190315, 0.6650242579155703, 0.4598688835599961, 0.5069639661893439, 0.743056817348834, 0.44546972209262903, 0.23811230898094968, 0.4246073170076734, 0.8129072880391902, 0.5519340635089658, 0.6625561079408591, 1.0, 0.37217335593507916, 0.47613855655853987, 0.479845005524295, 0.17827755272702084, 0.637418605252969, 0.0, 0.5576301730745359, 0.5980731292147528, 0.3310841235823424, 1.0, 0.9903796388745255, 0.6461676049501337, 0.527800658868724, 0.4720508013638204, 0.29422813420619087, 1.0, 0.5979365300167071, 0.4800172195912399, 0.36506072451644567, 0.3150543756054297, 0.6624961822704635, 0.9766494677579954], [0.4595427823015315, 0.19564319164406047, 0.7793662940387807, 0.5911968984734337, 0.8286205074100073, 0.9413412072396288, 0.13875726978668088, 0.8522247980379551, 0.9168926520251387, 0.6656922618124702, 0.6193424226223999, 0.9441533520109603, 0.7695362717312891, 0.9161027440672834, 0.8480532317132434, 0.17414977071814913, 0.32895111940838684, 0.6381082708716308, 0.44765918601675814, 0.3007884544404721, 0.971278869890241, 0.09893740505382942, 0.995661413389715, 0.6960934512191232, 0.5439385629305111, 0.2058067840089764, 0.128908733999091, 0.3647521326018448, 0.4367293986916688, 0.6770061695318486, 0.6083908769631787, 0.612927574979994, 0.5954946380419444, 0.8821686037137709, 0.907049185379984, 0.011752599702989863, 0.8050695771763383, 0.7676706953331085, 0.7748601239439957, 0.9580989263573892, 0.6598378227243055, 0.39229033187240453, 0.3003301496777473, 0.6230311116318329, 0.12575994571945637, 0.932910413336175, 0.6173774402765785, 0.8394702577839541, 0.4891426020696018, 0.12591839586137132, 0.032710643306125387, 0.48545494919735654, 0.7848424569886333, 0.9852289789836024, 0.86288196655914]], "feval_count": [200, 200], "n_trials_instructed": [147, 200], "passing": [true, true], "completed": true, "points": 0.0, "winner": "platypus_epsmoea_cube", "loser": "platypus_smpso_cube"}