{"n_dim": 55, "n_trials": 340, "objective": "markowitz_return_on_cube", "white": "platypus_gde3", "black": "optuna_random_clone", "traceback": ["passing", "passing"], "best_val": [1052.743739795865, 1094.2949064226577], "best_x": [[0.3741342682997383, 0.6922510231737803, 0.03154202196312994, 0.5258047359734648, 0.730696154859099, 0.055153575846652036, 0.06714569942936499, 0.7359938932555221, 0.5605066387358212, 0.2920152803845184, 0.6043939459298289, 0.8299553900689327, 0.2466147889565573, 0.41449293414692023, 0.4636220959055274, 0.24904909082686671, 0.5110389918587114, 0.4987985290460421, 0.5997484671716581, 1.0, 0.04962933632433919, 0.5049025703185908, 0.570458436854669, 0.9271188548656945, 0.8002613825145549, 0.7952961023732341, 1.0, 0.26803998945765295, 1.0, 0.10363095745405598, 0.2096866973411674, 0.8581355564840649, 0.8596108700581394, 0.0016113050901015447, 0.5279182378033398, 0.32751328411948244, 0.7212567211080229, 0.15005126231375765, 0.3805056446264548, 0.42701210509763454, 0.041450128943836706, 0.7874908345623456, 0.4033488799160383, 0.84429632360542, 0.20649731030156382, 0.9333091041782439, 0.8991175087742825, 0.39665292582150785, 0.5155352030294842, 0.2865323316861601, 0.9167406735284108, 0.49648214866628715, 1.0, 0.18661095084613433, 0.24800689768552742], [0.014992650354762826, 0.5657482868339273, 0.9286448901895276, 0.4882793573566714, 0.002462959935439435, 0.03816834714334072, 0.705444087283844, 0.9892126982592674, 0.7146898575901903, 0.3558303492877246, 0.9793429469845406, 0.7698222168051834, 0.7772191228039654, 0.8691937895597273, 0.10470875268207525, 0.11699865918822128, 0.936289427122756, 0.3211377581959586, 0.10518946299888576, 0.8505627746207263, 0.6470724734879127, 0.9997343782151572, 0.7622060620224463, 0.15676159413905388, 0.6370633544164545, 0.1712178137107877, 0.6885725559370715, 0.3379150482088502, 0.15955268172217962, 0.7538669658156459, 0.6230511081507667, 0.4967609112995569, 0.2382678523468803, 0.018066164365543758, 0.21010488232498936, 0.4824734164328658, 0.06471346740492923, 0.9915263317742479, 0.7068055275642339, 0.6104217172465617, 0.5682270152993532, 0.07452276982273676, 0.5238394432967189, 0.9668621794147149, 0.5950388672301155, 0.5776373466344197, 0.8413496272195241, 0.7339227897732871, 0.15452599572427572, 0.16726391897822368, 0.9997313192422417, 0.9081725636393571, 0.7146733810838585, 0.11354460915553966, 0.28720553419243355]], "feval_count": [300, 300], "n_trials_instructed": [237, 300], "passing": [true, true], "completed": true, "points": 1.0, "winner": "platypus_gde3", "loser": "optuna_random_clone"}