{"n_dim": 55, "n_trials": 550, "objective": "markowitz_return_on_cube", "white": "platypus_gde3", "black": "ultraopt_random", "traceback": ["passing", "Black took 600 function evals when instructed to use 600"], "best_val": [648.9698823104807, 924.748910563033], "best_x": [[0.7949859078441024, 0.12027129915857687, 0.11035222373170761, 0.19559600039734026, 0.5246482873982777, 0.08232272336009006, 0.8518454555818031, 0.105169303638598, 0.9709790796026171, 0.8188226769720072, 0.5857595086272005, 0.727556619192611, 0.6874561350964415, 0.8345535165544514, 0.5215884732853312, 0.43569141095256403, 0.9314263312722851, 0.5611586808705437, 0.03175879108976937, 0.4803710161377049, 0.44510533870063074, 0.6214416247920321, 0.794554310187081, 0.0, 0.911688379599828, 0.9848620496073558, 0.7937687208891288, 0.48330885629443, 0.005915394281977071, 0.9380449602344576, 0.6225567851965487, 0.10972370493263794, 0.22751515520696053, 0.07230137684726334, 0.4961779754653385, 0.5824700968675952, 0.12117499836307888, 0.6631773297406661, 0.0007036546710606773, 0.9339289063962075, 0.0, 0.14227024763986007, 0.20500029728430058, 0.23818563228948264, 0.6079095868783803, 0.367282844175989, 0.4822190022852725, 1.0, 0.43368256433324304, 0.0, 1.0, 0.3064918556240954, 0.003575012342799555, 0.063543787809836, 0.015312613724580593], [0.8667703545060003, 0.28247874397702666, 0.8925582274864745, 0.07115828517343281, 0.15159507480009937, 0.054634420000972295, 0.001473822086311416, 0.7293447940879964, 0.9668454997992854, 0.22429348328504506, 0.9504591705752957, 0.5816222929891935, 0.4366141897687661, 0.5800888346694546, 0.5166983852262678, 0.7587762537573252, 0.28249606597285226, 0.3530503916003024, 0.8940943025332507, 0.9464565131504055, 0.4194479939573136, 0.7803655030068817, 0.4763357333010988, 0.4975398521461022, 0.20468010905728395, 0.5911303032585165, 0.18613589775334793, 0.33156469906719377, 0.8550302016199351, 0.20707580921085522, 0.0690075926128163, 0.9407845205031079, 0.5069204379618346, 0.40941207181701833, 0.8108785810079184, 0.835825927910516, 0.3321910331156046, 0.6936180574737952, 0.7711228158518866, 0.6546506868659545, 0.875883083517057, 0.5390945527360087, 0.2824724263700037, 0.4252281854376939, 0.03757109039890738, 0.12786680122241756, 0.7655467505158609, 1.1634755366141114e-05, 0.4165658284822922, 0.5225101810855884, 0.9730781629723328, 0.22612533124967193, 0.30419871963628087, 0.30394251225502733, 0.2304166621173499]], "feval_count": [600, 600], "n_trials_instructed": [550, 600], "passing": [true, true], "completed": true, "points": 1.0, "winner": "platypus_gde3", "loser": "ultraopt_random"}