{"n_dim": 89, "n_trials": 550, "objective": "markowitz_skew_on_cube", "white": "platypus_gde3", "black": "bobyqa_noise", "traceback": ["passing", "Black took 291 function evals when instructed to use 600"], "best_val": [33.86809485229798, -0.08560358069945628], "best_x": [[0.3875425191946166, 0.9418648235510184, 0.3624760278385921, 0.0, 0.3715911395010799, 0.6401650350862084, 0.5457137726580475, 0.2460836551377643, 0.9306034250625065, 0.98557055373794, 0.7729877606690216, 0.5407002399856415, 0.39293135006016455, 0.31671590860313414, 0.12879047684085543, 0.05578717141915257, 0.40079811122057435, 0.5838659784892609, 0.5824235782169953, 0.255477773214227, 0.2301236793388004, 0.35617691541385654, 0.15265812534907197, 1.0, 0.21350632642819312, 0.6773424024485886, 0.13799606949449172, 0.4275073864622314, 0.8694738473759043, 0.02751599812191241, 0.8672631417183105, 0.3968452440399526, 0.32188543422738136, 0.00010115750917005784, 0.5750624628411741, 0.0, 0.6332796156186036, 0.0, 0.2956459411866913, 0.23351868948666576, 0.4890814474858845, 0.008466300233221646, 0.12659038583785664, 0.1463698624059464, 0.27247560559680367, 0.7463061347128934, 0.20716075737415007, 0.6215062729214289, 0.3126583965948049, 0.3372452508915007, 0.46903440597053747, 0.0021693246305704017, 0.17698048767420188, 0.6111310434408583, 0.05358649259209547, 0.13924427011895069, 0.337915504735732, 0.08657706219791605, 0.999912774643228, 0.9964914073178802, 0.31011089465682595, 0.39420362629903927, 0.7565354396948263, 0.31127276698888295, 0.22050983744206976, 0.4271275503564115, 0.09846385908034216, 0.387136545914578, 0.8770282494719541, 0.3819843702399377, 0.7637798411762544, 0.596375462950222, 0.10114867773837355, 0.0, 0.4906267783271897, 0.21155056281302242, 0.11219826862048465, 0.28999614068532287, 0.0535023806303615, 0.7960867321366549, 0.5784912505257123, 0.0, 0.9654802762008525, 0.13531334139181284, 0.0, 0.0689381419527979, 0.8827083830425524, 0.8197679082434287, 0.7045985635703468], [1.0, 0.0, 0.0, 0.0, 0.0, 0.0, 0.0, 0.0, 0.0, 0.0, 0.0, 0.0, 0.0, 0.0, 0.0, 0.0, 0.0, 0.0, 0.0, 0.0, 0.0, 0.0, 0.0, 0.0, 0.0, 0.0, 0.0, 0.0, 0.0, 0.0, 0.0, 0.0, 0.0, 0.0, 0.0, 0.0, 0.0, 0.0, 0.0, 0.0, 0.0, 0.0, 0.0, 0.0, 0.0, 0.0, 0.0, 0.0, 0.0, 0.0, 0.0, 0.0, 0.0, 0.0, 0.0, 0.0, 0.0, 0.0, 0.0, 0.0, 0.0, 0.0, 0.0, 0.0, 0.0, 0.0, 0.0, 0.0, 0.0, 0.0, 0.0, 0.0, 0.0, 0.0, 0.0, 0.0, 0.0, 0.0, 0.0, 0.0, 0.0, 0.0, 0.0, 0.0, 0.0, 0.0, 0.0, 0.0, 0.0]], "feval_count": [600, 291], "n_trials_instructed": [550, 600], "passing": [true, true], "completed": true, "points": 0.0, "winner": "bobyqa_noise_cube", "loser": "platypus_gde3_cube"}