{"n_dim": 55, "n_trials": 340, "objective": "markowitz_return_on_cube", "white": "pymoo_nsga2", "black": "pymoo_nsga3", "traceback": ["passing", "passing"], "best_val": [498.5875704075418, 541.5279897671031], "best_x": [[0.18154273039125124, 0.8924939361345854, 0.5565919427659598, 0.8963356435757017, 0.17080398135906516, 0.8201397974120538, 0.34241925545497465, 0.4336825321956589, 0.3706103153671363, 0.49081960597767216, 0.6216468987129659, 0.3174134114341829, 0.8879313006374829, 0.644231684167359, 0.6500061785691768, 0.9455531809810217, 0.6191413271821842, 0.6324970635499252, 0.01637215535502999, 0.48062473128861705, 0.9575742646918047, 0.8195289862844234, 0.7796961118569743, 0.34758775628398686, 0.723124934240032, 0.9466240770658193, 0.5846819330480892, 0.6437218554042965, 0.5165355536777625, 0.18681998075785822, 0.32581004828293814, 0.6338688057032172, 0.730463776057084, 0.8304433949951273, 0.7255223701714568, 0.44689999915482936, 0.7191185601594723, 0.7025143278885495, 0.18547717396581204, 0.3068842932040391, 0.3260344612995324, 0.1413187253438242, 0.14972388980961984, 0.9207445711127153, 0.6866948728130396, 0.0692967089736205, 0.3698457878394279, 0.8932855224459629, 0.6410057012141913, 0.649920354471079, 0.8536802578006036, 0.6251438375679931, 0.011969822176077949, 0.8376746454167598, 0.6594126579919315], [0.7608650046488383, 0.3115714582500809, 0.12049665409040866, 0.660245154908707, 0.40443413866143474, 0.3849382674026931, 0.23859772903747833, 0.3777494654458673, 0.8394885197493664, 0.503334417195335, 0.5481678427638973, 0.7550012705349554, 0.5273545107558675, 0.461122356410524, 0.8280997202205821, 0.8973197773153536, 0.277389401460698, 0.44511984615479205, 0.8744141969278746, 0.35810212059419433, 0.9862421649433254, 0.5223332694615331, 0.3604830786483473, 0.6340703408706809, 0.03360625856939303, 0.3144779565309833, 0.290675351696836, 0.5126498717235902, 0.21586554173635186, 0.37381771889678095, 0.2812052661888208, 0.6126637187730141, 0.6517282635714268, 0.4402895552569096, 0.9814563682576842, 0.14898469309982454, 0.4301099778908639, 0.4443738951571796, 0.7159915615024984, 0.775098096895343, 0.6520905508879711, 0.3226179982646258, 0.09479621653624792, 0.5298422364267453, 0.18690719741840045, 0.6743215142345312, 0.02845556986078701, 0.2671503810394211, 0.8184487237182124, 0.5209725910944374, 0.18000349373890245, 0.9284389022942691, 0.0005098165870549565, 0.2081108747405802, 0.4523472728625597]], "feval_count": [300, 300], "n_trials_instructed": [237, 300], "passing": [true, true], "completed": true, "points": 1.0, "winner": "pymoo_nsga2", "loser": "pymoo_nsga3"}