{"n_dim": 55, "n_trials": 130, "objective": "markowitz_return_on_cube", "white": "pymoo_unsga3", "black": "optuna_tpe", "traceback": ["passing", "passing"], "best_val": [592.7905806466596, 557.333113526746], "best_x": [[0.617786289189889, 0.6897661732513959, 0.45635715446022995, 0.02128439022851991, 0.8266038618447545, 0.6129371274997559, 0.21064104777295078, 0.9126438914820728, 0.7229200083339552, 0.2786182217458708, 0.3401685386915497, 0.48899678650313916, 0.10310712254887655, 0.20728498349446478, 0.9336775335717201, 0.9520682093544302, 0.7593337100899468, 0.944681375827745, 0.6081078355660903, 0.6308851489332901, 0.9300704862794646, 0.5810373817163276, 0.8926521411592496, 0.9860301777461907, 0.7731333004806981, 0.7435375711101362, 0.22715092032900153, 0.43809277267482294, 0.20513329294136273, 0.2495546340199778, 0.7501231347904241, 0.6855510209331541, 0.27525113998383255, 0.6089085588902755, 0.626682863111736, 0.9412363786197157, 0.8689216262139359, 0.9203382748745333, 0.7464002003518617, 0.7780896926226085, 0.8904026146337685, 0.6234127429245054, 0.8496182249643056, 0.7419785449269052, 0.24712875238051413, 0.342929715001113, 0.9988257430944654, 0.12238618159514314, 0.5898616543751729, 0.9736715644866661, 0.15826029874700664, 0.40701038622080254, 0.375898413079391, 0.9612082012279718, 0.10398624520195399], [0.49848196599665884, 0.8578255294681073, 0.4725957719378416, 0.3117395413115317, 0.5250685089890742, 0.48795759840103614, 0.34637338576120946, 0.5951855615888485, 0.25076960241235735, 0.6087696091402905, 0.9393601218304336, 0.3793983839191891, 0.8915155401532122, 0.4911466665390302, 0.3669042992302169, 0.4269576983632494, 0.6810824135233267, 0.9064651908113196, 0.996279972654171, 0.4399297513353588, 0.8328217786428375, 0.0019287380184800362, 0.9057075370446868, 0.570677794320305, 0.4391205214088977, 0.7863885673034405, 0.792340232269744, 0.8379399660949389, 0.12577522383521778, 0.620720957428885, 0.8274295535483563, 0.46790026079630104, 0.8291525374208646, 0.697848591335931, 0.1739300230463302, 0.7998662761584715, 0.5734728471695539, 0.5652320996851734, 0.3687208864030015, 0.6811366476880676, 0.13856509069696601, 0.12271688102902151, 0.10558466657274175, 0.4162821509127579, 0.38785513415834627, 0.6835768088371392, 0.39555973202827904, 0.8956827475680832, 0.5130350682519509, 0.48525125182698303, 0.23347104436798521, 0.2269984862121893, 0.46056172481289614, 0.9379213199470074, 0.7009138329981885]], "feval_count": [130, 130], "n_trials_instructed": [130, 130], "passing": [true, true], "completed": true, "points": 0.0, "winner": "optuna_tpe_cube", "loser": "pymoo_unsga3_cube"}