{"n_dim": 55, "n_trials": 210, "objective": "markowitz_return_on_cube", "white": "pymoo_unsga3", "black": "bobyqa_default", "traceback": ["passing", "passing"], "best_val": [534.1026479071295, 422.294912246744], "best_x": [[0.6735915899648778, 0.6961716783271623, 0.31077728984412967, 0.08644927680766235, 0.26405112258715535, 0.5341870915220877, 0.0019486021078179983, 0.6997882730861944, 0.5071159185303529, 0.8539601686634442, 0.8500078194797891, 0.5459928499700796, 0.5252786149584855, 0.9421657022572232, 0.9906525284143578, 0.8813817542660876, 0.251647030365418, 0.9977412709718221, 0.5124616957814281, 0.5628622740556312, 0.43418790467002744, 0.601220645542145, 0.23384279873546465, 0.925616515356473, 0.18613931151917618, 0.6466931198886053, 0.6558383778812427, 0.7003879837391565, 0.22795433827064315, 0.5391905892235175, 0.5429961928865487, 0.25756676644397614, 0.43550925286453734, 0.46552454167651847, 0.9158751677808539, 0.18339506901502856, 0.47565645214961816, 0.7926046840763765, 0.6043911180930016, 0.7633578773613084, 0.7447757191781225, 0.9356223416090307, 0.5332468514835327, 0.01822564225052148, 0.010661786536299345, 0.23544676234837703, 0.34819223408253175, 0.08471782702898945, 0.8334440897120307, 0.5143234971423388, 0.2660083766132587, 0.18154219369119473, 0.38602812272810116, 0.09316465922624617, 0.6842584845287396], [0.10985391211685695, 0.5027027690880103, 0.548532964448672, 0.5117468618795612, 0.6052423013872893, 0.5238474069032343, 0.0, 0.5309852186666414, 0.47208209699510467, 0.5288390184017034, 0.5314561645648936, 0.5663887518355177, 0.48468972238025876, 0.5034846779289704, 0.5231024853977417, 0.352342761893243, 0.5716657863391578, 0.6200475791565818, 0.4667783909938073, 0.5827656840120344, 0.6245994026546235, 0.3857179165236224, 0.542738023514421, 0.5143567180939471, 0.2460834697848217, 0.5368815650259013, 0.47914267228180335, 0.34959465355333497, 0.39751949104805867, 0.5306022973138401, 0.49741834340376717, 0.5133280552725913, 0.5230947624135416, 0.5757996506423377, 0.5766288725380124, 0.5477176709643026, 0.466549798276882, 0.6323585527654756, 0.5073450509384669, 0.5435553659797228, 0.5230752689635481, 0.2736347607679486, 0.45069202846218587, 0.5190220643674766, 0.13078761665051677, 0.37525466484338893, 0.5006487288639302, 0.5553441586083983, 0.4807550554037078, 0.5782775289682788, 0.4161613122657208, 0.49045196624428117, 0.32484583339269696, 0.4162000464981813, 0.5842806663349144]], "feval_count": [210, 210], "n_trials_instructed": [210, 210], "passing": [true, true], "completed": true, "points": 0.0, "winner": "bobyqa_default_cube", "loser": "pymoo_unsga3_cube"}