{"n_dim": 55, "n_trials": 210, "objective": "markowitz_return_on_cube", "white": "pymoo_unsga3", "black": "platypus_moead", "traceback": ["passing", "passing"], "best_val": [622.0195494809433, 658.5471019504272], "best_x": [[0.6462379511072218, 0.3420315193272965, 0.9922126604949104, 0.3388312344730511, 0.5734625281210395, 0.14349950422844748, 0.8201054898175563, 0.03671649201489591, 0.9828407050276072, 0.7413785533458064, 0.27360585635596457, 0.7854524528304557, 0.577574277404421, 0.8909607470204145, 0.6319566169593669, 0.718559106371926, 0.381475473918253, 0.6772157939783225, 0.862796964674967, 0.8068933165273471, 0.27157976730144295, 0.4948504270951477, 0.8285787154884432, 0.18977042622903217, 0.0428548927588942, 0.16905370637394213, 0.14243533308607703, 0.669760283584055, 0.7210495846550009, 0.8293127365327698, 0.5250892076939836, 0.5943414279212986, 0.810280076561419, 0.2874660943837598, 0.31363550830874065, 0.5814142204337207, 0.7048802820245049, 0.7589957377055584, 0.6173534066243778, 0.7593513156802283, 0.8775307885633385, 0.781758508680277, 0.5267328744272305, 0.07928076966240005, 0.20791110434408655, 0.8647484402045986, 0.9707843840536122, 0.5138310771163503, 0.9333559011756655, 0.0827616761565757, 0.6901718661312212, 0.600038400417358, 0.8312751596576312, 0.37346733529225873, 0.21787447228116907], [0.5626583312742581, 0.8626525841338907, 0.09901395122038048, 0.22404571208580937, 0.9163644739668576, 0.683313744503678, 0.9709204808878228, 0.1359863275155032, 0.545495154723923, 0.7785714295148212, 0.7566728582281157, 0.5143244241606539, 0.7340430912034898, 0.6650181371368534, 0.90884237117934, 0.8253358588210707, 0.8297990571436427, 0.1717025004447067, 0.28811875277153465, 0.5602576579248708, 0.20801227230170805, 0.5453930133402934, 0.4177190221133824, 0.04781756551750538, 0.8332480222866298, 0.060935286160989866, 0.2925141073544162, 0.026306103045965812, 0.013300740017772816, 0.06635985744557449, 0.11954050810027905, 0.549922555323963, 0.6082356905777496, 0.7624070364916624, 0.36465724259829624, 0.9603452750781301, 0.3975655603206343, 0.7951851090564527, 0.20120868572906314, 0.4383550973940816, 0.8006684505468977, 0.7020576615861761, 0.2865811953125149, 0.5830867922754123, 0.9920746372362353, 0.22942712577209334, 0.08593648409104582, 0.022256048560056474, 0.7826993166355836, 0.404864060236401, 0.4617676077787395, 0.15962911498327936, 0.19253894291389495, 0.57493011767096, 0.6221013745203469]], "feval_count": [210, 211], "n_trials_instructed": [210, 210], "passing": [true, true], "completed": true, "points": 1.0, "winner": "pymoo_unsga3", "loser": "platypus_moead"}