{"n_dim": 55, "n_trials": 550, "objective": "markowitz_return_on_cube", "white": "pymoo_unsga3", "black": "pymoo_nelder", "traceback": ["passing", "passing"], "best_val": [491.20130901374523, 518.8214575945063], "best_x": [[0.5093012064058082, 0.6144551260700987, 0.5444871823571198, 0.7558382840717276, 0.4343872093087915, 0.37053793103068366, 0.5832520108025908, 0.6530757667938334, 0.718159699009009, 0.5353217237061103, 0.7573121215024458, 0.9607243905009535, 0.728492736267065, 0.5247424817243527, 0.7779503790851131, 0.2250600156361774, 0.24660256754988996, 0.9101135037865759, 0.38638133509237393, 0.8274431798120876, 0.8984924534729843, 0.3953315332112939, 0.7181396285868249, 0.8249992818455235, 0.6669293339091609, 0.5995615683583277, 0.4603067215966653, 0.4489926473307496, 0.6726267215811135, 0.7575153166702, 0.3141325022342405, 0.5521704588112782, 0.7038163751540526, 0.7609659163467447, 0.6225064965616048, 0.3692427364358569, 0.6267700176851242, 0.8209508255040943, 0.26093485252949633, 0.45312163208263, 0.8083245027337503, 0.4460610642507208, 0.2551121455565153, 0.583942412365282, 0.512085972681307, 0.5881324596129943, 0.43940072680272546, 0.1936291222207407, 0.16277486195895818, 0.6026448223482183, 0.9176051668114227, 0.7326442172772863, 0.667798694146831, 0.996080952373804, 0.7549064190026891], [0.0826711649199946, 0.6643556718269602, 0.30941430510374685, 0.470631010972258, 0.6561387474682949, 0.6039706623876421, 0.22304812804706284, 0.0651479786054933, 0.1368239672285267, 0.5406649551043126, 0.8041620902640746, 0.629860499062909, 0.7479869582557251, 0.05618817415765302, 0.8215388564488438, 0.4834830163227569, 0.8596639206461422, 0.21117085105311573, 0.3282586679124383, 0.5303649614368351, 0.5586568858019751, 0.7266565324453148, 0.4623389704978617, 0.9053899922187408, 0.6906812301848543, 0.7490707280422366, 0.43941312751282724, 0.21750703533820936, 0.7320321070447028, 0.703545848029382, 0.732834072997708, 0.911989837124876, 0.6168417705291976, 0.8494255892408231, 0.44247193779011706, 0.48681088632215225, 0.6145277927197283, 0.4007785397481951, 0.7368835857991217, 0.8319232735875745, 0.5950574052798285, 0.26407158588292834, 0.5769032389487619, 0.6292950522835288, 0.24751234943981437, 0.89913216474445, 0.6068982098980185, 0.5610713422361293, 0.09298025238240987, 0.7219847284026193, 0.1342328149838997, 0.8494014103208467, 0.402847268028928, 0.7876161665747183, 0.6636297828905655]], "feval_count": [550, 550], "n_trials_instructed": [550, 550], "passing": [true, true], "completed": true, "points": 1.0, "winner": "pymoo_unsga3", "loser": "pymoo_nelder"}