{"n_dim": 55, "n_trials": 340, "objective": "markowitz_return_on_cube", "white": "pymoo_nelder", "black": "pymoo_unsga3", "traceback": ["passing", "passing"], "best_val": [523.3214883566098, 535.6637208397024], "best_x": [[0.21487352199206627, 0.5680446612976288, 0.3594758064459921, 0.7268157657653364, 0.7286827380955627, 0.6114213901981692, 0.19002783291298872, 0.6828854618452155, 0.7303573240979764, 0.4955070126070238, 0.35498789597304725, 0.8675387374583803, 0.686730915954142, 0.11982717889386092, 0.489706291204504, 0.8468438394202007, 0.5900335467008291, 0.4785118419514506, 0.3815982357481216, 0.35743536379557006, 0.4688336185940287, 0.4181224479478422, 0.19430751172250327, 0.5615888590031861, 0.8421752810696205, 0.2735403291727768, 0.36818786131426384, 0.49179045905470425, 0.21915750474487664, 0.7053244351295508, 0.7753909177364766, 0.8798383931813131, 0.13267974857764858, 0.360063841209907, 0.9344956472366718, 0.8019229058843007, 0.1837480530707092, 0.7086876283789336, 0.8320269348261873, 0.27502874425551, 0.521726318436896, 0.29933364767278214, 0.18829100633047735, 0.543907938403466, 0.7932683699997853, 0.28196902363471776, 0.9368821648663043, 0.4506544410789054, 0.5216841900398977, 0.05806454796813991, 0.5600888546676989, 0.5633177931288049, 0.031608666738638096, 0.7740937537922132, 0.4952095717570399], [0.38272469103394424, 0.30480933212868666, 0.633337363667182, 0.2703060069567519, 0.477259663115996, 0.4645143757312148, 0.3370546389685637, 0.2446105453239812, 0.5809506680738944, 0.24830487303671633, 0.36780813570169757, 0.7117300249598945, 0.4322454090725931, 0.6613794312071952, 0.7210918496860281, 0.4185421833662223, 0.755557026756728, 0.9005041232342876, 0.23582938814400123, 0.30851183967220586, 0.4151730261494405, 0.5731790177229702, 0.38656025695871465, 0.9442156858046638, 0.42868202434504343, 0.9941434743337426, 0.15283347366040345, 0.5506384065724834, 0.916932204597656, 0.6486141543723248, 0.927716600875633, 0.36348777560722545, 0.6919743855858045, 0.7902538257184314, 0.23470356687869065, 0.3692585043401495, 0.8807700311583818, 0.310941966450226, 0.5848173272421342, 0.4418593736130959, 0.9907753125977502, 0.8256568990510667, 0.0041535759855108045, 0.7020860782215415, 0.8050768155495873, 0.2295540381032405, 0.6734978603827207, 0.09490021847064845, 0.9314872943671445, 0.46546024395839314, 0.7099201754542337, 0.839655140304573, 0.7718133092744037, 0.9996284791716099, 0.3589395996204212]], "feval_count": [340, 340], "n_trials_instructed": [340, 340], "passing": [true, true], "completed": true, "points": 1.0, "winner": "pymoo_nelder", "loser": "pymoo_unsga3"}