{"n_dim": 55, "n_trials": 80, "objective": "markowitz_return_on_cube", "white": "pymoo_nsga3", "black": "pymoo_nsga2", "traceback": ["passing", "passing"], "best_val": [730.1460004228352, 623.8914278313987], "best_x": [[0.5420263008234194, 0.9874893334073581, 0.844680635578439, 0.4483179317718574, 0.7887095212494083, 0.12143426434159288, 0.3251965658730056, 0.7731514381704379, 0.13136896729889935, 0.8485180142539495, 0.9689289377657602, 0.26809283113017746, 0.9889536969577137, 0.9120830357938948, 0.613336117656048, 0.6842857445413417, 0.8455321906639054, 0.22374427779819517, 0.537181125640287, 0.6835779194377074, 0.8229998119555785, 0.4167472939555331, 0.48703000611754865, 0.3886436313141175, 0.1476805430443605, 0.01826801665855582, 0.8852493500289486, 0.6669490732290704, 0.3767479330935347, 0.29648190082672055, 0.9503634746615274, 0.6516842609951505, 0.9881062419786946, 0.31625799357982, 0.18611424352606998, 0.7162080137210614, 0.45122863858271434, 0.2194817395241192, 0.8371950659850573, 0.5099699276338315, 0.16131044516215964, 0.7382791659542101, 0.09227631098524702, 0.3422616830950499, 0.6462288914808856, 0.3698272444697601, 0.03834728110682295, 0.9153526720755163, 0.20737682347364417, 0.4677920320694622, 0.5117500852959529, 0.6317401213458829, 0.5509405785687673, 0.2207198254277356, 0.33279682790579923], [0.26045897603241674, 0.25879544786702025, 0.670222439256548, 0.10871606532591871, 0.7080851391376587, 0.41629731891480615, 0.6394750759211997, 0.9669829408530162, 0.5274914774037289, 0.838486634237097, 0.5699685464557062, 0.15554742366668428, 0.7792708833466607, 0.6918052408736498, 0.14465344449038176, 0.09372459367333463, 0.5441237763495806, 0.4253472184713484, 0.48110438458474336, 0.4054265718313813, 0.7736481748440179, 0.26572133046329127, 0.11573352249398716, 0.21905421383772183, 0.240806581768363, 0.21510619652213137, 0.31043799913080217, 0.11226163362899799, 0.5765213742587417, 0.9299918570901726, 0.5271855932115882, 0.6112932320606207, 0.38267304416337655, 0.44258755696255814, 0.545052933848623, 0.5898669660282704, 0.532297256014619, 0.614008588478575, 0.9285681911439019, 0.2298740394361708, 0.6609041663894865, 0.4133605010329442, 0.4819244869771908, 0.9574177260765121, 0.013335814152376613, 0.2800069336958533, 0.655840799567044, 0.26335345435272506, 0.7732063123050839, 0.03343829506564755, 0.8907415316132886, 0.6102748739250917, 0.22065330020572016, 0.1906229180552741, 0.9526006355492229]], "feval_count": [80, 100], "n_trials_instructed": [80, 23], "passing": [true, true], "completed": false, "winner": "incomplete", "points": null}