{"n_dim": 55, "n_trials": 340, "objective": "markowitz_return_on_cube", "white": "pymoo_nsga2", "black": "pymoo_nelder", "traceback": ["passing", "passing"], "best_val": [584.3445732954395, 563.2750560634915], "best_x": [[0.4608175800746216, 0.6453013594707756, 0.8038107574154205, 0.5543170496532746, 0.6352779912214689, 0.4696967923942311, 0.5959295412386404, 0.6336719596524688, 0.955676489344166, 0.021008730491591576, 0.4448261807579935, 0.10163771631555607, 0.4052239191629893, 0.8029337155153685, 0.6107487642820424, 0.906968131666178, 0.306674291064601, 0.4372127135852689, 0.20158882822371937, 0.9022149316604964, 0.8927426754309868, 0.28948050479668963, 0.7377873197105169, 0.4153430977903605, 0.5325395820444354, 0.9754661989211117, 0.09800016997114214, 0.2755541551024614, 0.34341341851584983, 0.17210870668496536, 0.7670549426548497, 0.5730584219835072, 0.9285981715090658, 0.1100099811942522, 0.33248420557722413, 0.6961890414735858, 0.5453989334249548, 0.33973702617943513, 0.9117271965405485, 0.7565533657152479, 0.08262488423175995, 0.191951392388079, 0.5468550392248056, 0.8310974855405453, 0.5492554588992357, 0.6239297401332659, 0.31626906528110865, 0.4004309404564038, 0.7654325919391306, 0.2142094241931367, 0.3070611232074699, 0.3044343514295247, 0.11788487777316337, 0.3234426104709439, 0.5725873288337944], [0.8621343185947564, 0.31584518716056514, 0.8934116509897881, 0.3003794904878841, 0.08509780174103844, 0.5856420030202839, 0.23889177216226642, 0.48459050548655824, 0.3557228074049588, 0.20153427707070115, 0.038033865908777394, 0.5146372249826215, 0.39650094177145784, 0.7858674816788324, 0.9788723301868667, 0.8244803598615063, 0.6432435591750972, 0.7448774270870917, 0.5620619704427043, 0.3919777478786148, 0.9496746073508952, 0.6300561694799311, 0.7689237699451159, 0.6439587251736485, 0.6110441665729925, 0.4398374717998292, 0.28579308078512344, 0.7648263111466482, 0.6139394406989939, 0.4275658650341711, 0.681101737773459, 0.661054121616092, 0.5118240578426551, 0.0806000527192861, 0.32568830538227445, 0.7233587059928668, 0.5602831552269875, 0.19622705261300538, 0.4939724365752142, 0.4287575355375732, 0.38412208719850205, 0.6364618114597137, 0.6140723704549973, 0.8810736534808127, 0.786877481440977, 0.08642566398604136, 0.6671519256211805, 0.35486830748765225, 0.6204044759520198, 0.5119654541355911, 0.23006756011812293, 0.7020521275411787, 0.8077286818417492, 0.16175372798578405, 0.3244190366992469]], "feval_count": [300, 330], "n_trials_instructed": [237, 300], "passing": [true, true], "completed": true, "points": 0.0, "winner": "pymoo_nelder_cube", "loser": "pymoo_nsga2_cube"}