{"n_dim": 55, "n_trials": 210, "objective": "markowitz_return_on_cube", "white": "pymoo_nsga3", "black": "hyperopt_tpe", "traceback": ["passing", "passing"], "best_val": [517.1385925371073, 476.955808574363], "best_x": [[0.30984134812347097, 0.478276151456803, 0.054905403727893654, 0.3093678921325367, 0.9958821191220781, 0.3795647887344813, 0.09073573404555324, 0.5284157190747113, 0.26758579785307446, 0.4362308695695247, 0.40016886655144246, 0.7502715347639698, 0.2476669562140993, 0.7469255889745112, 0.2852016706949434, 0.35443485480068415, 0.9275460382823736, 0.1871281292924799, 0.5753403624986427, 0.3865181528904643, 0.8952416718924107, 0.4018162139195608, 0.9403135968664269, 0.7660161892217185, 0.4835061297855958, 0.5073237299429294, 0.3523540638114139, 0.8115887792104938, 0.6448299792086732, 0.756335669708589, 0.6670036083277552, 0.311865075615385, 0.2748549655545718, 0.9500508082202703, 0.9817998895627045, 0.4461499121573693, 0.6321019871083815, 0.5715162484257859, 0.4580804296996882, 0.24318848852174435, 0.45072025480710787, 0.01643153699317934, 0.15621958810872572, 0.36502372424824103, 0.6016608968483597, 0.9273956657288295, 0.6886055394437628, 0.12611945828336213, 0.761376866174272, 0.7409816185222405, 0.3671449073388203, 0.8146087648073548, 0.35824020991562655, 0.689070907124372, 0.9727346701063992], [0.5490529334430958, 0.19677322532766445, 0.6078842902599327, 0.36644160529909886, 0.44566830413185005, 0.7650234528508804, 0.0030012965369304876, 0.2970993484369508, 0.8346125942892442, 0.30157446687328543, 0.7031240336275963, 0.812611917803283, 0.3966346129754816, 0.5235062357932796, 0.5878196152379564, 0.8776584785118818, 0.7016625883737709, 0.7442957089181081, 0.6766875427093193, 0.5687477289435353, 0.6032231970321915, 0.26312000304160804, 0.9324258556131564, 0.6999026570105741, 0.186112760791356, 0.24258006823951708, 0.4218727468815899, 0.6917086172210005, 0.6548924820433664, 0.8402236475083645, 0.5019749949571487, 0.21386283125604455, 0.9397829610489523, 0.5104801871876152, 0.615295418127252, 0.3856599907242412, 0.6466350628055307, 0.5558454136599009, 0.7898397918871465, 0.7491467175589096, 0.7434944866154107, 0.38040769436141353, 0.6458299260066107, 0.8079321808734361, 0.332751316963082, 0.2684246650613003, 0.26426295326944876, 0.9035404792392612, 0.8841190433760273, 0.3773866453822131, 0.5669521546450851, 0.3274272601371717, 0.05855715934517955, 0.6172535881338518, 0.3402546981158521]], "feval_count": [210, 210], "n_trials_instructed": [210, 210], "passing": [true, true], "completed": true, "points": 0.0, "winner": "hyperopt_tpe_cube", "loser": "pymoo_nsga3_cube"}