{"n_dim": 55, "n_trials": 550, "objective": "markowitz_return_on_cube", "white": "pymoo_nsga3", "black": "optuna_tpe", "traceback": ["passing", "passing"], "best_val": [475.96296134217573, 468.70715716972734], "best_x": [[0.17889799974689147, 0.586411303041243, 0.6150835992007309, 0.2219730127615933, 0.9040446109441326, 0.6205248318927941, 0.7489895409947134, 0.2155060748900911, 0.5900046946833701, 0.847825360840618, 0.7252555921733603, 0.799292181158382, 0.18235960956222175, 0.8331472777351608, 0.8110256890897907, 0.5617795359381981, 0.6869956142444799, 0.7969422178558578, 0.6385789224554214, 0.9173135916584119, 0.7214453893014967, 0.39241314807875793, 0.7007637051267285, 0.41126208100823536, 0.41217306199307824, 0.4850961670297418, 0.8464921659261855, 0.4038676535853133, 0.30807887768882236, 0.8659369889902807, 0.6430791834583872, 0.2962910142745344, 0.7013719834418818, 0.26386234505124617, 0.41952574827619493, 0.7784130519157979, 0.5831008034329163, 0.8897542986662864, 0.4301936784452134, 0.669140671256811, 0.4372681624045939, 0.18583739266623667, 0.4692174182168455, 0.6417685625291194, 0.0547910411670578, 0.34057204064660906, 0.6598162476109991, 0.7017015117469027, 0.33268204337238494, 0.43449937756468693, 0.6032172125460992, 0.7489809251857109, 0.3734809359477742, 0.9880977054992021, 0.2612903147985368], [0.11774884244991249, 0.40883900134805806, 0.23580982631435035, 0.5277121055716227, 0.7974212953078529, 0.8921411656391262, 0.4885853021261159, 0.26272173987355907, 0.1037148564458944, 0.2724046015879307, 0.6964037345898058, 0.404143336470236, 0.6405116699508286, 0.8262813961033633, 0.2357564129490366, 0.8460469937689853, 0.5373631042187215, 0.9199005752356856, 0.4245594065597312, 0.44576644880391264, 0.6488514989217845, 0.6626589397863123, 0.830756985776058, 0.321269193407932, 0.22883056252259532, 0.7784848995366958, 0.2733587945891419, 0.18295429479136055, 0.3431170650482205, 0.3269148241347217, 0.7131244275777301, 0.551093824662127, 0.7585903000147243, 0.3800571623994598, 0.9233279701747276, 0.8125695556048268, 0.4422072970166228, 0.7436807621974397, 0.30397188244682816, 0.45728511169714703, 0.2392524431248698, 0.004952980286855535, 0.34553515213610486, 0.49737147172022406, 0.1237846921123761, 0.38248969855428916, 0.39778529470297097, 0.6851960363221073, 0.5447771718559322, 0.4907992769676786, 0.47912242073421807, 0.5219038538890697, 0.3174123727946798, 0.22016452307049172, 0.667029546679115]], "feval_count": [550, 550], "n_trials_instructed": [550, 550], "passing": [true, true], "completed": true, "points": 0.0, "winner": "optuna_tpe_cube", "loser": "pymoo_nsga3_cube"}