{"n_dim": 55, "n_trials": 550, "objective": "griewank_on_cube", "white": "pymoo_pattern", "black": "bobyqa_default", "traceback": ["passing", "passing"], "best_val": [300.3943250916367, 0.05672078850167171], "best_x": [[0.6085031053902215, 0.5716283592377079, 0.42028998477983415, 0.5030467737439459, 0.6191848944540717, 0.553325508288895, 0.6193228933658935, 0.45934850562103713, 0.467548134198925, 0.649163728992612, 0.5604770818483963, 0.4505157389636745, 0.614010731725749, 0.5914489158239705, 0.47219592643180586, 0.5797713082300173, 0.510688216213553, 0.4813497707493464, 0.6373603610476215, 0.5894033287212266, 0.7282724369818561, 0.5888849460489606, 0.6417905332564224, 0.401062470981006, 0.4520510349598958, 0.6097702831737776, 0.42639309730409225, 0.602715491015467, 0.6380592061580526, 0.6230517426504343, 0.6115418240428998, 0.6184735493605623, 0.5124851752196404, 0.5794685572973443, 0.6389508571800943, 0.5250312422964698, 0.612464546208743, 0.6280437635835838, 0.5907757013149015, 0.529426004748129, 0.41136364357522653, 0.43404222570042106, 0.5540958974907125, 0.42427697518032226, 0.4087155108674031, 0.5535641938717546, 0.6091149009152398, 0.7498282466122685, 0.6403120722024116, 0.6192592588540997, 0.4758871400314799, 0.45286136976950897, 0.6141144805490506, 0.4840620852675618, 0.49091469354364203], [0.5325372206082964, 0.5325303107943887, 0.5325212462223072, 0.5325270593828069, 0.532559702009827, 0.5325110239711949, 0.5325279561782542, 0.5325828430741602, 0.5325276769493744, 0.5325324918428719, 0.5324498239789611, 0.5324583385749112, 0.5325178467853048, 0.5325460817883142, 0.5325610612607664, 0.5325253031272941, 0.5324670963299387, 0.5325093649943088, 0.5324577158315013, 0.5325420193655478, 0.5323857721300341, 0.5325266762102981, 0.5324169324965957, 0.5325422479459436, 0.5324457006735281, 0.5326353011374501, 0.5324201218565602, 0.5325498683144828, 0.532363780140504, 0.5325821978467158, 0.532441754419576, 0.5324460684491136, 0.532442783612802, 0.5327734401001056, 0.5325435964012115, 0.5322129541992461, 0.5324073333905845, 0.532124320643177, 0.5324762792562265, 0.5326226880841421, 0.5329529672443712, 0.5329020666983956, 0.5322926806447209, 0.5322779997111029, 0.5327797142578105, 0.5328815515868833, 0.5328999147544006, 0.5324082380446785, 0.53218934584007, 0.5327144746628008, 0.5323106570292193, 0.5323873717314304, 0.5325442895204173, 0.5324438267853611, 0.5327180093849817]], "feval_count": [476, 476], "n_trials_instructed": [385, 476], "passing": [true, true], "completed": true, "points": 0.0, "winner": "bobyqa_default_cube", "loser": "pymoo_pattern_cube"}