{"n_dim": 55, "n_trials": 340, "objective": "markowitz_analytic_on_cube", "white": "pymoo_unsga3", "black": "scipy_lbfgsb", "traceback": ["passing", "passing"], "best_val": [13.15803560067906, 1.0087119254715022], "best_x": [[0.03280627166111638, 0.059393268120883635, 0.08805672882599325, 0.17827891799063822, 0.5511842847062373, 0.5364676485089169, 0.23369887434505843, 0.07914521777601657, 0.07679528160334459, 0.061052976099346234, 0.06018196908967888, 0.138455957328539, 0.7436849672434043, 0.08474082216212353, 0.12822287200656612, 0.0003791148775104114, 0.21438946943898585, 0.2563859063806625, 0.6916273219618159, 0.004609737348398202, 0.01757165700962149, 0.17354167038771884, 0.4143373921610439, 0.22245064297509198, 0.7117775726159796, 0.18366983572179285, 0.7012417484978222, 0.4438941835602057, 0.01694888641664649, 0.08422878286035618, 0.18757468575041347, 0.2943434784226039, 0.005682443386408109, 0.3989395420804507, 0.10106976565579384, 0.013499756513113192, 0.09325293527209089, 0.2551861679628836, 0.03259924642503076, 0.11899492358639074, 0.44286832409456633, 0.3419645372359137, 0.4419978899675998, 0.7534182343332837, 0.8149159350811714, 0.7309985659840474, 0.30128355634389015, 0.37908343701761105, 0.015828202030687355, 0.24668536107784522, 0.37318474424661996, 0.12718069627429196, 0.0016860614340253877, 0.4311342516437342, 0.5050761033009308], [0.0, 6.036147845208686e-11, 2.925039306094351e-11, 3.888160437237795e-09, 3.96623296675e-09, 9.055777597323466e-11, 0.0, 3.2173783164397e-11, 3.946354114356216e-09, 3.884322672253274e-09, 3.937327293761139e-09, 3.982303237478402e-09, 3.951840551287037e-09, 8.888975158972136e-11, 3.946369696130514e-09, 3.834703982315757e-09, 6.822377208456667e-11, 4.008571125874693e-09, 0.0, 7.55741613502381e-11, 3.94920195636703e-09, 2.3846044518043396e-11, 1.5470650214198262e-09, 3.922548862698786e-09, 0.0, 3.9569344721267e-09, 0.0, 0.0, 3.6313609595924774e-09, 3.936522699556584e-09, 3.915813339476608e-09, 7.32572977812498e-11, 6.261190211836324e-11, 5.155276440370628e-11, 3.987005277230186e-09, 2.5248082852288776e-11, 3.8879032775127605e-09, 4.016283358794223e-09, 2.1876642960761124e-11, 3.978180373820985e-09, 3.891639209895367e-09, 0.0, 2.30569510805272e-11, 1.5942442445773173e-11, 0.0, 0.0, 4.61535864841239e-11, 0.0, 3.9620361226243486e-09, 2.324142119921818e-11, 3.786150392455269e-09, 3.898081503546112e-09, 0.0, 3.498642555212236e-09, 3.943088830628099e-09]], "feval_count": [340, 3137], "n_trials_instructed": [340, 107], "passing": [true, true], "completed": false, "winner": "incomplete", "points": null}