{"n_dim": 89, "n_trials": 130, "objective": "markowitz_realized_on_cube", "white": "scipy_powell", "black": "scipy_slsqp", "traceback": ["passing", "passing"], "best_val": [-0.09734834269021238, -0.09944198696657379], "best_x": [[0.9999338930386481, 6.610696135189609e-05, 6.610696135189609e-05, 6.610696135189609e-05, 6.610696135189609e-05, 6.610696135189609e-05, 0.0, 0.0, 0.0, 0.0, 0.0, 0.0, 0.0, 0.0, 0.0, 0.0, 0.0, 0.0, 0.0, 0.0, 0.0, 0.0, 0.0, 0.0, 0.0, 0.0, 0.0, 0.0, 0.0, 0.0, 0.0, 0.0, 0.0, 0.0, 0.0, 0.0, 0.0, 0.0, 0.0, 0.0, 0.0, 0.0, 0.0, 0.0, 0.0, 0.0, 0.0, 0.0, 0.0, 0.0, 0.0, 0.0, 0.0, 0.0, 0.0, 0.0, 0.0, 0.0, 0.0, 0.0, 0.0, 0.0, 0.0, 0.0, 0.0, 0.0, 0.0, 0.0, 0.0, 0.0, 0.0, 0.0, 0.0, 0.0, 0.0, 0.0, 0.0, 0.0, 0.0, 0.0, 0.0, 0.0, 0.0, 0.0, 0.0, 0.0, 0.0, 0.0, 0.0], [0.010751218370855874, 1.0948739895879103e-18, 1.3039485323581802e-18, 0.0, 2.82669588312603e-19, 0.09322050731677041, 0.14924256489055795, 0.0, 4.418341534735414e-19, 0.0990846027625294, 4.876540583676468e-19, 7.41698625954156e-19, 0.0, 0.0007798039600005487, 0.0568231839287139, 0.0003904700185162662, 1.5532928654876248e-18, 5.541502824206323e-19, 3.3406999999479674e-18, 2.478777244967105e-18, 7.616467520858277e-21, 0.00020030476880811, 5.800765954549791e-20, 0.0, 8.25273886320775e-18, 2.9509112862881486e-17, 0.0, 2.35041317897172e-19, 0.024120039111097398, 1.1152142094133205e-17, 2.0146984814319417e-19, 0.010870843930373115, 0.0, 4.700409901553931e-19, 5.991497652640829e-19, 0.05504216734221621, 0.00010296177731016198, 1.185670311704299e-19, 2.9742222247999896e-18, 0.0, 0.0, 2.6864180003632513e-17, 0.0, 0.061298865795590116, 0.0, 3.5430321209907917e-20, 9.385705449813261e-20, 0.0, 1.5609071607664872e-17, 1.5260290690876862e-21, 5.2614305686795525e-18, 2.0434230068134284e-18, 7.824534156285109e-20, 4.447080357922328e-18, 0.01283211274378783, 0.0, 6.527404032873066e-20, 4.565421749006065e-19, 0.04902701154025786, 2.4697292787198535e-17, 3.0486056325691295e-18, 0.0, 0.07259106971784086, 2.400747919948617e-17, 0.11523602483408409, 3.305222750960176e-19, 0.0, 2.324648374874173e-18, 0.0, 3.3514195070480934e-18, 0.0, 2.872356644517198e-18, 0.10513957683598357, 1.0440430229661707e-18, 0.0, 2.6227154385939212e-17, 2.9540658403587575e-18, 0.07383437728290218, 0.0003586069005286791, 0.009053368985908417, 0.0, 7.337937710834167e-19, 1.1682133427840742e-18, 0.0, 2.6756170387962275e-19, 0.0, 0.0, 8.997511756078274e-19, 5.033795921651147e-20]], "feval_count": [131, 2468], "n_trials_instructed": [130, 39], "passing": [true, true], "completed": false, "winner": "incomplete", "points": null}