{"n_dim": 89, "n_trials": 210, "objective": "markowitz_realized_on_cube", "white": "scipy_powell", "black": "scipy_slsqp", "traceback": ["passing", "passing"], "best_val": [-0.09723665934733872, -0.09987288548692706], "best_x": [[0.9999338930386481, 6.610696135189609e-05, 6.610696135189609e-05, 6.610696135189609e-05, 6.610696135189609e-05, 6.610696135189609e-05, 6.610696135189609e-05, 6.610696135189609e-05, 6.610696135189609e-05, 6.610696135189609e-05, 0.0, 0.0, 0.0, 0.0, 0.0, 0.0, 0.0, 0.0, 0.0, 0.0, 0.0, 0.0, 0.0, 0.0, 0.0, 0.0, 0.0, 0.0, 0.0, 0.0, 0.0, 0.0, 0.0, 0.0, 0.0, 0.0, 0.0, 0.0, 0.0, 0.0, 0.0, 0.0, 0.0, 0.0, 0.0, 0.0, 0.0, 0.0, 0.0, 0.0, 0.0, 0.0, 0.0, 0.0, 0.0, 0.0, 0.0, 0.0, 0.0, 0.0, 0.0, 0.0, 0.0, 0.0, 0.0, 0.0, 0.0, 0.0, 0.0, 0.0, 0.0, 0.0, 0.0, 0.0, 0.0, 0.0, 0.0, 0.0, 0.0, 0.0, 0.0, 0.0, 0.0, 0.0, 0.0, 0.0, 0.0, 0.0, 0.0], [0.04894055456929663, 0.023300886344173495, 3.095892104201209e-18, 0.031635108382019446, 0.03471131151862971, 0.0, 3.1220199002413274e-19, 1.651110644026357e-18, 0.011797972316002065, 9.284326393649657e-19, 7.377474230762572e-19, 0.034121353307252245, 0.0, 0.022736934423047275, 0.0, 0.0, 0.02226879163855841, 0.03768362243323875, 0.028521941218609344, 0.0, 0.005497486646489897, 2.3620450516495687e-18, 0.03405075657494172, 3.4478814342534415e-19, 2.3893906068534117e-19, 0.009161232448025212, 0.0, 0.01454572091943502, 0.0, 0.0, 0.0, 0.035087720951118416, 0.016794541232690967, 0.0011687559092264305, 0.04320712140836449, 9.040214051186737e-05, 0.007250940169773733, 0.0, 0.024394847229076498, 9.35236663565778e-19, 3.0147844396435653e-19, 0.03802919197662481, 0.025621069655730012, 0.016070153524825687, 0.0, 0.03380975065080785, 3.696989959219761e-19, 0.0, 0.013383620159489351, 0.0, 0.022716468223525604, 0.0, 3.3229589794074366e-19, 0.0, 0.024078547448853425, 0.004303087893542087, 0.018428449743244472, 6.262358502209853e-19, 0.02119156538837744, 0.013694259647231874, 0.002187940650226543, 0.0, 0.0, 0.0, 0.0, 0.025979218775321163, 1.3341194272429246e-18, 0.004726214180147651, 7.016688323745855e-19, 0.0180059871135668, 6.163844012845085e-19, 0.01594250186756721, 0.0, 0.00846194257137848, 0.03856432903825157, 0.00788715074326107, 0.0, 0.015275206258062755, 0.005481804664885562, 6.383700576764253e-22, 0.026310551815301127, 0.05089742839382586, 9.146931827844395e-19, 0.037479151721897926, 0.0, 0.0, 0.02450643275712742, 6.770028611807561e-20, 0.0]], "feval_count": [211, 2451], "n_trials_instructed": [210, 66], "passing": [true, true], "completed": false, "winner": "incomplete", "points": null}