{"n_dim": 55, "n_trials": 550, "objective": "risk_on_cube", "white": "scipy_nelder", "black": "nlopt_ags", "traceback": ["passing", "Traceback (most recent call last):\n  File \"/Users/petercotton/virtual-envs/optimizer-elo-ratings/lib/python3.7/site-packages/humpday/comparison/eloratings.py\", line 79, in optimizer_game\n    with_count=True)\n  File \"/Users/petercotton/virtual-envs/optimizer-elo-ratings/lib/python3.7/site-packages/humpday/optimizers/nloptcube.py\", line 43, in nlopt_ags_cube\n    return nlopt_cube_factory(objective=objective,n_trials=n_trials, n_dim=n_dim, with_count=with_count, method='gn_ags')\n  File \"/Users/petercotton/virtual-envs/optimizer-elo-ratings/lib/python3.7/site-packages/humpday/optimizers/nloptcube.py\", line 32, in nlopt_cube_factory\n    best_x = opt.optimize([0.5] * n_dim)\n  File \"/Users/petercotton/virtual-envs/optimizer-elo-ratings/lib/python3.7/site-packages/nlopt/nlopt.py\", line 334, in optimize\n    return _nlopt.opt_optimize(self, *args)\nValueError: nlopt invalid argument\n"], "best_val": [0.5638808941323844, null], "best_x": [[0.0005495477732559639, 0.00021910201793631638, -0.0002485638832209654, -0.00025160126758284613, 0.0008840818940264485, -0.00011571771838033654, -0.0011152198621449427, 9.394616156373266e-05, -0.000952585878269987, -7.352138004180513e-05, 4.333174535544683e-06, 0.00023993788945965915, -0.00018102624989330314, -0.00011201427244192169, -1.0718592928286386e-05, 0.00030487313320565716, -0.00022644679511671836, -7.509812691376175e-05, 0.0001598072384288926, 0.0003629629380869021, -1.194566905548663e-05, 0.0006371712397993258, 1.288572849582994e-05, -7.663595485831515e-05, 0.00043451322393939424, 0.0002591344752452411, 1.896638679084229e-06, 0.00041022209340886226, -0.0005249302504020386, 0.00065892110999845, -0.0004014672291083491, -0.000270846442986454, -0.0002728267275461802, -0.0020197520236802774, -9.888352794421713e-05, -0.00029063132789499557, 0.0002959660424584683, 0.0003299127279606731, 9.036288675572483e-06, 0.000568279372384553, 0.00037731903262271484, 0.0005547527614134351, -3.1535659523892126e-05, -2.284653739070987e-05, 0.0002526168752232825, -0.0003289387501068341, -0.0006252613142107499, 1.4002773855773558e-05, 1.252830687510595e-05, -8.56967755052493e-05, 0.00020554117590833933, 0.0006087279019111615, 1.529588014549448e-06, 0.0002887303614749541, 0.0003379659581715039], null], "feval_count": [551, null], "n_trials_instructed": [550, 551], "passing": [true, false], "completed": false, "winner": "incomplete", "points": null}