{"n_dim": 55, "n_trials": 550, "objective": "markowitz_return_on_cube", "white": "ultraopt_random", "black": "bobyqa_noise", "traceback": ["passing", "passing"], "best_val": [609.9929426904715, 475.81107963185474], "best_x": [[0.30968056435145586, 0.2971171581278419, 0.6431786168698957, 0.10349750359356769, 0.5529468935778924, 0.37699323536663487, 0.1391966134168856, 0.5802189636905405, 0.888107919011472, 0.4735396468988905, 0.3058025824494788, 0.8848030809601958, 0.7237952301747855, 0.6697230078311506, 0.7987491489520008, 0.257114663004145, 0.6180428120817557, 0.46006623895795096, 0.7824416352001934, 0.3092561104732855, 0.8822124118173135, 0.4021504761949287, 0.06662208736746145, 0.5160508223417928, 0.34597248780702594, 0.672225380547175, 0.9510329247486061, 0.485608317996847, 0.46619023015553385, 0.6545848001914603, 0.25350618892501464, 0.9189793255003985, 0.6699426133637663, 0.013444043983416254, 0.20462547255901986, 0.682837266028899, 0.7643992025625742, 0.8398595726740419, 0.2921768033820449, 0.9310285962775626, 0.6965390223878929, 0.596738862779908, 0.12274005467462046, 0.9631146593848798, 0.12287557989415265, 0.2548819564111836, 0.8136278802229802, 0.6185969615011014, 0.838149165376357, 0.5157361883740449, 0.9218454995477849, 0.03625231751479485, 0.8561302203530459, 0.23081778518778162, 0.8487363277539678], [0.5456945949485794, 0.5291789278429782, 0.3238277802285908, 0.5845386988157623, 0.6524567937102929, 0.3861710669544853, 0.23924954496062442, 0.5774740103443379, 0.355009683882623, 0.5217205286231368, 0.6382094835400969, 0.40380382142242927, 0.5087766614068097, 0.5437324718754786, 0.6489050366321303, 0.0, 0.3195481995503804, 0.44235505627923427, 0.4856928475503327, 0.4994302321514757, 0.40749777236802864, 0.4920375391560631, 0.27142116817447615, 0.5176838076173196, 0.4939615948250668, 0.6184051223644732, 0.8047944720204185, 0.3074937920008975, 0.46651610250308384, 0.5773638239446152, 0.29012691083279224, 0.6655046032277054, 0.5082464947099854, 0.21100575493725263, 0.166857123434912, 0.5275812025743911, 0.3902364403531914, 0.1216656855927522, 0.5017821097802518, 0.5956732566683324, 0.6828348618921449, 0.4342578956419031, 0.5360408205176033, 0.4929210792436323, 0.5853619004432264, 0.13829704878870655, 0.6355439506862548, 0.8004607928087691, 0.44309969636346647, 0.4584899340015841, 0.4846046472932256, 0.5157978020439515, 0.5727676679011473, 0.42482543182878396, 0.5600796912555408]], "feval_count": [550, 550], "n_trials_instructed": [550, 550], "passing": [true, true], "completed": true, "points": 0.0, "winner": "bobyqa_noise_cube", "loser": "ultraopt_random_cube"}