{"n_dim": 55, "n_trials": 340, "objective": "markowitz_return_on_cube", "white": "ultraopt_forest", "black": "hyperopt_atpe", "traceback": ["passing", "passing"], "best_val": [690.4614842038648, 658.5093443985037], "best_x": [[0.6489084103555569, 0.9491119968349434, 0.15138668675983524, 0.6121297610916774, 0.12351759237639492, 0.6793412237748799, 0.6441754714842332, 0.31426509177809925, 0.18055858464876728, 0.4376558199288969, 0.7937110920175603, 0.7590796138492086, 0.660037404053514, 0.7196215466042284, 0.743895208870999, 0.5467860830879966, 0.5290692335706692, 0.44927678127165205, 0.916025114899486, 0.6974262240449194, 0.18633209045296506, 0.4154881251134207, 0.9472263503707876, 0.7941695413778372, 0.9165786405374255, 0.5649345578004513, 0.4702917617124014, 0.04667251648643822, 0.7451207639597099, 0.7450938583214897, 0.48026471387980874, 0.7431238811922241, 0.1636165058563661, 0.8312884462745853, 0.690900623455319, 0.6019840866495886, 0.9226987157823737, 0.5900939184494106, 0.7380928071221616, 0.6588377347107836, 0.9323557023313827, 0.7865746235566047, 0.21412786557225882, 0.7789144218065583, 0.8350060368558782, 0.44913189273241994, 0.5345068004088935, 0.6437873482098675, 0.3789389388208584, 0.8511579275964691, 0.301510995583247, 0.07757366591903736, 0.15131363278997856, 0.29668857768861, 0.6981674579592783], [0.5827616599014364, 0.8522074762406381, 0.4484374833460941, 0.5507325265563424, 0.513072817252033, 0.9206520550000062, 0.8287548269173742, 0.7172275663153205, 0.698824753538095, 0.502111522374669, 0.6429771541465326, 0.46085107919694585, 0.4585888227564845, 0.2779610066632021, 0.16836050645082457, 0.8389715618004464, 0.3631213315801443, 0.5625679357944373, 0.629111728998907, 0.917676812411122, 0.09702803398085905, 0.3533737922766006, 0.9226550205256084, 0.9372284786422276, 0.9233813519017764, 0.6789153005940484, 0.38742724125276706, 0.0009975543687211486, 0.2643596866445566, 0.6234779749519471, 0.3081077305471062, 0.3137996347907903, 0.6558402081941694, 0.7994857589473146, 0.7602900201801261, 0.35318264883360995, 0.4697442706651037, 0.9029233925560816, 0.8643916428056472, 0.7133138675682624, 0.6974407677041743, 0.7234671810331581, 0.05265427638187951, 0.6921511785593257, 0.38094681364306454, 0.8329307101950951, 0.7611779253161911, 0.9248126899656103, 0.018282056845911505, 0.6687231586727865, 0.6593493397683864, 0.5730490634131764, 0.3667201569700543, 0.8176287284932608, 0.7772494468294369]], "feval_count": [340, 340], "n_trials_instructed": [340, 340], "passing": [true, true], "completed": true, "points": 0.0, "winner": "hyperopt_atpe_cube", "loser": "ultraopt_forest_cube"}