{"n_dim": 55, "n_trials": 80, "objective": "paviani_on_cube", "white": "ultraopt_forest", "black": "platypus_epsmoea", "traceback": ["passing", "passing"], "best_val": [-113646873.07235712, -115592945.26915993], "best_x": [[0.3533522280260528, 0.5836561118508721, 0.822537242923169, 0.9872761293149445, 0.8647223762550532, 0.9540510272587224, 0.11355759219962902, 0.6715731955927996, 0.5203077009037933, 0.7723183917356393, 0.07773463696498484, 0.9743948076661665, 0.9862107444796029, 0.6981617140197451, 0.5360963663441204, 0.30952761628632774, 0.8137950197069487, 0.6847311725538793, 0.1626169393448913, 0.9109271844938425, 0.949799913291924, 0.72571950838836, 0.6134151959357899, 0.4182430362906189, 0.9327284833540133, 0.8660638895004084, 0.04521867010618941, 0.026366974497252005, 0.3764633668780496, 0.8105533307818329, 0.15041689110352818, 0.5941307153521351, 0.3808908566310215, 0.9699143978146032, 0.8421189231357087, 0.8383287047111379, 0.4686931597949703, 0.4148195023376652, 0.27340707193070624, 0.056375496650927115, 0.8129010091300776, 0.9997176732861306, 0.9966368370739054, 0.5554317056026274, 0.7689874151805105, 0.944765729882428, 0.8496473906774115, 0.24734810174319766, 0.4505441353100935, 0.12915941515149498, 0.60617463445088, 0.22864280550346272, 0.6717006844058567, 0.6181282404578958, 0.3581627180328405], [0.6310037820263046, 0.15950437101457982, 0.9575502501773805, 0.13040630565410416, 0.08268416546507906, 0.32431704213980217, 0.8977475968878382, 0.8119273409136225, 0.2546106219441595, 0.8150863943139794, 0.8577440701394715, 0.9465848647473758, 0.7237753822825349, 0.6626317035134852, 0.9592192123910218, 0.5326637311370261, 0.8931619074337115, 0.585118773768328, 0.671698328363408, 0.5717548505014327, 0.7509681534964446, 0.6687111143197593, 0.06692334601327132, 0.5499121274137777, 0.10851784296470823, 0.932479110297628, 0.9733791851769568, 0.553659727614637, 0.49407162081622635, 0.7573682364907227, 0.44312904125965535, 0.13871758768501075, 0.6035043058053535, 0.11783916303416742, 0.38958391310509277, 0.7826407623807158, 0.1262584583985007, 0.9695929691485213, 0.8228982254888942, 0.3169118600001225, 0.7563117497634617, 0.4004176389283637, 0.4707401821033209, 0.761912136217845, 0.7598500999607614, 0.8486737973212742, 0.8786966242807046, 0.8081336415701758, 0.06899961707022251, 0.9624121548165917, 0.6721278819871824, 0.8310771625681012, 0.08772274345044029, 0.9123171169957512, 0.5469941679711545]], "feval_count": [80, 100], "n_trials_instructed": [80, 23], "passing": [true, true], "completed": false, "winner": "incomplete", "points": null}