{"n_dim": 55, "n_trials": 130, "objective": "markowitz_analytic_on_cube", "white": "ultraopt_random", "black": "scipy_slsqp", "traceback": ["passing", "passing"], "best_val": [21.99771362731177, -0.02847472077184375], "best_x": [[0.15478603484611198, 0.3011755869973588, 0.05450927741371958, 0.9701168864184322, 0.691927363266592, 0.9478565672536607, 0.12331849107529225, 0.40097032668835175, 0.3507097879920843, 0.7728400834265033, 0.248976899161365, 0.3723070985730478, 0.25466376588996187, 0.48895092643845206, 0.4074078813546854, 0.9865694907793265, 0.055926350128225666, 0.14218137638735162, 0.052825893908602484, 0.6258411949823758, 0.8364397373761233, 0.5119386306819278, 0.5270076245815337, 0.5615945077121942, 0.17081370630621073, 0.19769030311448754, 0.3188173228730047, 0.5934964158218514, 0.21011777594021452, 0.11633172713326123, 0.021981814809622913, 0.8026974053360216, 0.7880351495750221, 0.297214113845096, 0.1356266160073134, 0.14562864670542341, 0.6974316172371925, 0.6428065910861737, 0.7827456742513867, 0.9374811723991047, 0.15585153655144346, 0.24344261676541068, 0.8421937308731146, 0.20930607583420857, 0.07252231695448141, 0.7032800540422505, 0.40252635549014204, 0.9200400525459036, 0.6502550710936615, 0.09041897779166075, 0.2585572636402459, 0.33721249040628576, 0.40226041368354204, 0.05122429640431325, 0.49651542223060485], [1.41149621450768e-15, 0.0686988142603385, 2.1396843204001225e-14, 0.09825668779844668, 0.0, 5.696558948681827e-15, 1.7411646721694632e-15, 0.0, 0.0596473392354776, 1.4359329073428905e-14, 8.169311928621618e-15, 0.09404987600022251, 0.0, 0.0, 0.13940654910845246, 7.151687200885537e-16, 0.02249531030311742, 7.438408446766682e-15, 0.0, 2.959153611013718e-15, 6.133757425505569e-15, 1.825383541843849e-15, 0.0, 2.8182382197789365e-15, 5.240515308636893e-14, 0.0, 2.1836261717637753e-15, 1.0912766151789908e-15, 2.361705136393891e-15, 7.864475266115664e-16, 0.03832808125170503, 0.04934660881429012, 6.228230667414944e-15, 0.09450799837439684, 2.7476513598840447e-15, 0.0, 1.1516244457005374e-15, 2.004568283866526e-15, 0.09470164857097713, 0.017821854536276445, 0.0, 0.0, 0.061139260389206286, 0.024209402279847244, 0.05864948809519851, 0.02997401273186564, 0.0, 8.990894315012077e-14, 2.1881461338130434e-14, 1.1534019080260338e-14, 5.583557144885165e-15, 0.01174190355424044, 9.230501706119974e-14, 0.03702580008764502, 5.189703585698959e-15]], "feval_count": [130, 1880], "n_trials_instructed": [130, 39], "passing": [true, true], "completed": false, "winner": "incomplete", "points": null}