{"n_dim": 55, "n_trials": 130, "objective": "markowitz_return_on_cube", "white": "ultraopt_etpe", "black": "bobyqa_default", "traceback": ["passing", "passing"], "best_val": [767.9106395017611, 596.6825019929745], "best_x": [[0.28571208628186073, 0.7777279100677931, 0.21210866980743492, 0.10097002075563155, 0.11166268353738606, 0.8883931823245304, 0.36882071114643167, 0.8883068020273536, 0.7779531583278337, 0.824056678292909, 0.4239561794632619, 0.8982590836748244, 0.2585247385449545, 0.09477512139137101, 0.2259143838762584, 0.526123611778777, 0.42922841153295366, 0.2056200663436163, 0.7759849496609471, 0.6391812193221356, 0.4553152315296688, 0.46521700102013375, 0.3583832914997659, 0.5822374194828889, 0.5312397461010928, 0.34052949631130625, 0.265435830614116, 0.57459106056751, 0.1260462473278996, 0.4470560916379356, 0.17585036803205067, 0.6704571960344077, 0.17795311295173033, 0.3975464088150227, 0.48368024327423353, 0.43607261527559615, 0.5074880870273332, 0.6809614956682262, 0.5925667840852644, 0.3631836037916232, 0.11052749310568588, 0.5120523387015651, 0.8565883170886479, 0.5699943340730363, 0.12996561609957324, 0.9395331690762629, 0.04318073043024906, 0.8698534127418743, 0.01580714719788845, 0.3052736767629942, 0.843542488532657, 0.5903866199433333, 0.6056089832428794, 0.6444347274310115, 0.36189714524642547], [0.47055393189981043, 0.5247477942770025, 0.5078568818381654, 0.5067972425773231, 0.4786389383898387, 0.5282844336378432, 0.41793690354624335, 0.5254610674248076, 0.4678851464930197, 0.5163578410020948, 0.4731649075420188, 0.5296705184529955, 0.5131571973738468, 0.2776373637058441, 0.5334137494105471, 0.4534508322828604, 0.4881305552979584, 0.4468000438845834, 0.4550217607047395, 0.5176766104051828, 0.5022156296912051, 0.5404467312636663, 0.47886839698784867, 0.5297587971173596, 0.52507696817424, 0.46254181084847296, 0.5071344811752854, 0.4707751889151082, 0.49597415278811036, 0.4553794521728239, 0.5227044779264551, 0.5166375245526237, 0.5219444995683457, 0.4309953525385553, 0.1181213812347106, 0.44948952978982226, 0.4786475312094131, 0.5091834470897231, 0.46500828149450285, 0.46741603650078933, 0.4794563769357328, 0.4573335664487191, 0.5200732010043225, 0.4640525796821088, 0.5302962360157097, 0.5004130974885237, 0.0, 0.537690517105225, 0.5313767384770887, 0.4879895119833438, 0.21788749029273793, 0.3556807743639938, 0.5135280147097186, 0.5366660123139787, 0.5092508868353868]], "feval_count": [130, 130], "n_trials_instructed": [130, 130], "passing": [true, true], "completed": true, "points": 0.0, "winner": "bobyqa_default_cube", "loser": "ultraopt_etpe_cube"}