{"n_dim": 55, "n_trials": 550, "objective": "markowitz_return_on_cube", "white": "ultraopt_random", "black": "ultraopt_forest", "traceback": ["passing", "passing"], "best_val": [546.664437480142, 525.3244840511179], "best_x": [[0.8177853298569451, 0.2135113663106719, 0.6362913539792481, 0.20403563462889884, 0.7457337827312321, 0.722070938202737, 0.0032182636042786816, 0.6195893374598407, 0.3554930104413574, 0.7941973312770843, 0.505852692951829, 0.8407030280112, 0.7328015447662506, 0.5422372054918483, 0.5903476904587729, 0.50836054691628, 0.2975484513188206, 0.5650219928590161, 0.6888853020500907, 0.8733229158608077, 0.761121537043158, 0.160071634954573, 0.4615574744197899, 0.009331619827093296, 0.24667886452162302, 0.7264617151130048, 0.9918099513493635, 0.0991780995872159, 0.40149431586128825, 0.8000709686991595, 0.5550849493022862, 0.7330712960296748, 0.615985450260179, 0.18802473461541613, 0.3553845686857394, 0.7837917844853972, 0.5542265141320166, 0.005229613542912737, 0.7609907600280938, 0.03531135494023907, 0.2024805601652374, 0.9580734801193802, 0.3679407513020845, 0.3269316163380791, 0.14888805033244468, 0.3056042154902149, 0.8766507618282006, 0.9963343376272473, 0.36830953050684834, 0.44861063095454257, 0.8861957804650745, 0.5930443341867842, 0.39152569817782934, 0.41262184084862374, 0.6956181464968069], [0.4690068271093545, 0.837654402890786, 0.4526481863289713, 0.8963983781091558, 0.5440923528263873, 0.5919364934502148, 0.8852380684681668, 0.5378374042011738, 0.39839841602180015, 0.9694750527800334, 0.2530898390536157, 0.4667071052559192, 0.9335242193775379, 0.8170590400537715, 0.10783938094902301, 0.49067542095844574, 0.17453925808476445, 0.6783461296208588, 0.3369857188247781, 0.2883789183364356, 0.8150393227462558, 0.2714131407331022, 0.5422345095302299, 0.3032548043325689, 0.3749650636622621, 0.4422357221412827, 0.751645004498449, 0.7508486389768401, 0.4749802955606732, 0.4094697497816837, 0.04637519731451267, 0.5755228340401677, 0.29384222918583336, 0.4897790711162405, 0.12125202969062943, 0.7629378370951355, 0.40016381525966915, 0.4022352553193257, 0.547740856915978, 0.07564013219612142, 0.2736125248453285, 0.54612813435116, 0.8932169297247102, 0.7435359713758934, 0.5006592582526561, 0.13321878297859624, 0.4139160186006987, 0.637693361718489, 0.926866195528299, 0.6090354770784748, 0.8520301033297459, 0.6828517812766911, 0.6166225672622871, 0.9293077291937214, 0.9285533575841488]], "feval_count": [550, 550], "n_trials_instructed": [550, 550], "passing": [true, true], "completed": true, "points": 0.0, "winner": "ultraopt_forest_cube", "loser": "ultraopt_random_cube"}