{"n_dim": 55, "n_trials": 340, "objective": "michaelewicz_on_cube", "white": "ultraopt_forest", "black": "hyperopt_rand", "traceback": ["passing", "passing"], "best_val": [0.7595458953548678, 0.7264514436025532], "best_x": [[0.6064934969991755, 0.9255642915702426, 0.6790277297456683, 0.5302174472154201, 0.2467757448001633, 0.06427657991163638, 0.9888979747065968, 0.31402590578725, 0.7557025999369957, 0.3729947239411928, 0.9411758827585396, 0.6604111782299937, 0.8193021071315055, 0.7399430476097412, 0.7422612525671546, 0.73943809907348, 0.0452353155385079, 0.09090133798781119, 0.6231564502364548, 0.6621505944858148, 0.8469900223600073, 0.4654842275227562, 0.32833275757420666, 0.9801113198997872, 0.9158128016750056, 0.42626096962641635, 0.28302888292002104, 0.6031665386119421, 0.813565350385495, 0.6827070023958755, 0.9968259412412828, 0.6695227962639478, 0.15866600209444948, 0.7259091351300678, 0.9023893403941218, 0.24625172914730242, 0.5281300475190879, 0.9859452192398155, 0.7545193620238151, 0.5739303678806603, 0.07983593665273658, 0.9304355076180247, 0.6812159026026441, 0.7961553699626748, 0.5853545999396146, 0.6121073076548168, 0.6001364521063494, 0.5495026475316426, 0.6542956174622383, 0.9044167813102952, 0.9198365888897195, 0.7196396159910167, 0.34994497068437425, 0.950665225828803, 0.9636158667269211], [0.6709791610248875, 0.9648575007354929, 0.5676736626065244, 0.29253554094704304, 0.9530587997089989, 0.4458335762974849, 0.9785708492431748, 0.9943569483988917, 0.32684000894100806, 0.8206512874448724, 0.804908779506479, 0.1967108422696498, 0.529918724531171, 0.7448913434639202, 0.35603571109161114, 0.3406074322938765, 0.3147846647474243, 0.6369598809294637, 0.5331209135028542, 0.323098642682384, 0.0327750603999217, 0.8047180533842919, 0.21559404437529858, 0.9989431723422838, 0.5180477909413773, 0.3274651050875065, 0.9328716057474713, 0.622752752048889, 0.6397874213747052, 0.07363560681193802, 0.4749532296078329, 0.390028733790986, 0.20763148720023444, 0.7655117295426876, 0.6754087114291869, 0.792933153972043, 0.2962122448479628, 0.7051148183521101, 0.3219456864964247, 0.556155361734509, 0.11735300455607905, 0.4369178779021182, 0.1785137247201833, 0.3113799459547919, 0.5580241835079933, 0.7209500555137348, 0.8332543737032909, 0.6962841383969387, 0.6458348841290424, 0.3930709300061662, 0.7933107183684784, 0.78384651120775, 0.653601732292118, 0.6970823264172572, 0.7859350822172226]], "feval_count": [340, 340], "n_trials_instructed": [340, 340], "passing": [true, true], "completed": true, "points": 0.0, "winner": "hyperopt_rand_cube", "loser": "ultraopt_forest_cube"}