{"name": ["shgo_slsqp_sobol_cube", "shgo_powell_sobol_cube", "shgo_nelder_sobol_cube", "scipy_slsqp_cube", "scipy_powell_cube", "scipy_lbfgsb_cube", "pysot_ei_cube", "pysot_lcb_cube", "pysot_random_cube", "pysot_srbf_cube", "pysot_dycors_cube", "ax_default_cube", "optuna_cmaes_cube", "optuna_tpe_cube", "optuna_random_cube", "optuna_random_cube_clone", "optuna_random_cube_clone_1", "optuna_random_cube_clone_2", "platypus_genetic_cube", "platypus_evolutionary_cube", "platypus_nsgaii_cube", "platypus_cmaes_cube", "platypus_gde3_cube", "platypus_ibea_cube", "platypus_moead_cube", "platypus_omopso_cube", "platypus_smpso_cube", "platypus_spea2_cube", "platypus_epsmoea_cube", "nevergrad_ngopt_cube", "nevergrad_ngopt4_cube", "nevergrad_de_cube", "nevergrad_portfolio_cube", "nevergrad_oneplus_cube", "nevergrad_hammersley_cube", "nevergrad_ngopt8_cube", "hyperopt_tpe_cube", "hyperopt_atpe_cube", "hyperopt_rand_cube", "pymoo_nelder_cube", "pymoo_nsga3_cube", "pymoo_unsga3_cube", "pymoo_pattern_cube", "pymoo_nsga2_cube", "pymoo_unsga3_cube", "skopt_gp_default_cube", "bayesopt_ucb_cube", "bayesopt_ei_cube", "bayesopt_poi_cube", "nlopt_direct_cube", "nlopt_ags_cube", "nlopt_esch_cube", "nlopt_isres_cube", "nlopt_crs2lm_cube", "nlopt_directr_cube", "nlopt_directo_cube", "nlopt_directl_cube", "bobyqa_default_cube", "bobyqa_noise_cube"], "count": [0, 0, 0, 9, 0, 0, 0, 0, 0, 0, 0, 0, 0, 15, 15, 20, 17, 21, 17, 21, 11, 0, 19, 16, 17, 21, 13, 22, 28, 15, 22, 26, 15, 19, 17, 21, 17, 8, 23, 19, 18, 33, 15, 25, 0, 0, 0, 0, 0, 15, 0, 19, 14, 22, 17, 11, 23, 23, 17], "rating": [1600, 1600, 1600, 1755.6700113585364, 1600, 1600, 1600, 1600, 1600, 1600, 1600, 1600, 1600, 1572.332471778544, 1600, 1600, 1600, 1600, 1542.5827980030583, 1587.2061474279712, 1628.182362095296, 1600, 1542.7107089484941, 1570.1405970789817, 1430.7179674897452, 1638.1695531087303, 1461.713385294687, 1284.5110173876774, 1771.796883307458, 1923.9079259683792, 1884.1224001781866, 1686.8003686939242, 1594.2495354770163, 1941.5685629340696, 1844.4535899379034, 1920.8135599245861, 1532.5455394612984, 1615.3285132662752, 1734.0935474589348, 1410.1107537358678, 1514.7160144660893, 1434.6570973847793, 1439.7631567724204, 1372.2959899949365, 1600, 1600, 1600, 1600, 1600, 1674.9028375620642, 1600, 1796.532812853109, 1402.2887018831443, 1530.9182989830722, 1922.8104022639614, 1388.4626257057082, 1436.3494152889004, 1855.204255627742, 1920.8027073906621], "traceback": ["not yet run", "not yet run", "not yet run", "passing", "passing", "passing", "not yet run", "not yet run", "not yet run", "not yet run", "not yet run", "not yet run", "not yet run", "passing", "passing", "passing", "passing", "passing", "passing", "passing", "passing", "not yet run", "passing", "passing", "passing", "passing", "passing", "passing", "passing", "passing", "passing", "passing", "passing", "passing", "passing", "passing", "passing", "passing", "passing", "Black took 341 function evals when instructed to use 341", "passing", "passing", "passing", "passing", "not yet run", "not yet run", "not yet run", "not yet run", "not yet run", "Black took 341 function evals when instructed to use 341", "Traceback (most recent call last):\n  File \"/Users/petercotton/virtual/optimizer-elo-ratings/lib/python3.8/site-packages/humpday/comparison/eloratings.py\", line 77, in optimizer_game\n    black_best_val, black_best_x, black_feval_count = black(objective, n_trials=n_black_trials,\n  File \"/Users/petercotton/virtual/optimizer-elo-ratings/lib/python3.8/site-packages/humpday/optimizers/nloptcube.py\", line 43, in nlopt_ags_cube\n    return nlopt_cube_factory(objective=objective,n_trials=n_trials, n_dim=n_dim, with_count=with_count, method='gn_ags')\n  File \"/Users/petercotton/virtual/optimizer-elo-ratings/lib/python3.8/site-packages/humpday/optimizers/nloptcube.py\", line 32, in nlopt_cube_factory\n    best_x = opt.optimize([0.5] * n_dim)\n  File \"/Users/petercotton/virtual/optimizer-elo-ratings/lib/python3.8/site-packages/nlopt/nlopt.py\", line 334, in optimize\n    return _nlopt.opt_optimize(self, *args)\nValueError: nlopt invalid argument\n", "passing", "passing", "passing", "passing", "passing", "passing", "passing", "passing"], "active": [true, true, true, true, true, true, true, true, true, true, true, true, true, true, true, true, true, true, true, true, true, true, true, true, true, true, true, true, true, true, true, true, true, true, true, true, true, true, true, true, true, true, true, true, true, true, true, true, true, true, true, true, true, true, true, true, true, true, true]}