{"name": ["shgo_slsqp_sobol_cube", "shgo_powell_sobol_cube", "shgo_nelder_sobol_cube", "scipy_slsqp_cube", "scipy_powell_cube", "scipy_lbfgsb_cube", "pysot_ei_cube", "pysot_lcb_cube", "pysot_random_cube", "pysot_srbf_cube", "pysot_dycors_cube", "ax_default_cube", "optuna_cmaes_cube", "optuna_tpe_cube", "optuna_random_cube", "optuna_random_cube_clone", "optuna_random_cube_clone_1", "optuna_random_cube_clone_2", "platypus_genetic_cube", "platypus_evolutionary_cube", "platypus_nsgaii_cube", "platypus_cmaes_cube", "platypus_gde3_cube", "platypus_ibea_cube", "platypus_moead_cube", "platypus_omopso_cube", "platypus_smpso_cube", "platypus_spea2_cube", "platypus_epsmoea_cube", "nevergrad_ngopt_cube", "nevergrad_ngopt4_cube", "nevergrad_de_cube", "nevergrad_portfolio_cube", "nevergrad_oneplus_cube", "nevergrad_hammersley_cube", "nevergrad_ngopt8_cube", "hyperopt_tpe_cube", "hyperopt_atpe_cube", "hyperopt_rand_cube", "pymoo_nelder_cube", "pymoo_nsga3_cube", "pymoo_unsga3_cube", "pymoo_pattern_cube", "pymoo_nsga2_cube", "pymoo_unsga3_cube", "skopt_gp_default_cube", "ultraopt_random_cube", "ultraopt_forest_cube", "ultraopt_gbrt_cube", "ultraopt_etpe_cube", "bayesopt_ucb_cube", "bayesopt_ei_cube", "bayesopt_poi_cube", "dlib_cube", "dlib_default_cube", "nlopt_direct_cube", "nlopt_ags_cube", "nlopt_esch_cube", "nlopt_isres_cube", "nlopt_crs2lm_cube", "nlopt_directr_cube", "nlopt_directo_cube", "nlopt_directl_cube", "bobyqa_default_cube", "bobyqa_noise_cube", "hebo_cube_sequential", "hebo_cube_batch"], "count": [2, 4, 5, 21, 5, 15, 28, 28, 31, 26, 30, 26, 29, 21, 27, 29, 36, 39, 0, 0, 0, 0, 0, 0, 31, 0, 0, 0, 0, 27, 26, 24, 23, 21, 26, 30, 28, 30, 32, 32, 22, 54, 24, 0, 0, 28, 23, 25, 25, 25, 27, 21, 25, 24, 24, 27, 20, 26, 35, 28, 22, 33, 35, 19, 35, 38, 23], "rating": [1549.93380135568, 1521.0379458202262, 1475.0341913875686, 1271.977081459515, 1531.3172772896532, 1267.0756795434077, 1763.404099686289, 1799.568864432705, 1517.8736719166425, 1825.564081516823, 1854.9396558213075, 1846.8950104282492, 1721.7358553134457, 1680.6346212441504, 1600, 1600, 1600, 1600, 1600, 1600, 1600, 1600, 1600, 1600, 1572.0956133303616, 1600, 1600, 1600, 1600, 1756.7018905237028, 1740.928705378497, 1446.694545701494, 1468.874415971558, 1581.5641869977203, 1344.745376510771, 1567.373084747793, 1484.7765966206862, 1440.3358775648387, 1416.364550019373, 1865.3891973026682, 1560.293282434511, 1627.9844506375644, 1677.0891395435513, 1600, 1600, 1765.666205919753, 1496.4026407467843, 1765.9502447416198, 1783.388161591096, 1700.6242918383905, 1768.1168290905885, 1693.6330797111689, 1962.6488648789546, 1758.751981984721, 1693.1475548786507, 1614.096774074904, 1712.7006282226037, 1240.8207541007673, 1318.0187504923178, 1396.5219467180086, 1824.1119132866147, 1487.5894449818702, 1739.2140265756443, 1764.0395988327784, 1851.6654704300634, 1779.4482756489017, 1728.8596330725989], "traceback": ["passing", "passing", "Black took 46 function evals when instructed to use 81", "passing", "Traceback (most recent call last):\n  File \"/Users/petercotton/virtual-envs/optimizer-elo-ratings/lib/python3.7/site-packages/humpday/comparison/eloratings.py\", line 42, in optimizer_game\n    with_count=True)\n  File \"/Users/petercotton/virtual-envs/optimizer-elo-ratings/lib/python3.7/site-packages/humpday/optimizers/scipycube.py\", line 40, in scipy_powell_cube\n    return scipy_cube(objective=objective, n_trials=n_trials, n_dim=n_dim, with_count=with_count, method='powell')\n  File \"/Users/petercotton/virtual-envs/optimizer-elo-ratings/lib/python3.7/site-packages/humpday/optimizers/scipycube.py\", line 29, in scipy_cube\n    result = minimize(_objective, x0=[0]*n_dim, method=options['method'],bounds=bounds, options=options)\n  File \"/Users/petercotton/virtual-envs/optimizer-elo-ratings/lib/python3.7/site-packages/scipy/optimize/_minimize.py\", line 610, in minimize\n    return _minimize_powell(fun, x0, args, callback, bounds, **options)\n  File \"/Users/petercotton/virtual-envs/optimizer-elo-ratings/lib/python3.7/site-packages/scipy/optimize/optimize.py\", line 2993, in _minimize_powell\n    fx2 = squeeze(func(x2))\n  File \"/Users/petercotton/virtual-envs/optimizer-elo-ratings/lib/python3.7/site-packages/scipy/optimize/optimize.py\", line 461, in function_wrapper\n    return function(*(wrapper_args + args))\n  File \"/Users/petercotton/virtual-envs/optimizer-elo-ratings/lib/python3.7/site-packages/humpday/optimizers/scipycube.py\", line 27, in _objective\n    return objective(list(x))\n  File \"/Users/petercotton/virtual-envs/optimizer-elo-ratings/lib/python3.7/site-packages/humpday/objectives/portfolio.py\", line 158, in markowitz_skew_on_cube\n    return realized_something_factory(g=g,u=u)\n  File \"/Users/petercotton/virtual-envs/optimizer-elo-ratings/lib/python3.7/site-packages/humpday/objectives/portfolio.py\", line 121, in realized_something_factory\n    w = cube_to_weights(u)\n  File \"/Users/petercotton/virtual-envs/optimizer-elo-ratings/lib/python3.7/site-packages/humpday/objectives/portfolio.py\", line 108, in cube_to_weights\n    raise ValueError(\"u should be in hypercube\")\nValueError: u should be in hypercube\n", "passing", "Black took 81 function evals when instructed to use 81", "passing", "passing", "Black took 85 function evals when instructed to use 85", "passing", "passing", "passing", "passing", "passing", "passing", "passing", "passing", "passing", "passing", "passing", "passing", "passing", "passing", "passing", "passing", "passing", "passing", "passing", "passing", "passing", "passing", "passing", "passing", "passing", "passing", "passing", "passing", "passing", "Black took 81 function evals when instructed to use 81", "passing", "passing", "passing", "passing", "not yet run", "passing", "passing", "passing", "passing", "passing", "passing", "passing", "passing", "passing", "passing", "passing", "passing", "passing", "passing", "passing", "passing", "passing", "passing", "passing", "passing", "passing", "passing"], "active": [true, true, true, true, true, true, true, true, true, true, true, true, true, true, true, true, true, true, true, true, true, true, true, true, true, true, true, true, true, true, true, true, true, true, true, true, true, true, true, true, true, true, true, true, true, true, true, true, true, true, true, true, true, true, true, true, true, true, true, true, true, true, true, true, true, true, true]}