{"name": ["shgo_slsqp_sobol_cube", "shgo_powell_sobol_cube", "shgo_nelder_sobol_cube", "scipy_slsqp_cube", "scipy_powell_cube", "scipy_lbfgsb_cube", "pysot_ei_cube", "pysot_lcb_cube", "pysot_random_cube", "pysot_srbf_cube", "pysot_dycors_cube", "ax_default_cube", "optuna_cmaes_cube", "optuna_tpe_cube", "optuna_random_cube", "optuna_random_cube_clone", "optuna_random_cube_clone_1", "optuna_random_cube_clone_2", "platypus_genetic_cube", "platypus_evolutionary_cube", "platypus_nsgaii_cube", "platypus_cmaes_cube", "platypus_gde3_cube", "platypus_ibea_cube", "platypus_moead_cube", "platypus_omopso_cube", "platypus_smpso_cube", "platypus_spea2_cube", "platypus_epsmoea_cube", "nevergrad_ngopt_cube", "nevergrad_ngopt4_cube", "nevergrad_de_cube", "nevergrad_portfolio_cube", "nevergrad_oneplus_cube", "nevergrad_hammersley_cube", "nevergrad_ngopt8_cube", "hyperopt_tpe_cube", "hyperopt_atpe_cube", "hyperopt_rand_cube", "pymoo_nelder_cube", "pymoo_nsga3_cube", "pymoo_unsga3_cube", "pymoo_pattern_cube", "pymoo_nsga2_cube", "pymoo_unsga3_cube", "skopt_gp_default_cube", "ultraopt_random_cube", "ultraopt_forest_cube", "ultraopt_gbrt_cube", "ultraopt_etpe_cube", "bayesopt_ucb_cube", "bayesopt_ei_cube", "bayesopt_poi_cube", "dlib_cube", "dlib_default_cube", "nlopt_direct_cube", "nlopt_ags_cube", "nlopt_esch_cube", "nlopt_isres_cube", "nlopt_crs2lm_cube", "nlopt_directr_cube", "nlopt_directo_cube", "nlopt_directl_cube", "bobyqa_default_cube", "bobyqa_noise_cube", "hebo_cube_sequential", "hebo_cube_batch", "hebo_sequential_cube", "hebo_batch_cube"], "count": [16, 12, 19, 46, 17, 29, 57, 46, 52, 49, 54, 36, 51, 56, 51, 54, 49, 43, 46, 61, 50, 49, 54, 37, 61, 36, 53, 48, 38, 42, 39, 45, 66, 49, 39, 45, 43, 57, 54, 48, 54, 102, 49, 59, 0, 51, 43, 50, 47, 55, 52, 47, 55, 46, 46, 54, 41, 42, 42, 50, 42, 57, 60, 48, 39, 39, 50, 10, 15], "rating": [1796.9968301762826, 1763.1719321410178, 1870.3199351075832, 1071.751407160133, 1402.046238775013, 1177.489825337019, 1874.083870844946, 1735.8343122046413, 1311.8347972081147, 1915.1840762143795, 1972.087450215492, 1849.874808085194, 1811.269223718002, 1695.046882772077, 1600, 1600, 1600, 1600, 1323.0924677284002, 1257.8623385983844, 1323.8300773031062, 1380.141236672146, 1345.1340282530039, 1314.2325149668047, 1538.9921062700387, 1351.896837382141, 1431.784262777134, 1301.1976703720554, 1275.6620140583896, 1777.202932935025, 1811.3320960913372, 1364.6023163662353, 1438.9594945048912, 1706.5238942521974, 1461.255630684828, 1817.555461468292, 1411.411024487232, 1472.5159489578793, 1620.5743102294216, 1868.8633473781515, 1530.5727770268065, 1563.2625206260748, 1769.0722089480053, 1382.8125305550127, 1600, 1958.9692011569261, 1237.7936241977472, 1739.978455025005, 1854.350395321974, 1835.9928407232476, 1874.7666108979467, 1838.1282083097149, 1971.5964106330139, 1839.1548727143027, 1828.0283848090667, 1961.4093891586463, 1812.8386736241584, 1140.2358217901763, 1380.5508160029635, 1694.5307782227942, 1918.274845219124, 1789.1950556542276, 1939.4333791462425, 1829.2631249288283, 1855.6215971456195, 1841.3971880670892, 1844.5055943926711, 1673.403715456575, 1634.0487735591387], "traceback": ["passing", "passing", "passing", "passing", "passing", "Black took 77 function evals when instructed to use 133", "Black took 131 function evals when instructed to use 131", "passing", "Black took 135 function evals when instructed to use 135", "Black took 131 function evals when instructed to use 131", "passing", "passing", "passing", "passing", "passing", "passing", "passing", "passing", "passing", "passing", "passing", "passing", "passing", "passing", "passing", "passing", "passing", "passing", "passing", "passing", "passing", "passing", "passing", "passing", "passing", "passing", "passing", "passing", "Black took 131 function evals when instructed to use 131", "passing", "passing", "passing", "passing", "passing", "not yet run", "Black took 131 function evals when instructed to use 131", "passing", "passing", "passing", "passing", "passing", "passing", "passing", "passing", "Black took 131 function evals when instructed to use 131", "passing", "Black took 142 function evals when instructed to use 142", "passing", "passing", "passing", "passing", "passing", "passing", "passing", "passing", "passing", "passing", "passing", "passing"], "active": [true, true, true, true, true, true, true, true, true, true, true, false, true, true, true, true, true, true, true, true, true, true, true, true, true, true, true, true, true, true, true, true, true, true, true, true, true, true, true, true, true, true, true, true, true, true, true, true, true, true, true, true, true, true, true, true, true, true, true, true, true, true, true, true, true, false, false, true, true]}