{"name": ["shgo_slsqp_sobol_cube", "shgo_powell_sobol_cube", "shgo_nelder_sobol_cube", "scipy_slsqp_cube", "scipy_powell_cube", "scipy_lbfgsb_cube", "pysot_ei_cube", "pysot_lcb_cube", "pysot_random_cube", "pysot_srbf_cube", "pysot_dycors_cube", "ax_default_cube", "optuna_cmaes_cube", "optuna_tpe_cube", "optuna_random_cube", "optuna_random_cube_clone", "optuna_random_cube_clone_1", "optuna_random_cube_clone_2", "platypus_genetic_cube", "platypus_evolutionary_cube", "platypus_nsgaii_cube", "platypus_cmaes_cube", "platypus_gde3_cube", "platypus_ibea_cube", "platypus_moead_cube", "platypus_omopso_cube", "platypus_smpso_cube", "platypus_spea2_cube", "platypus_epsmoea_cube", "nevergrad_ngopt_cube", "nevergrad_ngopt4_cube", "nevergrad_de_cube", "nevergrad_portfolio_cube", "nevergrad_oneplus_cube", "nevergrad_hammersley_cube", "nevergrad_ngopt8_cube", "hyperopt_tpe_cube", "hyperopt_atpe_cube", "hyperopt_rand_cube", "pymoo_nelder_cube", "pymoo_nsga3_cube", "pymoo_unsga3_cube", "pymoo_pattern_cube", "pymoo_nsga2_cube", "pymoo_unsga3_cube", "skopt_gp_default_cube", "ultraopt_random_cube", "ultraopt_forest_cube", "ultraopt_gbrt_cube", "ultraopt_etpe_cube", "bayesopt_ucb_cube", "bayesopt_ei_cube", "bayesopt_poi_cube", "dlib_cube", "dlib_default_cube", "nlopt_direct_cube", "nlopt_ags_cube", "nlopt_esch_cube", "nlopt_isres_cube", "nlopt_crs2lm_cube", "nlopt_directr_cube", "nlopt_directo_cube", "nlopt_directl_cube", "bobyqa_default_cube", "bobyqa_noise_cube", "hebo_sequential_cube", "hebo_batch_cube"], "count": [0, 0, 0, 9, 2, 2, 0, 0, 0, 0, 0, 0, 0, 15, 21, 16, 17, 15, 17, 18, 22, 0, 14, 23, 20, 29, 13, 22, 11, 17, 23, 21, 16, 16, 10, 15, 18, 18, 21, 22, 21, 43, 15, 21, 0, 0, 23, 11, 0, 17, 0, 0, 0, 24, 17, 22, 0, 21, 22, 14, 17, 19, 15, 27, 14, 0, 0], "rating": [1600, 1600, 1600, 1824.8070269446598, 1597.8645471159596, 1660.7966209995086, 1600, 1600, 1600, 1600, 1600, 1600, 1600, 1568.5726189826087, 1600, 1600, 1600, 1600, 1633.8385930465604, 1628.4867824196292, 1644.5673804611667, 1600, 1356.8895111464683, 1463.5259944528939, 1455.7407529129907, 1649.5249216307675, 1605.5356669019072, 1414.9531230495893, 1639.0792459088111, 1921.802771356276, 1951.1867172612342, 1617.1629778668535, 1534.0471023993737, 1861.193500204178, 1673.1111901708891, 1923.8107725665957, 1482.4896394826071, 1502.6571014389597, 1308.7632884456104, 1339.8685532733934, 1797.8744256624404, 1770.214597476917, 1875.7185101392595, 1471.8068805873097, 1600, 1600, 1237.1032392646737, 1540.692822792355, 1600, 1611.108778795951, 1600, 1600, 1600, 1894.4000670547052, 1875.0014637421577, 1657.445130820722, 1600, 1631.0256233032792, 1375.1462936031585, 1627.187474061308, 1928.9193155678315, 1361.4816279599147, 1434.8937256224715, 1883.8285905563102, 1831.8359951908988, 1600, 1600], "traceback": ["not yet run", "not yet run", "not yet run", "passing", "passing", "passing", "not yet run", "not yet run", "not yet run", "not yet run", "not yet run", "not yet run", "not yet run", "passing", "Black took 551 function evals when instructed to use 551", "Black took 600 function evals when instructed to use 600", "passing", "passing", "passing", "passing", "passing", "not yet run", "passing", "passing", "passing", "passing", "passing", "Black took 600 function evals when instructed to use 600", "passing", "passing", "Black took 552 function evals when instructed to use 551", "passing", "passing", "Black took 601 function evals when instructed to use 600", "passing", "Black took 579 function evals when instructed to use 578", "passing", "passing", "passing", "passing", "Black took 600 function evals when instructed to use 600", "Black took 600 function evals when instructed to use 600", "Black took 598 function evals when instructed to use 551", "passing", "not yet run", "not yet run", "passing", "passing", "not yet run", "passing", "not yet run", "not yet run", "not yet run", "passing", "passing", "passing", "passing", "Black took 600 function evals when instructed to use 600", "passing", "passing", "Black took 600 function evals when instructed to use 600", "passing", "passing", "passing", "passing", "not yet run", "not yet run"], "active": [true, true, true, true, true, true, true, true, true, true, true, false, true, true, true, true, true, true, true, true, true, true, true, true, true, true, true, true, true, true, true, true, true, true, true, true, true, true, true, true, true, true, true, true, true, true, true, true, true, true, true, true, true, true, true, true, true, true, true, true, true, true, true, true, true, false, false]}