{"name": ["shgo_slsqp_sobol_cube", "shgo_powell_sobol_cube", "shgo_nelder_sobol_cube", "scipy_slsqp_cube", "scipy_powell_cube", "scipy_lbfgsb_cube", "pysot_ei_cube", "pysot_lcb_cube", "pysot_random_cube", "pysot_srbf_cube", "pysot_dycors_cube", "ax_default_cube", "optuna_cmaes_cube", "optuna_tpe_cube", "optuna_random_cube", "optuna_random_cube_clone", "optuna_random_cube_clone_1", "optuna_random_cube_clone_2", "platypus_genetic_cube", "platypus_evolutionary_cube", "platypus_nsgaii_cube", "platypus_cmaes_cube", "platypus_gde3_cube", "platypus_ibea_cube", "platypus_moead_cube", "platypus_omopso_cube", "platypus_smpso_cube", "platypus_spea2_cube", "platypus_epsmoea_cube", "nevergrad_ngopt_cube", "nevergrad_ngopt4_cube", "nevergrad_de_cube", "nevergrad_portfolio_cube", "nevergrad_oneplus_cube", "nevergrad_hammersley_cube", "nevergrad_ngopt8_cube", "hyperopt_tpe_cube", "hyperopt_atpe_cube", "hyperopt_rand_cube", "pymoo_nelder_cube", "pymoo_nsga3_cube", "pymoo_unsga3_cube", "pymoo_pattern_cube", "pymoo_nsga2_cube", "pymoo_unsga3_cube", "skopt_gp_default_cube", "ultraopt_random_cube", "ultraopt_forest_cube", "ultraopt_gbrt_cube", "ultraopt_etpe_cube", "bayesopt_ucb_cube", "bayesopt_ei_cube", "bayesopt_poi_cube", "dlib_cube", "dlib_default_cube", "nlopt_direct_cube", "nlopt_ags_cube", "nlopt_esch_cube", "nlopt_isres_cube", "nlopt_crs2lm_cube", "nlopt_directr_cube", "nlopt_directo_cube", "nlopt_directl_cube", "bobyqa_default_cube", "bobyqa_noise_cube", "hebo_cube_sequential", "hebo_cube_batch", "hebo_sequential_cube", "hebo_batch_cube"], "count": [6, 5, 6, 47, 6, 17, 51, 46, 59, 42, 44, 30, 45, 37, 39, 45, 45, 53, 0, 0, 0, 0, 0, 0, 42, 0, 0, 0, 0, 46, 51, 38, 44, 38, 40, 40, 42, 47, 52, 54, 41, 90, 46, 0, 0, 41, 37, 45, 38, 42, 42, 32, 42, 43, 43, 39, 33, 40, 51, 45, 38, 57, 57, 29, 53, 41, 23, 17, 14], "rating": [1652.1259842371737, 1542.1330650684054, 1515.9917173449937, 1208.9223209663764, 1535.6106651969076, 1249.0184312704716, 1775.5200827929325, 1823.0163888976724, 1379.7421977349197, 1907.5834303749941, 1766.6870083332099, 1833.5470272682592, 1659.3681435406968, 1646.1525635862326, 1600, 1600, 1600, 1600, 1600, 1600, 1600, 1600, 1600, 1600, 1494.5548414716854, 1600, 1600, 1600, 1600, 1740.874687156484, 1825.6210625075933, 1446.7421334280864, 1408.6467963664934, 1577.267505418205, 1264.637675311962, 1619.6155254259209, 1487.5921836802193, 1395.7533760117894, 1346.0425684521308, 1953.2699909324228, 1628.7719586793428, 1717.7306508086988, 1763.6083773662963, 1600, 1600, 1860.9969172595438, 1392.371189241982, 1762.4419003507971, 1738.6558131480933, 1587.358706368633, 1898.3399894490226, 1770.7726383642375, 1983.8600832308612, 1857.8991082372947, 1751.6862033815828, 1628.1296792246555, 1741.6673877687977, 1142.7166607834092, 1201.5245972080766, 1342.6895713185554, 1895.6007436002712, 1476.9255201031976, 1774.0099882777452, 1782.4954641613344, 1933.0634913073104, 1809.9001843087533, 1728.8596330725989, 1728.320785512496, 1637.9010782076286], "traceback": ["passing", "passing", "passing", "passing", "Traceback (most recent call last):\n  File \"/opt/hostedtoolcache/Python/3.8.10/x64/lib/python3.8/site-packages/humpday/comparison/eloratings.py\", line 76, in optimizer_game\n    black_best_val, black_best_x, black_feval_count = black(objective, n_trials=n_black_trials,\n  File \"/opt/hostedtoolcache/Python/3.8.10/x64/lib/python3.8/site-packages/humpday/optimizers/scipycube.py\", line 40, in scipy_powell_cube\n    return scipy_cube(objective=objective, n_trials=n_trials, n_dim=n_dim, with_count=with_count, method='powell')\n  File \"/opt/hostedtoolcache/Python/3.8.10/x64/lib/python3.8/site-packages/humpday/optimizers/scipycube.py\", line 29, in scipy_cube\n    result = minimize(_objective, x0=[0]*n_dim, method=options['method'],bounds=bounds, options=options)\n  File \"/opt/hostedtoolcache/Python/3.8.10/x64/lib/python3.8/site-packages/scipy/optimize/_minimize.py\", line 610, in minimize\n    return _minimize_powell(fun, x0, args, callback, bounds, **options)\n  File \"/opt/hostedtoolcache/Python/3.8.10/x64/lib/python3.8/site-packages/scipy/optimize/optimize.py\", line 2993, in _minimize_powell\n    fx2 = squeeze(func(x2))\n  File \"/opt/hostedtoolcache/Python/3.8.10/x64/lib/python3.8/site-packages/scipy/optimize/optimize.py\", line 461, in function_wrapper\n    return function(*(wrapper_args + args))\n  File \"/opt/hostedtoolcache/Python/3.8.10/x64/lib/python3.8/site-packages/humpday/optimizers/scipycube.py\", line 27, in _objective\n    return objective(list(x))\n  File \"/opt/hostedtoolcache/Python/3.8.10/x64/lib/python3.8/site-packages/humpday/objectives/portfolio.py\", line 87, in markowitz_analytic_on_cube\n    assert all([ 0<=ui<=1 for ui in u])\nAssertionError\n", "passing", "passing", "Black took 81 function evals when instructed to use 81", "passing", "passing", "Black took 86 function evals when instructed to use 86", "passing", "passing", "passing", "passing", "passing", "passing", "passing", "passing", "passing", "passing", "passing", "passing", "passing", "passing", "passing", "passing", "passing", "passing", "passing", "passing", "passing", "passing", "passing", "passing", "passing", "passing", "Black took 81 function evals when instructed to use 81", "Black took 81 function evals when instructed to use 81", "Black took 81 function evals when instructed to use 81", "Black took 81 function evals when instructed to use 81", "passing", "passing", "passing", "not yet run", "Black took 81 function evals when instructed to use 81", "Black took 88 function evals when instructed to use 88", "passing", "passing", "Black took 86 function evals when instructed to use 86", "passing", "passing", "passing", "passing", "passing", "passing", "passing", "passing", "passing", "passing", "passing", "passing", "passing", "passing", "passing", "passing", "passing", "passing", "passing"], "active": [true, true, true, true, true, true, true, true, true, true, true, false, true, true, true, true, true, true, true, true, true, true, true, true, true, true, true, true, true, true, true, true, true, true, true, true, true, true, true, true, true, true, true, true, true, true, true, true, true, true, true, true, true, true, true, true, true, true, true, true, true, true, true, true, true, false, false, true, true]}