{"name": ["shgo_slsqp_sobol_cube", "shgo_powell_sobol_cube", "shgo_nelder_sobol_cube", "scipy_slsqp_cube", "scipy_powell_cube", "scipy_lbfgsb_cube", "pysot_ei_cube", "pysot_lcb_cube", "pysot_random_cube", "pysot_srbf_cube", "pysot_dycors_cube", "ax_default_cube", "optuna_cmaes_cube", "optuna_tpe_cube", "optuna_random_cube", "optuna_random_cube_clone", "optuna_random_cube_clone_1", "optuna_random_cube_clone_2", "platypus_genetic_cube", "platypus_evolutionary_cube", "platypus_nsgaii_cube", "platypus_cmaes_cube", "platypus_gde3_cube", "platypus_ibea_cube", "platypus_moead_cube", "platypus_omopso_cube", "platypus_smpso_cube", "platypus_spea2_cube", "platypus_epsmoea_cube", "nevergrad_ngopt_cube", "nevergrad_ngopt4_cube", "nevergrad_de_cube", "nevergrad_portfolio_cube", "nevergrad_oneplus_cube", "nevergrad_hammersley_cube", "nevergrad_ngopt8_cube", "hyperopt_tpe_cube", "hyperopt_atpe_cube", "hyperopt_rand_cube", "pymoo_nelder_cube", "pymoo_nsga3_cube", "pymoo_unsga3_cube", "pymoo_pattern_cube", "pymoo_nsga2_cube", "pymoo_unsga3_cube", "skopt_gp_default_cube", "bayesopt_ucb_cube", "bayesopt_ei_cube", "bayesopt_poi_cube", "nlopt_direct_cube", "nlopt_ags_cube", "nlopt_esch_cube", "nlopt_isres_cube", "nlopt_crs2lm_cube", "nlopt_directr_cube", "nlopt_directo_cube", "nlopt_directl_cube", "bobyqa_default_cube", "bobyqa_noise_cube", "ultraopt_random_cube", "ultraopt_forest_cube", "ultraopt_gbrt_cube", "ultraopt_etpe_cube", "dlib_cube", "dlib_default_cube", "hebo_cube_sequential", "hebo_cube_batch", "hebo_sequential_cube", "hebo_batch_cube"], "count": [34, 38, 32, 83, 2, 0, 156, 145, 138, 149, 166, 142, 130, 155, 149, 145, 145, 167, 0, 0, 0, 0, 0, 0, 114, 0, 0, 0, 0, 138, 151, 158, 143, 160, 152, 161, 149, 153, 158, 136, 154, 313, 153, 0, 0, 135, 134, 152, 148, 150, 145, 137, 157, 151, 135, 149, 148, 147, 136, 28, 41, 26, 41, 29, 33, 33, 42, 2, 2], "rating": [1439.3823622489786, 1387.1593181015135, 1387.5542234775423, 1434.5640296974884, 1553.508495344635, 1600, 2077.1622459877294, 1871.3113791509197, 1049.6454521466358, 2370.0312919904236, 2430.5045674713883, 2338.6908069339984, 1444.440368606121, 1674.718114034884, 1600, 1600, 1600, 1600, 1600, 1600, 1600, 1600, 1600, 1600, 870.3761691380734, 1600, 1600, 1600, 1600, 2043.1680304654542, 1873.797271889212, 1174.3216202155547, 1099.2751029557098, 2229.3788536813317, 1159.3240204038204, 2086.3297012015464, 1389.4120759759555, 1569.2425730908697, 1554.8507854870004, 1287.367979651507, 1040.6258653750647, 825.4331609533521, 2030.8752985532683, 1600, 1600, 2245.3283735533555, 2316.1157520047304, 2018.7253653582723, 2342.243736390189, 1662.9082006191263, 2131.0013759831104, 1597.972289326368, 1116.9691636097614, 1016.3959716707856, 2241.4258782789784, 1000.3046210977276, 1584.692096929295, 2381.4680246755324, 2242.538031444583, 1365.4347436200123, 1834.665977014442, 1727.8764188440043, 1852.362915566224, 1886.597373732987, 1907.292894244879, 1877.0913930019042, 1688.2374224778912, 1605.0561891901361, 1625.52113305842], "traceback": ["passing", "passing", "passing", "passing", "passing", "passing", "passing", "passing", "passing", "passing", "passing", "passing", "passing", "passing", "passing", "passing", "passing", "passing", "passing", "passing", "passing", "passing", "passing", "passing", "passing", "passing", "passing", "passing", "passing", "passing", "passing", "passing", "Black took 82 function evals when instructed to use 81", "passing", "passing", "passing", "passing", "passing", "passing", "passing", "Black took 81 function evals when instructed to use 81", "passing", "passing", "passing", "not yet run", "passing", "Black took 81 function evals when instructed to use 81", "passing", "passing", "passing", "passing", "passing", "passing", "passing", "passing", "passing", "passing", "passing", "passing", "passing", "passing", "Black took 81 function evals when instructed to use 81", "passing", "passing", "Black took 81 function evals when instructed to use 81", "passing", "passing", "passing", "passing"], "active": [true, true, true, true, true, true, true, true, true, true, true, true, true, true, true, true, true, true, true, true, true, true, true, true, true, true, true, true, true, true, true, true, true, true, true, true, true, true, true, true, true, true, true, true, true, true, true, true, true, true, true, true, true, true, true, true, true, true, true, true, true, true, true, true, true, false, false, true, true]}