{"name": ["shgo_slsqp_sobol_cube", "shgo_powell_sobol_cube", "shgo_nelder_sobol_cube", "scipy_slsqp_cube", "scipy_powell_cube", "scipy_lbfgsb_cube", "pysot_ei_cube", "pysot_lcb_cube", "pysot_random_cube", "pysot_srbf_cube", "pysot_dycors_cube", "ax_default_cube", "optuna_cmaes_cube", "optuna_tpe_cube", "optuna_random_cube", "optuna_random_cube_clone", "optuna_random_cube_clone_1", "optuna_random_cube_clone_2", "platypus_genetic_cube", "platypus_evolutionary_cube", "platypus_nsgaii_cube", "platypus_cmaes_cube", "platypus_gde3_cube", "platypus_ibea_cube", "platypus_moead_cube", "platypus_omopso_cube", "platypus_smpso_cube", "platypus_spea2_cube", "platypus_epsmoea_cube", "nevergrad_ngopt_cube", "nevergrad_ngopt4_cube", "nevergrad_de_cube", "nevergrad_portfolio_cube", "nevergrad_oneplus_cube", "nevergrad_hammersley_cube", "nevergrad_ngopt8_cube", "hyperopt_tpe_cube", "hyperopt_atpe_cube", "hyperopt_rand_cube", "pymoo_nelder_cube", "pymoo_nsga3_cube", "pymoo_unsga3_cube", "pymoo_pattern_cube", "pymoo_nsga2_cube", "pymoo_unsga3_cube", "skopt_gp_default_cube", "bayesopt_ucb_cube", "bayesopt_ei_cube", "bayesopt_poi_cube", "nlopt_direct_cube", "nlopt_ags_cube", "nlopt_esch_cube", "nlopt_isres_cube", "nlopt_crs2lm_cube", "nlopt_directr_cube", "nlopt_directo_cube", "nlopt_directl_cube", "bobyqa_default_cube", "bobyqa_noise_cube", "ultraopt_random_cube", "ultraopt_forest_cube", "ultraopt_gbrt_cube", "ultraopt_etpe_cube", "dlib_cube", "dlib_default_cube", "hebo_cube_sequential", "hebo_cube_batch", "hebo_sequential_cube", "hebo_batch_cube"], "count": [34, 39, 34, 83, 2, 0, 157, 146, 139, 149, 167, 142, 131, 156, 150, 146, 145, 167, 0, 0, 0, 0, 0, 0, 115, 0, 0, 0, 0, 139, 152, 158, 144, 160, 152, 162, 149, 155, 160, 136, 155, 316, 153, 0, 0, 135, 134, 153, 150, 152, 146, 138, 157, 151, 136, 150, 148, 148, 137, 29, 41, 26, 41, 29, 35, 33, 42, 2, 4], "rating": [1439.3823622489786, 1386.964934640921, 1376.0971161752836, 1434.5640296974884, 1553.508495344635, 1600, 2079.4813612895505, 1879.4808407567796, 1042.503288638554, 2370.0312919904236, 2444.1158158422445, 2338.6908069339984, 1436.270907000261, 1668.3178327353278, 1600, 1600, 1600, 1600, 1600, 1600, 1600, 1600, 1600, 1600, 859.2400783361333, 1600, 1600, 1600, 1600, 2044.8813825426048, 1866.1843555433197, 1174.3216202155547, 1110.41119375765, 2229.3788536813317, 1159.3240204038204, 2073.9986118566612, 1389.4120759759555, 1596.4250038979424, 1534.183230574477, 1287.367979651507, 1037.0842369558625, 815.6023453015159, 2030.8752985532683, 1600, 1600, 2245.3283735533555, 2316.1157520047304, 2027.006802623627, 2336.245404365225, 1661.891998203575, 2145.987152152671, 1602.2910871122435, 1116.9691636097614, 1016.3959716707856, 2247.8261595785348, 997.9855057959065, 1584.692096929295, 2386.2828928798936, 2254.869120789468, 1358.7416550132107, 1834.665977014442, 1727.8764188440043, 1852.362915566224, 1886.597373732987, 1917.527611270883, 1877.0913930019042, 1688.2374224778912, 1605.0561891901361, 1638.3450753094644], "traceback": ["passing", "passing", "passing", "passing", "passing", "passing", "passing", "passing", "passing", "passing", "passing", "passing", "passing", "passing", "passing", "passing", "passing", "passing", "passing", "passing", "passing", "passing", "passing", "passing", "passing", "passing", "passing", "passing", "passing", "passing", "passing", "passing", "Black took 82 function evals when instructed to use 81", "passing", "passing", "passing", "passing", "passing", "passing", "passing", "passing", "passing", "passing", "passing", "not yet run", "passing", "Black took 81 function evals when instructed to use 81", "passing", "passing", "passing", "passing", "passing", "passing", "passing", "passing", "passing", "passing", "passing", "Black took 81 function evals when instructed to use 81", "passing", "passing", "Black took 81 function evals when instructed to use 81", "passing", "passing", "passing", "passing", "passing", "passing", "passing"], "active": [true, true, true, true, true, true, true, true, true, true, true, false, true, true, true, true, true, true, true, true, true, true, true, true, true, true, true, true, true, true, true, true, true, true, true, true, true, true, true, true, true, true, true, true, true, true, true, true, true, true, true, true, true, true, true, true, true, true, true, true, true, true, true, true, true, false, false, true, true]}