{"name": ["shgo_slsqp_sobol_cube", "shgo_powell_sobol_cube", "shgo_nelder_sobol_cube", "scipy_slsqp_cube", "scipy_powell_cube", "scipy_lbfgsb_cube", "pysot_ei_cube", "pysot_lcb_cube", "pysot_random_cube", "pysot_srbf_cube", "pysot_dycors_cube", "ax_default_cube", "optuna_cmaes_cube", "optuna_tpe_cube", "optuna_random_cube", "optuna_random_cube_clone", "optuna_random_cube_clone_1", "optuna_random_cube_clone_2", "platypus_genetic_cube", "platypus_evolutionary_cube", "platypus_nsgaii_cube", "platypus_cmaes_cube", "platypus_gde3_cube", "platypus_ibea_cube", "platypus_moead_cube", "platypus_omopso_cube", "platypus_smpso_cube", "platypus_spea2_cube", "platypus_epsmoea_cube", "nevergrad_ngopt_cube", "nevergrad_ngopt4_cube", "nevergrad_de_cube", "nevergrad_portfolio_cube", "nevergrad_oneplus_cube", "nevergrad_hammersley_cube", "nevergrad_ngopt8_cube", "hyperopt_tpe_cube", "hyperopt_atpe_cube", "hyperopt_rand_cube", "pymoo_nelder_cube", "pymoo_nsga3_cube", "pymoo_unsga3_cube", "pymoo_pattern_cube", "pymoo_nsga2_cube", "pymoo_unsga3_cube", "skopt_gp_default_cube", "ultraopt_random_cube", "ultraopt_forest_cube", "ultraopt_gbrt_cube", "ultraopt_etpe_cube", "bayesopt_ucb_cube", "bayesopt_ei_cube", "bayesopt_poi_cube", "dlib_cube", "dlib_default_cube", "nlopt_direct_cube", "nlopt_ags_cube", "nlopt_esch_cube", "nlopt_isres_cube", "nlopt_crs2lm_cube", "nlopt_directr_cube", "nlopt_directo_cube", "nlopt_directl_cube", "bobyqa_default_cube", "bobyqa_noise_cube", "hebo_sequential_cube", "hebo_batch_cube"], "count": [0, 0, 0, 11, 0, 2, 0, 0, 0, 0, 0, 0, 0, 16, 9, 17, 10, 13, 20, 16, 15, 0, 15, 14, 14, 10, 11, 5, 14, 15, 11, 19, 18, 12, 17, 15, 10, 15, 15, 13, 19, 33, 18, 13, 0, 0, 11, 16, 0, 16, 0, 0, 0, 17, 10, 12, 0, 17, 22, 15, 19, 14, 7, 13, 20, 0, 0], "rating": [1600, 1600, 1600, 1651.988279507251, 1600, 1657.5734493723157, 1600, 1600, 1600, 1600, 1600, 1600, 1600, 1614.9996101832317, 1600, 1600, 1600, 1600, 1302.6752007405667, 1468.3579456171067, 1588.9492863608716, 1600, 1377.9540975701827, 1445.2731404796718, 1385.8070331895651, 1525.891125634588, 1566.0653487921343, 1507.486217313036, 1687.0663494740404, 1741.9952450620835, 1741.5024223004787, 1710.0100506376605, 1414.3672702476035, 1881.7698104806834, 1678.2743024939134, 1827.5212325031684, 1637.793102133164, 1537.6220577729414, 1752.212133802602, 1628.5203610519084, 1541.8364494678306, 1521.0204017358117, 1926.492187590484, 1452.0794318368905, 1600, 1600, 1524.7778116735817, 1683.3610520344414, 1600, 1733.6129218530623, 1600, 1600, 1600, 1883.3706951976674, 1864.130589643189, 1872.2023330384955, 1600, 1645.50590503473, 1250.4935460936144, 1405.7147791587977, 1799.5243679597788, 1361.6046895132258, 1477.393534776264, 1877.5229650532597, 1965.231183675118, 1600, 1600], "traceback": ["not yet run", "not yet run", "not yet run", "passing", "passing", "passing", "not yet run", "not yet run", "not yet run", "not yet run", "not yet run", "not yet run", "not yet run", "passing", "passing", "passing", "Black took 211 function evals when instructed to use 211", "passing", "passing", "passing", "passing", "not yet run", "passing", "passing", "passing", "passing", "passing", "passing", "passing", "Black took 212 function evals when instructed to use 211", "passing", "passing", "passing", "passing", "passing", "passing", "Black took 211 function evals when instructed to use 211", "passing", "passing", "passing", "passing", "passing", "passing", "passing", "not yet run", "not yet run", "passing", "passing", "not yet run", "passing", "not yet run", "not yet run", "not yet run", "passing", "passing", "passing", "passing", "passing", "passing", "passing", "passing", "passing", "passing", "passing", "passing", "not yet run", "not yet run"], "active": [true, true, true, true, true, true, true, true, true, true, true, false, true, true, true, true, true, true, true, true, true, true, true, true, true, true, true, true, true, true, true, true, true, true, true, true, true, true, true, true, true, true, true, true, true, true, true, true, true, true, true, true, true, true, true, true, true, true, true, true, true, true, true, true, true, false, false]}