{"name": ["shgo_slsqp_sobol_cube", "shgo_powell_sobol_cube", "shgo_nelder_sobol_cube", "scipy_slsqp_cube", "scipy_powell_cube", "scipy_lbfgsb_cube", "pysot_ei_cube", "pysot_lcb_cube", "pysot_random_cube", "pysot_srbf_cube", "pysot_dycors_cube", "ax_default_cube", "optuna_cmaes_cube", "optuna_tpe_cube", "optuna_random_cube", "optuna_random_cube_clone", "optuna_random_cube_clone_1", "optuna_random_cube_clone_2", "platypus_genetic_cube", "platypus_evolutionary_cube", "platypus_nsgaii_cube", "platypus_cmaes_cube", "platypus_gde3_cube", "platypus_ibea_cube", "platypus_moead_cube", "platypus_omopso_cube", "platypus_smpso_cube", "platypus_spea2_cube", "platypus_epsmoea_cube", "nevergrad_ngopt_cube", "nevergrad_ngopt4_cube", "nevergrad_de_cube", "nevergrad_portfolio_cube", "nevergrad_oneplus_cube", "nevergrad_hammersley_cube", "nevergrad_ngopt8_cube", "hyperopt_tpe_cube", "hyperopt_atpe_cube", "hyperopt_rand_cube", "pymoo_nelder_cube", "pymoo_nsga3_cube", "pymoo_unsga3_cube", "pymoo_pattern_cube", "pymoo_nsga2_cube", "pymoo_unsga3_cube", "skopt_gp_default_cube", "ultraopt_random_cube", "ultraopt_forest_cube", "ultraopt_gbrt_cube", "ultraopt_etpe_cube", "bayesopt_ucb_cube", "bayesopt_ei_cube", "bayesopt_poi_cube", "dlib_cube", "dlib_default_cube", "nlopt_direct_cube", "nlopt_ags_cube", "nlopt_esch_cube", "nlopt_isres_cube", "nlopt_crs2lm_cube", "nlopt_directr_cube", "nlopt_directo_cube", "nlopt_directl_cube", "bobyqa_default_cube", "bobyqa_noise_cube", "hebo_sequential_cube", "hebo_batch_cube"], "count": [0, 0, 0, 9, 2, 0, 0, 0, 0, 0, 0, 0, 0, 20, 19, 12, 20, 22, 20, 22, 19, 0, 21, 25, 18, 24, 23, 16, 17, 19, 19, 13, 19, 17, 19, 15, 17, 19, 22, 11, 12, 35, 18, 21, 0, 0, 21, 18, 0, 18, 0, 0, 0, 20, 12, 17, 0, 16, 17, 18, 21, 20, 19, 23, 21, 0, 0], "rating": [1600, 1600, 1600, 1714.6191713509668, 1537.4414734354177, 1600, 1600, 1600, 1600, 1600, 1600, 1600, 1600, 1499.2236019441025, 1600, 1600, 1600, 1600, 1472.5204393276713, 1404.7876770428277, 1629.2137491936257, 1600, 1275.7081125390303, 1392.8936063293402, 1580.457405945917, 1694.508253846989, 1567.3335318514698, 1318.7640875672637, 1699.1647516449907, 1850.2118934269743, 1864.2782113360734, 1537.5412971069588, 1539.9550300046217, 1941.3291978982913, 1593.271526362395, 1762.117373130911, 1718.7008994069836, 1565.3355252014644, 1520.010435354543, 1436.8134249971556, 1686.8100590041474, 1871.1783983816122, 1905.6477741089207, 1324.4167791716343, 1600, 1600, 1471.5010687518989, 1552.7097092821082, 1600, 1732.9496087628172, 1600, 1600, 1600, 1812.2815594656531, 1844.7944068764286, 1815.2067686337816, 1600, 1519.3478250636515, 1526.60016866982, 1472.7583063412437, 1908.441111197775, 1373.5708551261425, 1490.3338506901916, 1970.635940474118, 1885.513469449344, 1600, 1600], "traceback": ["not yet run", "not yet run", "not yet run", "passing", "passing", "passing", "not yet run", "not yet run", "not yet run", "not yet run", "not yet run", "not yet run", "not yet run", "passing", "passing", "passing", "passing", "passing", "passing", "passing", "passing", "not yet run", "passing", "passing", "passing", "passing", "passing", "passing", "passing", "Black took 342 function evals when instructed to use 341", "Black took 342 function evals when instructed to use 341", "passing", "passing", "passing", "Black took 342 function evals when instructed to use 341", "passing", "passing", "passing", "Black took 341 function evals when instructed to use 341", "passing", "Black took 344 function evals when instructed to use 344", "passing", "passing", "passing", "not yet run", "not yet run", "passing", "Black took 341 function evals when instructed to use 341", "not yet run", "Black took 341 function evals when instructed to use 341", "not yet run", "not yet run", "not yet run", "passing", "passing", "passing", "Traceback (most recent call last):\n  File \"/opt/hostedtoolcache/Python/3.8.10/x64/lib/python3.8/site-packages/humpday/comparison/eloratings.py\", line 41, in optimizer_game\n    white_best_val, white_best_x, white_feval_count = white(objective, n_trials=n_white_trials, n_dim=n_dim,\n  File \"/opt/hostedtoolcache/Python/3.8.10/x64/lib/python3.8/site-packages/humpday/optimizers/nloptcube.py\", line 43, in nlopt_ags_cube\n    return nlopt_cube_factory(objective=objective,n_trials=n_trials, n_dim=n_dim, with_count=with_count, method='gn_ags')\n  File \"/opt/hostedtoolcache/Python/3.8.10/x64/lib/python3.8/site-packages/humpday/optimizers/nloptcube.py\", line 32, in nlopt_cube_factory\n    best_x = opt.optimize([0.5] * n_dim)\n  File \"/opt/hostedtoolcache/Python/3.8.10/x64/lib/python3.8/site-packages/nlopt/nlopt.py\", line 334, in optimize\n    return _nlopt.opt_optimize(self, *args)\nValueError: nlopt invalid argument\n", "passing", "passing", "passing", "passing", "passing", "passing", "Black took 341 function evals when instructed to use 341", "passing", "not yet run", "not yet run"], "active": [true, true, true, true, true, true, true, true, true, true, true, false, true, true, true, true, true, true, true, true, true, true, true, true, true, true, true, true, true, true, true, true, true, true, true, true, true, true, true, true, true, true, true, true, true, true, true, true, true, true, true, true, true, true, true, true, true, true, true, true, true, true, true, true, true, false, false]}