{"name": ["shgo_slsqp_sobol_cube", "shgo_powell_sobol_cube", "shgo_nelder_sobol_cube", "scipy_slsqp_cube", "scipy_powell_cube", "scipy_lbfgsb_cube", "pysot_ei_cube", "pysot_lcb_cube", "pysot_random_cube", "pysot_srbf_cube", "pysot_dycors_cube", "ax_default_cube", "optuna_cmaes_cube", "optuna_tpe_cube", "optuna_random_cube", "optuna_random_cube_clone", "optuna_random_cube_clone_1", "optuna_random_cube_clone_2", "platypus_genetic_cube", "platypus_evolutionary_cube", "platypus_nsgaii_cube", "platypus_cmaes_cube", "platypus_gde3_cube", "platypus_ibea_cube", "platypus_moead_cube", "platypus_omopso_cube", "platypus_smpso_cube", "platypus_spea2_cube", "platypus_epsmoea_cube", "nevergrad_ngopt_cube", "nevergrad_ngopt4_cube", "nevergrad_de_cube", "nevergrad_portfolio_cube", "nevergrad_oneplus_cube", "nevergrad_hammersley_cube", "nevergrad_ngopt8_cube", "hyperopt_tpe_cube", "hyperopt_atpe_cube", "hyperopt_rand_cube", "pymoo_nelder_cube", "pymoo_nsga3_cube", "pymoo_unsga3_cube", "pymoo_pattern_cube", "pymoo_nsga2_cube", "pymoo_unsga3_cube", "skopt_gp_default_cube", "ultraopt_random_cube", "ultraopt_forest_cube", "ultraopt_gbrt_cube", "ultraopt_etpe_cube", "bayesopt_ucb_cube", "bayesopt_ei_cube", "bayesopt_poi_cube", "dlib_cube", "dlib_default_cube", "nlopt_direct_cube", "nlopt_ags_cube", "nlopt_esch_cube", "nlopt_isres_cube", "nlopt_crs2lm_cube", "nlopt_directr_cube", "nlopt_directo_cube", "nlopt_directl_cube", "bobyqa_default_cube", "bobyqa_noise_cube", "hebo_sequential_cube", "hebo_batch_cube"], "count": [5, 7, 10, 18, 4, 14, 8, 14, 13, 18, 18, 3, 11, 18, 19, 11, 11, 14, 25, 13, 20, 18, 14, 15, 13, 15, 16, 22, 28, 15, 22, 15, 19, 17, 16, 19, 11, 13, 17, 13, 19, 29, 21, 21, 0, 11, 23, 13, 14, 20, 21, 12, 18, 16, 23, 18, 20, 18, 16, 14, 16, 17, 20, 12, 17, 0, 17], "rating": [1596.8722895365613, 1651.1776625679258, 1649.2677018842355, 1237.6414118297168, 1575.5717081820362, 1367.421143733384, 1661.5250666192512, 1636.7411240019578, 1394.9672976756647, 1683.321821176722, 1772.0113120493152, 1571.661987857164, 1639.724061580196, 1625.2497287026224, 1600, 1600, 1600, 1600, 1437.3400424644133, 1376.4850906115728, 1501.3611875173724, 1584.2849204574293, 1533.0569813866477, 1506.9032170200283, 1540.3556616668159, 1584.2809694312543, 1527.1290929670633, 1392.4533500634154, 1536.9357531444996, 1802.04616010049, 1775.8997288551998, 1615.6755265018614, 1421.8613846938351, 1596.2674985734282, 1421.2930105902637, 1721.1476221546443, 1520.4621251297447, 1657.3463701776298, 1669.06972452553, 1647.7199472729926, 1528.2278918382688, 1600.3298989369944, 1772.101334860983, 1501.0865832923826, 1600, 1756.3126841722571, 1572.4559830646015, 1547.9287858767411, 1478.8519247115553, 1545.2853421074224, 1720.095770291162, 1753.9609979919792, 1769.22288024063, 1649.8279011779564, 1856.9644155080496, 1865.9208680904421, 1693.7316166548715, 1560.1453800617344, 1587.8892086667117, 1601.8505951184254, 1684.8861981013856, 1794.7991710623617, 1838.0430548764357, 1656.689571763461, 1569.1802654935816, 1600, 1755.455167926581], "traceback": ["passing", "passing", "passing", "passing", "passing", "passing", "passing", "passing", "passing", "passing", "passing", "passing", "passing", "passing", "passing", "passing", "passing", "passing", "passing", "passing", "passing", "passing", "passing", "passing", "passing", "passing", "passing", "passing", "passing", "passing", "passing", "passing", "passing", "passing", "passing", "Black took 212 function evals when instructed to use 211", "passing", "passing", "passing", "passing", "passing", "passing", "passing", "passing", "not yet run", "Black took 226 function evals when instructed to use 226", "passing", "passing", "passing", "passing", "passing", "passing", "passing", "passing", "passing", "passing", "passing", "passing", "passing", "Black took 216 function evals when instructed to use 211", "passing", "passing", "passing", "passing", "passing", "not yet run", "passing"], "active": [true, true, true, true, true, true, true, true, true, true, true, false, true, true, true, true, true, true, true, true, true, true, true, true, true, true, true, true, true, true, true, true, true, true, true, true, true, true, true, true, true, true, true, true, true, true, true, true, true, true, true, true, true, true, true, true, true, true, true, true, true, true, true, true, true, true, true]}