{"name": ["shgo_slsqp_sobol_cube", "shgo_powell_sobol_cube", "shgo_nelder_sobol_cube", "scipy_slsqp_cube", "scipy_powell_cube", "scipy_lbfgsb_cube", "pysot_ei_cube", "pysot_lcb_cube", "pysot_random_cube", "pysot_srbf_cube", "pysot_dycors_cube", "ax_default_cube", "optuna_cmaes_cube", "optuna_tpe_cube", "optuna_random_cube", "optuna_random_cube_clone", "optuna_random_cube_clone_1", "optuna_random_cube_clone_2", "platypus_genetic_cube", "platypus_evolutionary_cube", "platypus_nsgaii_cube", "platypus_cmaes_cube", "platypus_gde3_cube", "platypus_ibea_cube", "platypus_moead_cube", "platypus_omopso_cube", "platypus_smpso_cube", "platypus_spea2_cube", "platypus_epsmoea_cube", "nevergrad_ngopt_cube", "nevergrad_ngopt4_cube", "nevergrad_de_cube", "nevergrad_portfolio_cube", "nevergrad_oneplus_cube", "nevergrad_hammersley_cube", "nevergrad_ngopt8_cube", "hyperopt_tpe_cube", "hyperopt_atpe_cube", "hyperopt_rand_cube", "pymoo_nelder_cube", "pymoo_nsga3_cube", "pymoo_unsga3_cube", "pymoo_pattern_cube", "pymoo_nsga2_cube", "pymoo_unsga3_cube", "skopt_gp_default_cube", "ultraopt_random_cube", "ultraopt_forest_cube", "ultraopt_gbrt_cube", "ultraopt_etpe_cube", "bayesopt_ucb_cube", "bayesopt_ei_cube", "bayesopt_poi_cube", "dlib_cube", "dlib_default_cube", "nlopt_direct_cube", "nlopt_ags_cube", "nlopt_esch_cube", "nlopt_isres_cube", "nlopt_crs2lm_cube", "nlopt_directr_cube", "nlopt_directo_cube", "nlopt_directl_cube", "bobyqa_default_cube", "bobyqa_noise_cube", "hebo_sequential_cube", "hebo_batch_cube"], "count": [13, 13, 6, 24, 1, 22, 23, 23, 30, 29, 20, 3, 31, 32, 29, 30, 22, 32, 0, 0, 0, 0, 0, 0, 25, 0, 0, 0, 0, 16, 29, 24, 19, 25, 25, 30, 21, 30, 29, 27, 22, 59, 31, 0, 0, 24, 33, 33, 31, 26, 33, 31, 23, 30, 46, 15, 22, 36, 32, 24, 26, 36, 25, 30, 18, 18, 19], "rating": [1779.6244336170328, 1805.9893414746616, 1680.5822848857888, 1288.7985884824311, 1602.6104894629084, 1210.9553626061368, 1613.6719911381674, 1622.994324065653, 1406.4834860581593, 1700.4686072927943, 1829.6540063057048, 1628.7770475041739, 1622.060138261189, 1615.0550647710836, 1600, 1600, 1600, 1600, 1600, 1600, 1600, 1600, 1600, 1600, 1472.1113847205238, 1600, 1600, 1600, 1600, 1698.671434731567, 1666.364449216023, 1459.305479778436, 1546.1779536051167, 1552.4178337911978, 1313.3017361836896, 1738.273285004782, 1439.257940238049, 1420.0045229372315, 1446.5884289231035, 1805.1663933914087, 1530.1409314792986, 1416.8341975843832, 1623.4643860535364, 1600, 1600, 1788.6568020002817, 1307.9735623583742, 1601.9394546576962, 1594.7523360350597, 1519.9701668461933, 1788.8191476668342, 1558.3943289624692, 1738.058301531064, 1700.1189209679144, 1838.1635959500188, 1755.2529038267194, 1669.8184406894673, 1509.556018307592, 1475.2319021204323, 1615.0482086140075, 1796.4846169392288, 1970.392926093993, 1864.0779088595777, 1701.4263702539845, 1735.1503514605022, 1751.1586560254332, 1789.8313369608163], "traceback": ["passing", "passing", "passing", "passing", "Traceback (most recent call last):\n  File \"/opt/hostedtoolcache/Python/3.8.11/x64/lib/python3.8/site-packages/humpday/comparison/eloratings.py\", line 41, in optimizer_game\n    white_best_val, white_best_x, white_feval_count = white(objective, n_trials=n_white_trials, n_dim=n_dim,\n  File \"/opt/hostedtoolcache/Python/3.8.11/x64/lib/python3.8/site-packages/humpday/optimizers/scipycube.py\", line 40, in scipy_powell_cube\n    return scipy_cube(objective=objective, n_trials=n_trials, n_dim=n_dim, with_count=with_count, method='powell')\n  File \"/opt/hostedtoolcache/Python/3.8.11/x64/lib/python3.8/site-packages/humpday/optimizers/scipycube.py\", line 29, in scipy_cube\n    result = minimize(_objective, x0=[0]*n_dim, method=options['method'],bounds=bounds, options=options)\n  File \"/opt/hostedtoolcache/Python/3.8.11/x64/lib/python3.8/site-packages/scipy/optimize/_minimize.py\", line 614, in minimize\n    return _minimize_powell(fun, x0, args, callback, bounds, **options)\n  File \"/opt/hostedtoolcache/Python/3.8.11/x64/lib/python3.8/site-packages/scipy/optimize/optimize.py\", line 3059, in _minimize_powell\n    fx2 = squeeze(func(x2))\n  File \"/opt/hostedtoolcache/Python/3.8.11/x64/lib/python3.8/site-packages/scipy/optimize/optimize.py\", line 464, in function_wrapper\n    return function(np.copy(x), *(wrapper_args + args))\n  File \"/opt/hostedtoolcache/Python/3.8.11/x64/lib/python3.8/site-packages/humpday/optimizers/scipycube.py\", line 27, in _objective\n    return objective(list(x))\n  File \"/opt/hostedtoolcache/Python/3.8.11/x64/lib/python3.8/site-packages/humpday/objectives/portfolio.py\", line 87, in markowitz_analytic_on_cube\n    assert all([ 0<=ui<=1 for ui in u])\nAssertionError\n", "passing", "passing", "passing", "passing", "passing", "passing", "passing", "passing", "passing", "passing", "passing", "passing", "passing", "passing", "passing", "passing", "passing", "passing", "passing", "passing", "passing", "passing", "passing", "passing", "Black took 87 function evals when instructed to use 86", "passing", "passing", "Black took 82 function evals when instructed to use 81", "passing", "passing", "Black took 82 function evals when instructed to use 81", "passing", "passing", "passing", "passing", "passing", "passing", "passing", "passing", "not yet run", "passing", "passing", "passing", "passing", "passing", "passing", "passing", "passing", "passing", "passing", "passing", "passing", "passing", "passing", "passing", "passing", "passing", "passing", "passing", "passing", "passing", "Traceback (most recent call last):\n  File \"/opt/hostedtoolcache/Python/3.8.10/x64/lib/python3.8/site-packages/hebo/acq_optimizers/evolution_optimizer.py\", line 119, in optimize\n    res   = minimize(prob, algo, ('n_gen', self.iter), verbose = self.verbose)\n  File \"/opt/hostedtoolcache/Python/3.8.10/x64/lib/python3.8/site-packages/pymoo/optimize.py\", line 85, in minimize\n    res = algorithm.solve()\n  File \"/opt/hostedtoolcache/Python/3.8.10/x64/lib/python3.8/site-packages/pymoo/model/algorithm.py\", line 226, in solve\n    self._solve(self.problem)\n  File \"/opt/hostedtoolcache/Python/3.8.10/x64/lib/python3.8/site-packages/pymoo/model/algorithm.py\", line 321, in _solve\n    self.next()\n  File \"/opt/hostedtoolcache/Python/3.8.10/x64/lib/python3.8/site-packages/pymoo/model/algorithm.py\", line 246, in next\n    self._next()\n  File \"/opt/hostedtoolcache/Python/3.8.10/x64/lib/python3.8/site-packages/pymoo/algorithms/genetic_algorithm.py\", line 93, in _next\n    self.off = self.mating.do(self.problem, self.pop, self.n_offsprings, algorithm=self)\n  File \"/opt/hostedtoolcache/Python/3.8.10/x64/lib/python3.8/site-packages/pymoo/model/infill.py\", line 40, in do\n    _off = self.eliminate_duplicates.do(_off, pop, off)\n  File \"/opt/hostedtoolcache/Python/3.8.10/x64/lib/python3.8/site-packages/pymoo/model/duplicate.py\", line 26, in do\n    pop = pop[~self._do(pop, None, np.full(len(pop), False))]\n  File \"/opt/hostedtoolcache/Python/3.8.10/x64/lib/python3.8/site-packages/pymoo/model/duplicate.py\", line 75, in _do\n    D = self.calc_dist(pop, other)\n  File \"/opt/hostedtoolcache/Python/3.8.10/x64/lib/python3.8/site-packages/pymoo/model/duplicate.py\", line 66, in calc_dist\n    D = cdist(X, X)\n  File \"/opt/hostedtoolcache/Python/3.8.10/x64/lib/python3.8/site-packages/pymoo/util/misc.py\", line 90, in cdist\n    return scipy.spatial.distance.cdist(A, B, **kwargs)\n  File \"/opt/hostedtoolcache/Python/3.8.10/x64/lib/python3.8/site-packages/scipy/spatial/distance.py\", line 2954, in cdist\n    return cdist_fn(XA, XB, out=out, **kwargs)\nValueError: Unsupported dtype object\n\nDuring handling of the above exception, another exception occurred:\n\nTraceback (most recent call last):\n  File \"/opt/hostedtoolcache/Python/3.8.10/x64/lib/python3.8/site-packages/humpday/comparison/eloratings.py\", line 41, in optimizer_game\n    white_best_val, white_best_x, white_feval_count = white(objective, n_trials=n_white_trials, n_dim=n_dim,\n  File 