{"name": ["shgo_slsqp_sobol_cube", "shgo_powell_sobol_cube", "shgo_nelder_sobol_cube", "scipy_slsqp_cube", "scipy_powell_cube", "scipy_lbfgsb_cube", "pysot_ei_cube", "pysot_lcb_cube", "pysot_random_cube", "pysot_srbf_cube", "pysot_dycors_cube", "ax_default_cube", "optuna_cmaes_cube", "optuna_tpe_cube", "optuna_random_cube", "optuna_random_cube_clone", "optuna_random_cube_clone_1", "optuna_random_cube_clone_2", "platypus_genetic_cube", "platypus_evolutionary_cube", "platypus_nsgaii_cube", "platypus_cmaes_cube", "platypus_gde3_cube", "platypus_ibea_cube", "platypus_moead_cube", "platypus_omopso_cube", "platypus_smpso_cube", "platypus_spea2_cube", "platypus_epsmoea_cube", "nevergrad_ngopt_cube", "nevergrad_ngopt4_cube", "nevergrad_de_cube", "nevergrad_portfolio_cube", "nevergrad_oneplus_cube", "nevergrad_hammersley_cube", "nevergrad_ngopt8_cube", "hyperopt_tpe_cube", "hyperopt_atpe_cube", "hyperopt_rand_cube", "pymoo_nelder_cube", "pymoo_nsga3_cube", "pymoo_unsga3_cube", "pymoo_pattern_cube", "pymoo_nsga2_cube", "pymoo_unsga3_cube", "skopt_gp_default_cube", "ultraopt_random_cube", "ultraopt_forest_cube", "ultraopt_gbrt_cube", "ultraopt_etpe_cube", "bayesopt_ucb_cube", "bayesopt_ei_cube", "bayesopt_poi_cube", "dlib_cube", "dlib_default_cube", "nlopt_direct_cube", "nlopt_ags_cube", "nlopt_esch_cube", "nlopt_isres_cube", "nlopt_crs2lm_cube", "nlopt_directr_cube", "nlopt_directo_cube", "nlopt_directl_cube", "bobyqa_default_cube", "bobyqa_noise_cube", "hebo_sequential_cube", "hebo_batch_cube"], "count": [0, 0, 0, 15, 0, 2, 0, 0, 0, 0, 0, 0, 0, 19, 12, 19, 11, 13, 25, 17, 16, 0, 16, 17, 19, 12, 14, 7, 19, 17, 13, 19, 21, 14, 20, 18, 13, 16, 19, 15, 21, 40, 21, 15, 0, 0, 13, 17, 0, 17, 0, 0, 0, 20, 10, 12, 0, 21, 26, 15, 19, 14, 11, 16, 22, 0, 0], "rating": [1600, 1600, 1600, 1625.023932144772, 1600, 1657.5734493723157, 1600, 1600, 1600, 1600, 1600, 1600, 1600, 1626.154253397264, 1600, 1600, 1600, 1600, 1332.287357086087, 1481.8023396655917, 1576.4662723459446, 1600, 1364.5097035216977, 1415.8789776170065, 1317.3395040360958, 1495.9441041736218, 1584.615650237988, 1462.5315116495442, 1666.302462542542, 1762.7696219104198, 1777.074585193525, 1710.0100506376605, 1441.207576957998, 1898.584231849408, 1664.408592877021, 1858.7528861981598, 1680.8361107832936, 1553.6974385732613, 1741.760882758354, 1639.4900473683078, 1517.4529510253542, 1584.2652724914196, 1910.69197532844, 1458.536399770962, 1600, 1600, 1520.3729361423161, 1706.6536084495376, 1600, 1744.7878174008852, 1600, 1600, 1600, 1888.0357323230767, 1864.130589643189, 1872.2023330384955, 1600, 1634.6582064278386, 1294.0011002450608, 1405.7147791587977, 1799.5243679597788, 1361.6046895132258, 1395.9418777090689, 1916.7302966340667, 1986.2283293234516, 1600, 1600], "traceback": ["not yet run", "not yet run", "not yet run", "Black took 23 function evals when instructed to use 211", "passing", "passing", "not yet run", "not yet run", "not yet run", "not yet run", "not yet run", "not yet run", "not yet run", "passing", "passing", "passing", "passing", "passing", "passing", "passing", "passing", "not yet run", "passing", "passing", "passing", "passing", "passing", "passing", "passing", "passing", "passing", "passing", "passing", "passing", "passing", "passing", "passing", "passing", "passing", "passing", "passing", "passing", "passing", "passing", "not yet run", "not yet run", "Black took 211 function evals when instructed to use 211", "passing", "not yet run", "passing", "not yet run", "not yet run", "not yet run", "passing", "passing", "passing", "Traceback (most recent call last):\n  File \"/opt/hostedtoolcache/Python/3.8.11/x64/lib/python3.8/site-packages/humpday/comparison/eloratings.py\", line 76, in optimizer_game\n    black_best_val, black_best_x, black_feval_count = black(objective, n_trials=n_black_trials,\n  File \"/opt/hostedtoolcache/Python/3.8.11/x64/lib/python3.8/site-packages/humpday/optimizers/nloptcube.py\", line 43, in nlopt_ags_cube\n    return nlopt_cube_factory(objective=objective,n_trials=n_trials, n_dim=n_dim, with_count=with_count, method='gn_ags')\n  File \"/opt/hostedtoolcache/Python/3.8.11/x64/lib/python3.8/site-packages/humpday/optimizers/nloptcube.py\", line 32, in nlopt_cube_factory\n    best_x = opt.optimize([0.5] * n_dim)\n  File \"/opt/hostedtoolcache/Python/3.8.11/x64/lib/python3.8/site-packages/nlopt/nlopt.py\", line 334, in optimize\n    return _nlopt.opt_optimize(self, *args)\nValueError: nlopt invalid argument\n", "passing", "passing", "passing", "passing", "passing", "passing", "Black took 228 function evals when instructed to use 228", "passing", "not yet run", "not yet run"], "active": [true, true, true, true, true, true, true, true, true, true, true, false, true, true, true, true, true, true, true, true, true, true, true, true, true, true, true, true, true, true, true, true, true, true, true, true, true, true, true, true, true, true, true, true, true, true, true, true, true, true, true, true, true, true, true, true, true, true, true, true, true, true, true, true, true, false, false]}