{"name": ["shgo_slsqp_sobol_cube", "shgo_powell_sobol_cube", "shgo_nelder_sobol_cube", "scipy_slsqp_cube", "scipy_powell_cube", "scipy_lbfgsb_cube", "pysot_ei_cube", "pysot_lcb_cube", "pysot_random_cube", "pysot_srbf_cube", "pysot_dycors_cube", "ax_default_cube", "optuna_cmaes_cube", "optuna_tpe_cube", "optuna_random_cube", "optuna_random_cube_clone", "optuna_random_cube_clone_1", "optuna_random_cube_clone_2", "platypus_genetic_cube", "platypus_evolutionary_cube", "platypus_nsgaii_cube", "platypus_cmaes_cube", "platypus_gde3_cube", "platypus_ibea_cube", "platypus_moead_cube", "platypus_omopso_cube", "platypus_smpso_cube", "platypus_spea2_cube", "platypus_epsmoea_cube", "nevergrad_ngopt_cube", "nevergrad_ngopt4_cube", "nevergrad_de_cube", "nevergrad_portfolio_cube", "nevergrad_oneplus_cube", "nevergrad_hammersley_cube", "nevergrad_ngopt8_cube", "hyperopt_tpe_cube", "hyperopt_atpe_cube", "hyperopt_rand_cube", "pymoo_nelder_cube", "pymoo_nsga3_cube", "pymoo_unsga3_cube", "pymoo_pattern_cube", "pymoo_nsga2_cube", "pymoo_unsga3_cube", "skopt_gp_default_cube", "bayesopt_ucb_cube", "bayesopt_ei_cube", "bayesopt_poi_cube", "nlopt_direct_cube", "nlopt_ags_cube", "nlopt_esch_cube", "nlopt_isres_cube", "nlopt_crs2lm_cube", "nlopt_directr_cube", "nlopt_directo_cube", "nlopt_directl_cube", "bobyqa_default_cube", "bobyqa_noise_cube", "ultraopt_random_cube", "ultraopt_forest_cube", "ultraopt_gbrt_cube", "ultraopt_etpe_cube", "dlib_cube", "dlib_default_cube", "hebo_cube_sequential", "hebo_cube_batch", "hebo_sequential_cube", "hebo_batch_cube"], "count": [45, 54, 67, 103, 4, 0, 185, 163, 172, 171, 192, 142, 157, 179, 175, 181, 170, 201, 0, 0, 0, 0, 0, 0, 141, 0, 0, 0, 0, 173, 187, 189, 181, 186, 181, 202, 173, 183, 196, 152, 174, 362, 181, 0, 0, 158, 160, 183, 173, 174, 169, 158, 171, 181, 171, 168, 165, 169, 153, 59, 68, 50, 68, 51, 66, 33, 42, 7, 11], "rating": [1390.8462283461256, 1301.984547412944, 1286.1129585333633, 1448.3120953507898, 1497.6928483416214, 1600, 2155.852988300216, 1874.741452393088, 1111.3993863729434, 2399.876110395852, 2490.5936098428806, 2338.6908069339984, 1575.2888976051984, 1775.9764825557168, 1600, 1579.4945868185923, 1600, 1600, 1600, 1600, 1600, 1600, 1600, 1600, 792.4792566880643, 1600, 1600, 1600, 1600, 1832.110263433217, 2007.443285708918, 1211.441870799313, 1047.9315702520234, 2204.2191329319817, 1099.2512550466818, 2001.510476181778, 1376.2610501530357, 1561.1617985891874, 1564.9357190256403, 1217.6249496241653, 1006.8400471986536, 884.3867275302183, 1963.4820849375715, 1600, 1600, 2273.207268916728, 2231.4656100431403, 2234.2115095344934, 2310.2957722116016, 1667.5871112949367, 2209.338382640164, 1643.2072208517818, 1113.5946423569812, 989.0981768620659, 2401.639552277385, 953.4965641480022, 1655.0994232362773, 2433.6859457521937, 2310.6613597092824, 1431.20464913636, 1859.7563981050346, 1730.6694069928196, 1926.3450270889496, 2010.076635713437, 1963.5038963953102, 1877.0913930019042, 1688.2374224778912, 1770.3678257804718, 1651.482204497644], "traceback": ["passing", "Black took 82 function evals when instructed to use 81", "passing", "Black took 68 function evals when instructed to use 81", "passing", "passing", "passing", "passing", "passing", "passing", "passing", "passing", "passing", "passing", "Black took 81 function evals when instructed to use 81", "passing", "passing", "passing", "passing", "passing", "passing", "passing", "passing", "passing", "passing", "passing", "passing", "passing", "passing", "passing", "passing", "passing", "passing", "passing", "Black took 82 function evals when instructed to use 81", "passing", "Black took 81 function evals when instructed to use 81", "passing", "passing", "passing", "passing", "passing", "passing", "passing", "not yet run", "Black took 81 function evals when instructed to use 81", "passing", "passing", "passing", "passing", "passing", "Black took 81 function evals when instructed to use 81", "passing", "passing", "passing", "passing", "passing", "passing", "passing", "Black took 81 function evals when instructed to use 81", "passing", "passing", "passing", "passing", "passing", "passing", "passing", "Traceback (most recent call last):\n  File \"/opt/hostedtoolcache/Python/3.8.10/x64/lib/python3.8/site-packages/hebo/acq_optimizers/evolution_optimizer.py\", line 119, in optimize\n    res   = minimize(prob, algo, ('n_gen', self.iter), verbose = self.verbose)\n  File \"/opt/hostedtoolcache/Python/3.8.10/x64/lib/python3.8/site-packages/pymoo/optimize.py\", line 85, in minimize\n    res = algorithm.solve()\n  File \"/opt/hostedtoolcache/Python/3.8.10/x64/lib/python3.8/site-packages/pymoo/model/algorithm.py\", line 226, in solve\n    self._solve(self.problem)\n  File \"/opt/hostedtoolcache/Python/3.8.10/x64/lib/python3.8/site-packages/pymoo/model/algorithm.py\", line 321, in _solve\n    self.next()\n  File \"/opt/hostedtoolcache/Python/3.8.10/x64/lib/python3.8/site-packages/pymoo/model/algorithm.py\", line 246, in next\n    self._next()\n  File \"/opt/hostedtoolcache/Python/3.8.10/x64/lib/python3.8/site-packages/pymoo/algorithms/genetic_algorithm.py\", line 93, in _next\n    self.off = self.mating.do(self.problem, self.pop, self.n_offsprings, algorithm=self)\n  File \"/opt/hostedtoolcache/Python/3.8.10/x64/lib/python3.8/site-packages/pymoo/model/infill.py\", line 40, in do\n    _off = self.eliminate_duplicates.do(_off, pop, off)\n  File \"/opt/hostedtoolcache/Python/3.8.10/x64/lib/python3.8/site-packages/pymoo/model/duplicate.py\", line 26, in do\n    pop = pop[~self._do(pop, None, np.full(len(pop), False))]\n  File \"/opt/hostedtoolcache/Python/3.8.10/x64/lib/python3.8/site-packages/pymoo/model/duplicate.py\", line 75, in _do\n    D = self.calc_dist(pop, other)\n  File \"/opt/hostedtoolcache/Python/3.8.10/x64/lib/python3.8/site-packages/pymoo/model/duplicate.py\", line 66, in calc_dist\n    D = cdist(X, X)\n  File \"/opt/hostedtoolcache/Python/3.8.10/x64/lib/python3.8/site-packages/pymoo/util/misc.py\", line 90, in cdist\n    return scipy.spatial.distance.cdist(A, B, **kwargs)\n  File \"/opt/hostedtoolcache/Python/3.8.10/x64/lib/python3.8/site-packages/scipy/spatial/distance.py\", line 2954, in cdist\n    return cdist_fn(XA, XB, out=out, **kwargs)\nValueError: Unsupported dtype object\n\nDuring handling of the above exception, another exception occurred:\n\nTraceback (most recent call last):\n  File \"/opt/hostedtoolcache/Python/3.8.10/x64/lib/python3.8/site-packages/humpday/comparison/eloratings.py\", line 76, in optimizer_game\n    black_best_val, black_best_x, black_feval_count = black(objective, n_trials=n_black_trials,\n  File \"/opt/hostedtoolcache/Python/3.8.10/x64/lib/python3.8/site-packages/humpday/optimizers/hebocube.py\", line 52, in hebo_sequential_cube\n    return hebo_cube_factory(objective=objective, n_trials=n_trials, n_dim=n_dim, with_count=with_count, n_suggestions=1)\n  File \"/opt/hostedtoolcache/Python/3.8.10/x64/lib/python3.8/site-packages/humpday/optimizers/hebocube.py\", line 39, in hebo_cube_factory\n    rec = opt.suggest(n_suggestions=n_suggestions) # <-- don't change this\n  File \"/opt/hostedtoolcache/Python/3.8.10/x64/lib/python3.8/site-packages/hebo/optimizers/hebo.py\", line 124, in suggest\n    rec = opt.optimize(initial_suggest = best_x, fix_input = fix_input).drop_duplicates()\n  File \"/opt/hostedtoolcache/Python/3.8.10/x64/lib/python3.8/site-packages/hebo/acq_optimizers/evolution_optimizer.py\", line 125, in optimize\n    res   = minimize(prob, algo, ('n_gen', self.iter), verbose = self.verbose)\n  File \"/opt/hostedtoolcache/Python/3.8.10/x64/lib/python3.8/site-packages/pymoo/optimize.py\", line 85, in minimize\n    res = algorithm.solve()\n  File \"/opt/hostedtoolcache/Python/3.8.10/x64/lib/python3.8/site-packages/pymoo/model/algorithm.py\", line 226, in solve\n    self._solve(self.problem)\n  File \"/opt/hostedtoolcache/Python/3.8.10/x64/lib/python3.8/site-packages/pymoo/model/algorithm.py\", line 321, in _solve\n    self.next()\n  File 