{"name": ["shgo_slsqp_sobol_cube", "shgo_powell_sobol_cube", "shgo_nelder_sobol_cube", "scipy_slsqp_cube", "scipy_powell_cube", "scipy_lbfgsb_cube", "pysot_ei_cube", "pysot_lcb_cube", "pysot_random_cube", "pysot_srbf_cube", "pysot_dycors_cube", "ax_default_cube", "optuna_cmaes_cube", "optuna_tpe_cube", "optuna_random_cube", "optuna_random_cube_clone", "optuna_random_cube_clone_1", "optuna_random_cube_clone_2", "platypus_genetic_cube", "platypus_evolutionary_cube", "platypus_nsgaii_cube", "platypus_cmaes_cube", "platypus_gde3_cube", "platypus_ibea_cube", "platypus_moead_cube", "platypus_omopso_cube", "platypus_smpso_cube", "platypus_spea2_cube", "platypus_epsmoea_cube", "nevergrad_ngopt_cube", "nevergrad_ngopt4_cube", "nevergrad_de_cube", "nevergrad_portfolio_cube", "nevergrad_oneplus_cube", "nevergrad_hammersley_cube", "nevergrad_ngopt8_cube", "hyperopt_tpe_cube", "hyperopt_atpe_cube", "hyperopt_rand_cube", "pymoo_nelder_cube", "pymoo_nsga3_cube", "pymoo_unsga3_cube", "pymoo_pattern_cube", "pymoo_nsga2_cube", "pymoo_unsga3_cube", "skopt_gp_default_cube", "ultraopt_random_cube", "ultraopt_forest_cube", "ultraopt_gbrt_cube", "ultraopt_etpe_cube", "bayesopt_ucb_cube", "bayesopt_ei_cube", "bayesopt_poi_cube", "dlib_cube", "dlib_default_cube", "nlopt_direct_cube", "nlopt_ags_cube", "nlopt_esch_cube", "nlopt_isres_cube", "nlopt_crs2lm_cube", "nlopt_directr_cube", "nlopt_directo_cube", "nlopt_directl_cube", "bobyqa_default_cube", "bobyqa_noise_cube", "hebo_cube_sequential", "hebo_cube_batch", "hebo_sequential_cube", "hebo_batch_cube"], "count": [3, 1, 0, 37, 5, 3, 61, 43, 37, 53, 43, 34, 45, 43, 37, 43, 47, 40, 0, 0, 0, 0, 0, 0, 41, 0, 0, 0, 0, 49, 47, 42, 38, 44, 64, 50, 51, 49, 47, 39, 42, 91, 47, 0, 0, 39, 61, 45, 51, 55, 43, 41, 39, 59, 40, 48, 52, 36, 58, 59, 55, 38, 31, 39, 45, 33, 44, 17, 16], "rating": [1517.6939734540078, 1612.210950226991, 1600, 1191.1477385982155, 1474.5990420543617, 1585.7724020013957, 1787.0591816308063, 1680.6119759029414, 1259.4922904412183, 2058.0289875427857, 1950.7794225018038, 1930.238626834306, 1701.846409655069, 1732.9948863052477, 1600, 1600, 1600, 1600, 1600, 1600, 1600, 1600, 1600, 1600, 1301.117310159731, 1600, 1600, 1600, 1600, 1666.654879052631, 1483.8313787276584, 1329.0928951627418, 1291.900295645853, 1782.3066951580277, 1070.9140332293143, 1674.228611325237, 1650.1574117040943, 1496.1197249663153, 1532.9944588999256, 1951.038468284158, 1434.2060836061644, 1430.2077426451892, 1651.6978579911029, 1600, 1600, 1837.9626976153802, 1331.80237326905, 1718.1475519715998, 1685.5801495696935, 1837.5195103786455, 1933.4435319492359, 1901.4908810379227, 1958.1695553066363, 1942.925551202863, 1771.262816057307, 1463.8714174678346, 1638.4804943854583, 1445.9289216754887, 1267.1078545473208, 1331.4997031662588, 1812.1352885643978, 1552.6465074515684, 1679.923986119912, 1918.4934257497825, 2057.8136126617105, 1773.0506458725897, 1819.3560289094833, 1766.037986069391, 1577.3197085074016], "traceback": ["passing", "passing", "passing", "passing", "passing", "passing", "passing", "passing", "passing", "passing", "passing", "passing", "passing", "passing", "passing", "passing", "passing", "passing", "passing", "passing", "passing", "passing", "passing", "passing", "passing", "passing", "passing", "passing", "passing", "passing", "Black took 82 function evals when instructed to use 81", "passing", "passing", "passing", "passing", "passing", "passing", "passing", "passing", "passing", "passing", "passing", "passing", "passing", "not yet run", "passing", "passing", "passing", "passing", "passing", "passing", "passing", "passing", "passing", "passing", "passing", "passing", "passing", "passing", "passing", "passing", "passing", "passing", "passing", "passing", "passing", "passing", "passing", "passing"], "active": [true, true, true, true, true, true, true, true, true, true, true, false, true, true, true, true, true, true, true, true, true, true, true, true, true, true, true, true, true, true, true, true, true, true, true, true, true, true, true, true, true, true, true, true, true, true, true, true, true, true, true, true, true, true, true, true, true, true, true, true, true, true, true, true, true, false, false, false, false]}