{"name": ["shgo_slsqp_sobol_cube", "shgo_powell_sobol_cube", "shgo_nelder_sobol_cube", "scipy_slsqp_cube", "scipy_powell_cube", "scipy_lbfgsb_cube", "pysot_ei_cube", "pysot_lcb_cube", "pysot_random_cube", "pysot_srbf_cube", "pysot_dycors_cube", "ax_default_cube", "optuna_cmaes_cube", "optuna_tpe_cube", "optuna_random_cube", "optuna_random_cube_clone", "optuna_random_cube_clone_1", "optuna_random_cube_clone_2", "platypus_genetic_cube", "platypus_evolutionary_cube", "platypus_nsgaii_cube", "platypus_cmaes_cube", "platypus_gde3_cube", "platypus_ibea_cube", "platypus_moead_cube", "platypus_omopso_cube", "platypus_smpso_cube", "platypus_spea2_cube", "platypus_epsmoea_cube", "nevergrad_ngopt_cube", "nevergrad_ngopt4_cube", "nevergrad_de_cube", "nevergrad_portfolio_cube", "nevergrad_oneplus_cube", "nevergrad_hammersley_cube", "nevergrad_ngopt8_cube", "hyperopt_tpe_cube", "hyperopt_atpe_cube", "hyperopt_rand_cube", "pymoo_nelder_cube", "pymoo_nsga3_cube", "pymoo_unsga3_cube", "pymoo_pattern_cube", "pymoo_nsga2_cube", "pymoo_unsga3_cube", "skopt_gp_default_cube", "ultraopt_random_cube", "ultraopt_forest_cube", "ultraopt_gbrt_cube", "ultraopt_etpe_cube", "bayesopt_ucb_cube", "bayesopt_ei_cube", "bayesopt_poi_cube", "dlib_cube", "dlib_default_cube", "nlopt_direct_cube", "nlopt_ags_cube", "nlopt_esch_cube", "nlopt_isres_cube", "nlopt_crs2lm_cube", "nlopt_directr_cube", "nlopt_directo_cube", "nlopt_directl_cube", "bobyqa_default_cube", "bobyqa_noise_cube", "hebo_cube_sequential", "hebo_cube_batch", "hebo_sequential_cube", "hebo_batch_cube"], "count": [0, 0, 0, 25, 2, 1, 39, 29, 27, 36, 26, 31, 33, 30, 24, 32, 30, 27, 0, 0, 0, 0, 0, 0, 26, 0, 0, 0, 0, 35, 35, 31, 25, 30, 53, 33, 35, 33, 32, 17, 23, 63, 36, 0, 0, 28, 37, 27, 37, 39, 34, 29, 24, 40, 27, 30, 33, 28, 34, 42, 29, 31, 19, 29, 30, 33, 44, 7, 6], "rating": [1600, 1600, 1600, 1228.215285165845, 1541.2227099349086, 1641.2858222801822, 1762.1367466667703, 1580.6333819593974, 1275.06062600477, 2000.0843386855086, 1943.919175793131, 1929.5639255831138, 1662.4530188979159, 1644.2252462922756, 1600, 1600, 1600, 1600, 1600, 1600, 1600, 1600, 1600, 1600, 1297.731828974906, 1600, 1600, 1600, 1600, 1645.8222773038742, 1415.9563879193217, 1375.2434300336392, 1344.8808850534251, 1734.192695728112, 1083.147020471665, 1692.217709908253, 1625.9644296448132, 1565.7452058972974, 1495.015277269043, 1804.5893081174765, 1510.2927409491874, 1348.2327422051171, 1625.0082528508403, 1600, 1600, 1837.652889288335, 1444.6864985708842, 1728.1171222635896, 1685.1510736992755, 1896.9123013863275, 1831.2925136175847, 1863.8826615828762, 1986.2546985168688, 1850.7209371301908, 1669.8769426266294, 1422.6933191313324, 1667.0233402782292, 1493.505608392067, 1375.353897451859, 1439.8353054050526, 1720.8604188444172, 1555.2345432795232, 1658.2985886620738, 1886.7980057324944, 1942.8409709414107, 1773.0506458725897, 1819.3560289094833, 1745.910859499109, 1505.5551974820785], "traceback": ["passing", "passing", "passing", "passing", "passing", "passing", "passing", "passing", "passing", "passing", "passing", "passing", "passing", "passing", "passing", "passing", "passing", "passing", "passing", "passing", "passing", "passing", "passing", "passing", "passing", "passing", "passing", "passing", "passing", "passing", "passing", "passing", "passing", "passing", "passing", "passing", "passing", "passing", "passing", "passing", "passing", "passing", "passing", "passing", "not yet run", "passing", "passing", "passing", "passing", "passing", "passing", "passing", "passing", "passing", "passing", "passing", "passing", "passing", "passing", "passing", "passing", "passing", "passing", "passing", "passing", "passing", "passing", "passing", "passing"], "active": [true, true, true, true, true, true, true, true, true, true, true, true, true, true, true, true, true, true, true, true, true, true, true, true, true, true, true, true, true, true, true, true, true, true, true, true, true, true, true, true, true, true, true, true, true, true, true, true, true, true, true, true, true, true, true, true, true, true, true, true, true, true, true, true, true, false, false, true, true]}