{"name": ["shgo_slsqp_sobol_cube", "shgo_powell_sobol_cube", "shgo_nelder_sobol_cube", "scipy_slsqp_cube", "scipy_powell_cube", "scipy_lbfgsb_cube", "pysot_ei_cube", "pysot_lcb_cube", "pysot_random_cube", "pysot_srbf_cube", "pysot_dycors_cube", "ax_default_cube", "optuna_cmaes_cube", "optuna_tpe_cube", "optuna_random_cube", "optuna_random_cube_clone", "optuna_random_cube_clone_1", "optuna_random_cube_clone_2", "platypus_genetic_cube", "platypus_evolutionary_cube", "platypus_nsgaii_cube", "platypus_cmaes_cube", "platypus_gde3_cube", "platypus_ibea_cube", "platypus_moead_cube", "platypus_omopso_cube", "platypus_smpso_cube", "platypus_spea2_cube", "platypus_epsmoea_cube", "nevergrad_ngopt_cube", "nevergrad_ngopt4_cube", "nevergrad_de_cube", "nevergrad_portfolio_cube", "nevergrad_oneplus_cube", "nevergrad_hammersley_cube", "nevergrad_ngopt8_cube", "hyperopt_tpe_cube", "hyperopt_atpe_cube", "hyperopt_rand_cube", "pymoo_nelder_cube", "pymoo_nsga3_cube", "pymoo_unsga3_cube", "pymoo_pattern_cube", "pymoo_nsga2_cube", "pymoo_unsga3_cube", "skopt_gp_default_cube", "ultraopt_random_cube", "ultraopt_forest_cube", "ultraopt_gbrt_cube", "ultraopt_etpe_cube", "bayesopt_ucb_cube", "bayesopt_ei_cube", "bayesopt_poi_cube", "dlib_cube", "dlib_default_cube", "nlopt_direct_cube", "nlopt_ags_cube", "nlopt_esch_cube", "nlopt_isres_cube", "nlopt_crs2lm_cube", "nlopt_directr_cube", "nlopt_directo_cube", "nlopt_directl_cube", "bobyqa_default_cube", "bobyqa_noise_cube", "hebo_sequential_cube", "hebo_batch_cube"], "count": [0, 0, 0, 8, 0, 2, 0, 0, 0, 0, 0, 0, 0, 13, 8, 13, 5, 11, 15, 11, 11, 0, 12, 13, 12, 9, 7, 3, 10, 9, 8, 15, 14, 7, 11, 15, 5, 11, 11, 11, 17, 25, 13, 11, 0, 0, 7, 14, 0, 12, 0, 0, 0, 10, 9, 8, 0, 13, 19, 8, 13, 10, 5, 9, 15, 0, 0], "rating": [1600, 1600, 1600, 1589.3936334258628, 1600, 1657.5734493723157, 1600, 1600, 1600, 1600, 1600, 1600, 1600, 1625.6961839783662, 1600, 1600, 1600, 1586.9456303447414, 1357.87776089307, 1466.5710761885987, 1603.301869678308, 1600, 1398.7795359448482, 1460.6249426498393, 1401.4099471813586, 1530.402749027773, 1513.187253494518, 1570.0464361780002, 1694.3935496241909, 1722.1132329996492, 1752.5492654371099, 1654.2712514827774, 1456.1668592716258, 1788.8005707029297, 1673.3118080242343, 1827.5212325031684, 1573.618997405706, 1577.1084243887249, 1726.3561917718996, 1602.840827733144, 1541.036050149766, 1541.6979638999617, 1844.546105224065, 1492.6764027078216, 1600, 1600, 1587.8981539385593, 1688.0513924587203, 1600, 1720.6728447691091, 1600, 1600, 1600, 1790.466539404913, 1842.2884372798972, 1815.6595776428685, 1600, 1649.9930622043241, 1286.7753773812444, 1405.315767477806, 1762.9352215329495, 1407.0701104136128, 1520.1085491551535, 1831.0223381405312, 1952.6271390574216, 1600, 1600], "traceback": ["not yet run", "not yet run", "not yet run", "passing", "passing", "passing", "not yet run", "not yet run", "not yet run", "not yet run", "not yet run", "not yet run", "not yet run", "passing", "passing", "passing", "passing", "passing", "passing", "passing", "passing", "not yet run", "passing", "passing", "passing", "passing", "passing", "passing", "passing", "passing", "passing", "passing", "passing", "passing", "passing", "passing", "passing", "passing", "passing", "passing", "passing", "passing", "passing", "passing", "not yet run", "not yet run", "passing", "passing", "not yet run", "passing", "not yet run", "not yet run", "not yet run", "passing", "passing", "Black took 211 function evals when instructed to use 211", "Traceback (most recent call last):\n  File \"/opt/hostedtoolcache/Python/3.8.10/x64/lib/python3.8/site-packages/humpday/comparison/eloratings.py\", line 41, in optimizer_game\n    white_best_val, white_best_x, white_feval_count = white(objective, n_trials=n_white_trials, n_dim=n_dim,\n  File \"/opt/hostedtoolcache/Python/3.8.10/x64/lib/python3.8/site-packages/humpday/optimizers/nloptcube.py\", line 43, in nlopt_ags_cube\n    return nlopt_cube_factory(objective=objective,n_trials=n_trials, n_dim=n_dim, with_count=with_count, method='gn_ags')\n  File \"/opt/hostedtoolcache/Python/3.8.10/x64/lib/python3.8/site-packages/humpday/optimizers/nloptcube.py\", line 32, in nlopt_cube_factory\n    best_x = opt.optimize([0.5] * n_dim)\n  File \"/opt/hostedtoolcache/Python/3.8.10/x64/lib/python3.8/site-packages/nlopt/nlopt.py\", line 334, in optimize\n    return _nlopt.opt_optimize(self, *args)\nValueError: nlopt invalid argument\n", "passing", "passing", "passing", "passing", "passing", "passing", "passing", "passing", "not yet run", "not yet run"], "active": [true, true, true, true, true, true, true, true, true, true, true, false, true, true, true, true, true, true, true, true, true, true, true, true, true, true, true, true, true, true, true, true, true, true, true, true, true, true, true, true, true, true, true, true, true, true, true, true, true, true, true, true, true, true, true, true, true, true, true, true, true, true, true, true, true, true, true]}