{"name": ["shgo_slsqp_sobol_cube", "shgo_powell_sobol_cube", "shgo_nelder_sobol_cube", "scipy_slsqp_cube", "scipy_powell_cube", "scipy_lbfgsb_cube", "pysot_ei_cube", "pysot_lcb_cube", "pysot_random_cube", "pysot_srbf_cube", "pysot_dycors_cube", "ax_default_cube", "optuna_cmaes_cube", "optuna_tpe_cube", "optuna_random_cube", "optuna_random_cube_clone", "optuna_random_cube_clone_1", "optuna_random_cube_clone_2", "platypus_genetic_cube", "platypus_evolutionary_cube", "platypus_nsgaii_cube", "platypus_cmaes_cube", "platypus_gde3_cube", "platypus_ibea_cube", "platypus_moead_cube", "platypus_omopso_cube", "platypus_smpso_cube", "platypus_spea2_cube", "platypus_epsmoea_cube", "nevergrad_ngopt_cube", "nevergrad_ngopt4_cube", "nevergrad_de_cube", "nevergrad_portfolio_cube", "nevergrad_oneplus_cube", "nevergrad_hammersley_cube", "nevergrad_ngopt8_cube", "hyperopt_tpe_cube", "hyperopt_atpe_cube", "hyperopt_rand_cube", "pymoo_nelder_cube", "pymoo_nsga3_cube", "pymoo_unsga3_cube", "pymoo_pattern_cube", "pymoo_nsga2_cube", "pymoo_unsga3_cube", "skopt_gp_default_cube", "ultraopt_random_cube", "ultraopt_forest_cube", "ultraopt_gbrt_cube", "ultraopt_etpe_cube", "bayesopt_ucb_cube", "bayesopt_ei_cube", "bayesopt_poi_cube", "dlib_cube", "dlib_default_cube", "nlopt_direct_cube", "nlopt_ags_cube", "nlopt_esch_cube", "nlopt_isres_cube", "nlopt_crs2lm_cube", "nlopt_directr_cube", "nlopt_directo_cube", "nlopt_directl_cube", "bobyqa_default_cube", "bobyqa_noise_cube", "hebo_sequential_cube", "hebo_batch_cube"], "count": [0, 0, 0, 3, 0, 0, 0, 0, 0, 0, 0, 0, 0, 4, 6, 5, 4, 8, 12, 4, 8, 0, 6, 7, 7, 7, 3, 8, 7, 9, 5, 5, 6, 5, 8, 8, 8, 6, 6, 7, 6, 12, 3, 3, 0, 0, 10, 8, 0, 2, 0, 0, 0, 8, 4, 7, 0, 6, 6, 8, 8, 7, 10, 3, 9, 0, 0], "rating": [1600, 1600, 1600, 1654.1053473624368, 1600, 1600, 1600, 1600, 1600, 1600, 1600, 1600, 1600, 1659.5385001326565, 1600, 1600, 1600, 1600, 1647.5823866512706, 1661.3210374659452, 1554.0133872270956, 1600, 1600.1500312013975, 1468.1656700051724, 1468.1330036613158, 1623.2415481851303, 1520.3904749059202, 1483.6866729651344, 1627.2976240162354, 1840.5031033161551, 1683.1025126686413, 1683.0907125949818, 1517.6635097404258, 1732.7375520326175, 1609.3926280855826, 1762.4069635512346, 1587.0986916855368, 1631.3489470698642, 1651.3894446583909, 1568.4663600769936, 1551.9052243586668, 1450.0602752302714, 1518.6403223657599, 1572.1012181858957, 1600, 1600, 1504.4372479602923, 1697.0213115673753, 1600, 1656.895424196909, 1600, 1600, 1600, 1769.4718205450588, 1704.2564129695375, 1787.0123395205146, 1600, 1604.5428297896067, 1545.1774758457568, 1464.2094041383693, 1662.697650467707, 1412.3719122327561, 1336.6729582532441, 1685.00390830546, 1838.7328462963305, 1600, 1600], "traceback": ["not yet run", "not yet run", "not yet run", "passing", "passing", "passing", "not yet run", "not yet run", "not yet run", "not yet run", "not yet run", "not yet run", "not yet run", "passing", "passing", "passing", "passing", "passing", "passing", "passing", "passing", "not yet run", "passing", "passing", "passing", "passing", "passing", "passing", "passing", "passing", "passing", "passing", "Black took 212 function evals when instructed to use 211", "passing", "passing", "passing", "passing", "passing", "passing", "passing", "passing", "passing", "passing", "passing", "not yet run", "not yet run", "passing", "passing", "not yet run", "passing", "not yet run", "not yet run", "not yet run", "passing", "passing", "passing", "Traceback (most recent call last):\n  File \"/opt/hostedtoolcache/Python/3.8.9/x64/lib/python3.8/site-packages/humpday/comparison/eloratings.py\", line 41, in optimizer_game\n    white_best_val, white_best_x, white_feval_count = white(objective, n_trials=n_white_trials, n_dim=n_dim,\n  File \"/opt/hostedtoolcache/Python/3.8.9/x64/lib/python3.8/site-packages/humpday/optimizers/nloptcube.py\", line 43, in nlopt_ags_cube\n    return nlopt_cube_factory(objective=objective,n_trials=n_trials, n_dim=n_dim, with_count=with_count, method='gn_ags')\n  File \"/opt/hostedtoolcache/Python/3.8.9/x64/lib/python3.8/site-packages/humpday/optimizers/nloptcube.py\", line 32, in nlopt_cube_factory\n    best_x = opt.optimize([0.5] * n_dim)\n  File \"/opt/hostedtoolcache/Python/3.8.9/x64/lib/python3.8/site-packages/nlopt/nlopt.py\", line 334, in optimize\n    return _nlopt.opt_optimize(self, *args)\nValueError: nlopt invalid argument\n", "passing", "passing", "passing", "passing", "passing", "passing", "passing", "passing", "not yet run", "not yet run"], "active": [true, true, true, true, true, true, true, true, true, true, true, false, true, true, true, true, true, true, true, true, true, true, true, true, true, true, true, true, true, true, true, true, true, true, true, true, true, true, true, true, true, true, true, true, true, true, true, true, true, true, true, true, true, true, true, true, true, true, true, true, true, true, true, true, true, true, true]}