{"name": ["shgo_slsqp_sobol_cube", "shgo_powell_sobol_cube", "shgo_nelder_sobol_cube", "scipy_slsqp_cube", "scipy_powell_cube", "scipy_lbfgsb_cube", "pysot_ei_cube", "pysot_lcb_cube", "pysot_random_cube", "pysot_srbf_cube", "pysot_dycors_cube", "ax_default_cube", "optuna_cmaes_cube", "optuna_tpe_cube", "optuna_random_cube", "optuna_random_cube_clone", "optuna_random_cube_clone_1", "optuna_random_cube_clone_2", "platypus_genetic_cube", "platypus_evolutionary_cube", "platypus_nsgaii_cube", "platypus_cmaes_cube", "platypus_gde3_cube", "platypus_ibea_cube", "platypus_moead_cube", "platypus_omopso_cube", "platypus_smpso_cube", "platypus_spea2_cube", "platypus_epsmoea_cube", "nevergrad_ngopt_cube", "nevergrad_ngopt4_cube", "nevergrad_de_cube", "nevergrad_portfolio_cube", "nevergrad_oneplus_cube", "nevergrad_hammersley_cube", "nevergrad_ngopt8_cube", "hyperopt_tpe_cube", "hyperopt_atpe_cube", "hyperopt_rand_cube", "pymoo_nelder_cube", "pymoo_nsga3_cube", "pymoo_unsga3_cube", "pymoo_pattern_cube", "pymoo_nsga2_cube", "pymoo_unsga3_cube", "skopt_gp_default_cube", "ultraopt_random_cube", "ultraopt_forest_cube", "ultraopt_gbrt_cube", "ultraopt_etpe_cube", "bayesopt_ucb_cube", "bayesopt_ei_cube", "bayesopt_poi_cube", "dlib_cube", "dlib_default_cube", "nlopt_direct_cube", "nlopt_ags_cube", "nlopt_esch_cube", "nlopt_isres_cube", "nlopt_crs2lm_cube", "nlopt_directr_cube", "nlopt_directo_cube", "nlopt_directl_cube", "bobyqa_default_cube", "bobyqa_noise_cube", "hebo_cube_sequential", "hebo_cube_batch", "hebo_sequential_cube", "hebo_batch_cube"], "count": [6, 4, 2, 41, 7, 3, 66, 51, 43, 57, 51, 34, 48, 46, 44, 52, 56, 43, 0, 0, 0, 0, 0, 0, 47, 0, 0, 0, 0, 54, 51, 45, 45, 49, 70, 55, 56, 53, 53, 45, 46, 97, 56, 0, 0, 44, 65, 53, 54, 63, 48, 46, 49, 68, 47, 54, 57, 39, 66, 67, 63, 43, 34, 44, 50, 33, 44, 17, 16], "rating": [1437.491190156287, 1532.780938966084, 1537.1767664372599, 1194.6425437544883, 1436.724750929581, 1585.7724020013957, 1832.0794766616716, 1710.522853359344, 1239.5728675363591, 2062.273768609261, 1957.0610996793566, 1930.238626834306, 1684.7975538367998, 1725.4095583133083, 1600, 1600, 1600, 1600, 1600, 1600, 1600, 1600, 1600, 1600, 1288.8485436682533, 1600, 1600, 1600, 1600, 1651.6926761468892, 1516.692875252162, 1303.4101514611239, 1327.7373148880165, 1778.9753722575888, 1072.190998404986, 1680.2539351663988, 1722.5747329183198, 1482.060360553229, 1512.3027680705557, 1998.1897470039185, 1475.0279303572754, 1484.0103769899945, 1722.6338525843298, 1600, 1600, 1895.490958270471, 1319.3300993879222, 1769.2317445149572, 1665.428364730378, 1826.2200575339114, 1907.520557667336, 1886.7153770241225, 1990.98840654416, 1925.083400968375, 1795.8643079959174, 1474.7219131875925, 1632.492873039503, 1457.4734047709494, 1282.2234746210793, 1285.0392552177343, 1833.5010168125812, 1549.701243606107, 1707.0941474923904, 1937.2960012624196, 2102.309797414909, 1773.0506458725897, 1819.3560289094833, 1766.037986069391, 1577.3197085074016], "traceback": ["passing", "passing", "passing", "passing", "passing", "passing", "passing", "passing", "passing", "passing", "passing", "passing", "passing", "passing", "Black took 81 function evals when instructed to use 81", "passing", "passing", "passing", "passing", "passing", "passing", "passing", "passing", "passing", "passing", "passing", "passing", "passing", "passing", "passing", "passing", "passing", "passing", "passing", "passing", "passing", "passing", "passing", "passing", "passing", "passing", "Black took 81 function evals when instructed to use 81", "passing", "passing", "not yet run", "passing", "passing", "passing", "passing", "passing", "passing", "Black took 81 function evals when instructed to use 81", "passing", "passing", "passing", "passing", "passing", "passing", "passing", "passing", "passing", "passing", "passing", "passing", "passing", "passing", "passing", "passing", "passing"], "active": [true, true, true, true, true, true, true, true, true, true, true, false, true, true, true, true, true, true, true, true, true, true, true, true, true, true, true, true, true, true, true, true, true, true, true, true, true, true, true, true, true, true, true, true, true, true, true, true, true, true, true, true, true, true, true, true, true, true, true, true, true, true, true, true, true, false, false, false, false]}