{"name": ["shgo_slsqp_sobol_cube", "shgo_powell_sobol_cube", "shgo_nelder_sobol_cube", "scipy_slsqp_cube", "scipy_powell_cube", "scipy_lbfgsb_cube", "pysot_ei_cube", "pysot_lcb_cube", "pysot_random_cube", "pysot_srbf_cube", "pysot_dycors_cube", "ax_default_cube", "optuna_cmaes_cube", "optuna_tpe_cube", "optuna_random_cube", "optuna_random_cube_clone", "optuna_random_cube_clone_1", "optuna_random_cube_clone_2", "platypus_genetic_cube", "platypus_evolutionary_cube", "platypus_nsgaii_cube", "platypus_cmaes_cube", "platypus_gde3_cube", "platypus_ibea_cube", "platypus_moead_cube", "platypus_omopso_cube", "platypus_smpso_cube", "platypus_spea2_cube", "platypus_epsmoea_cube", "nevergrad_ngopt_cube", "nevergrad_ngopt4_cube", "nevergrad_de_cube", "nevergrad_portfolio_cube", "nevergrad_oneplus_cube", "nevergrad_hammersley_cube", "nevergrad_ngopt8_cube", "hyperopt_tpe_cube", "hyperopt_atpe_cube", "hyperopt_rand_cube", "pymoo_nelder_cube", "pymoo_nsga3_cube", "pymoo_unsga3_cube", "pymoo_pattern_cube", "pymoo_nsga2_cube", "pymoo_unsga3_cube", "skopt_gp_default_cube", "bayesopt_ucb_cube", "bayesopt_ei_cube", "bayesopt_poi_cube", "nlopt_direct_cube", "nlopt_ags_cube", "nlopt_esch_cube", "nlopt_isres_cube", "nlopt_crs2lm_cube", "nlopt_directr_cube", "nlopt_directo_cube", "nlopt_directl_cube", "bobyqa_default_cube", "bobyqa_noise_cube", "ultraopt_random_cube", "ultraopt_forest_cube", "ultraopt_gbrt_cube", "ultraopt_etpe_cube", "dlib_cube", "dlib_default_cube", "hebo_cube_sequential", "hebo_cube_batch", "hebo_sequential_cube", "hebo_batch_cube"], "count": [30, 33, 27, 61, 31, 4, 120, 118, 122, 144, 125, 132, 98, 137, 114, 128, 136, 103, 114, 117, 125, 112, 134, 125, 112, 93, 114, 102, 146, 137, 111, 139, 111, 130, 130, 116, 113, 131, 135, 110, 129, 248, 119, 130, 0, 128, 134, 124, 128, 120, 135, 115, 145, 147, 138, 144, 134, 116, 126, 26, 29, 29, 41, 33, 42, 31, 55, 0, 4], "rating": [1447.9950545185616, 1397.7172738626252, 1445.6416612606572, 1377.1395370215905, 1336.386605587862, 1624.8564967518885, 1988.8699266152066, 1985.5121189813528, 1278.4521465456853, 2441.1790648028086, 2318.9358577143475, 2229.2363773186094, 1716.6203476535575, 1859.7111882258814, 1600, 1600, 1600, 1600, 1167.3653798370765, 1056.2571335831503, 1189.2729481607016, 1117.076254499442, 1050.6486817070634, 1138.3798337995408, 1056.6204321370703, 1115.8948355201583, 1108.242703650198, 1247.3415588623782, 1230.306257365125, 1959.9007305879663, 1912.5510543192404, 1320.093842916523, 1382.6401549356244, 2247.302972877965, 993.430829098216, 1953.6682859025295, 1509.8796958504777, 1547.5304931639007, 1653.0681670778931, 1602.6675491718538, 1576.6787250026202, 1494.1473219542947, 2016.733865492125, 1076.0563332900906, 1600, 2152.5909298956967, 2338.715352053685, 2113.9008117898484, 2235.0453820864, 2110.2736610258153, 1911.0495829508022, 1767.100862503912, 1179.5262079361119, 1236.62156651422, 2383.898718501156, 1314.4394818388528, 2285.369462319501, 2248.2428310756045, 2203.9485163337467, 1496.6826830458567, 1765.6441869165749, 1839.606113243957, 1893.4006506176038, 1833.9345166937462, 1965.9036519365163, 1857.6822610939478, 1932.808059932112, 1600, 1661.145133901101], "traceback": ["passing", "passing", "passing", "passing", "passing", "passing", "passing", "passing", "passing", "Black took 131 function evals when instructed to use 131", "passing", "passing", "passing", "passing", "Black took 131 function evals when instructed to use 131", "passing", "passing", "passing", "passing", "passing", "passing", "passing", "passing", "passing", "passing", "passing", "passing", "passing", "passing", "passing", "passing", "passing", "passing", "passing", "passing", "passing", "passing", "passing", "passing", "passing", "passing", "passing", "passing", "passing", "not yet run", "Black took 131 function evals when instructed to use 131", "passing", "passing", "passing", "passing", "passing", "passing", "passing", "passing", "passing", "passing", "passing", "passing", "passing", "passing", "passing", "passing", "passing", "passing", "passing", "passing", "passing", "not yet run", "passing"], "active": [true, true, true, true, true, true, true, true, true, true, true, true, true, true, true, true, true, true, true, true, true, true, true, true, true, true, true, true, true, true, true, true, true, true, true, true, true, true, true, true, true, true, true, true, true, true, true, true, true, true, true, true, true, true, true, true, true, true, true, true, true, true, true, true, true, false, false, true, true]}