{"name": ["shgo_slsqp_sobol_cube", "shgo_powell_sobol_cube", "shgo_nelder_sobol_cube", "scipy_slsqp_cube", "scipy_powell_cube", "scipy_lbfgsb_cube", "pysot_ei_cube", "pysot_lcb_cube", "pysot_random_cube", "pysot_srbf_cube", "pysot_dycors_cube", "ax_default_cube", "optuna_cmaes_cube", "optuna_tpe_cube", "optuna_random_cube", "optuna_random_cube_clone", "optuna_random_cube_clone_1", "optuna_random_cube_clone_2", "platypus_genetic_cube", "platypus_evolutionary_cube", "platypus_nsgaii_cube", "platypus_cmaes_cube", "platypus_gde3_cube", "platypus_ibea_cube", "platypus_moead_cube", "platypus_omopso_cube", "platypus_smpso_cube", "platypus_spea2_cube", "platypus_epsmoea_cube", "nevergrad_ngopt_cube", "nevergrad_ngopt4_cube", "nevergrad_de_cube", "nevergrad_portfolio_cube", "nevergrad_oneplus_cube", "nevergrad_hammersley_cube", "nevergrad_ngopt8_cube", "hyperopt_tpe_cube", "hyperopt_atpe_cube", "hyperopt_rand_cube", "pymoo_nelder_cube", "pymoo_nsga3_cube", "pymoo_unsga3_cube", "pymoo_pattern_cube", "pymoo_nsga2_cube", "pymoo_unsga3_cube", "skopt_gp_default_cube", "ultraopt_random_cube", "ultraopt_forest_cube", "ultraopt_gbrt_cube", "ultraopt_etpe_cube", "bayesopt_ucb_cube", "bayesopt_ei_cube", "bayesopt_poi_cube", "dlib_cube", "dlib_default_cube", "nlopt_direct_cube", "nlopt_ags_cube", "nlopt_esch_cube", "nlopt_isres_cube", "nlopt_crs2lm_cube", "nlopt_directr_cube", "nlopt_directo_cube", "nlopt_directl_cube", "bobyqa_default_cube", "bobyqa_noise_cube", "hebo_cube_sequential", "hebo_cube_batch", "hebo_sequential_cube", "hebo_batch_cube"], "count": [0, 0, 0, 28, 4, 1, 44, 32, 29, 38, 31, 34, 35, 33, 28, 36, 33, 29, 0, 0, 0, 0, 0, 0, 31, 0, 0, 0, 0, 43, 38, 36, 29, 33, 59, 36, 39, 36, 35, 20, 27, 73, 38, 0, 0, 30, 45, 33, 39, 43, 35, 30, 28, 45, 29, 38, 40, 29, 39, 47, 33, 32, 20, 31, 33, 33, 44, 10, 12], "rating": [1600, 1600, 1600, 1190.408880510959, 1491.0209016645501, 1641.2858222801822, 1793.0159756597197, 1626.3566480122959, 1257.3546743545944, 2000.6283855174013, 1975.2723785792298, 1930.238626834306, 1685.8561392110912, 1675.0575785608603, 1600, 1600, 1600, 1600, 1600, 1600, 1600, 1600, 1600, 1600, 1336.3909066946967, 1600, 1600, 1600, 1600, 1660.0110353003552, 1464.3082889240352, 1354.0518898773596, 1297.223787504017, 1740.7303329536292, 1073.5116548505891, 1692.9347862529205, 1628.098581333139, 1524.7387252684614, 1476.0713265425716, 1816.101056447388, 1466.7743212869527, 1342.823222270763, 1635.958727975545, 1600, 1600, 1825.2014910822136, 1381.798439349622, 1689.46176771409, 1716.8164550275264, 1858.313033971839, 1842.3900390470058, 1875.936570955181, 2006.0482275147817, 1882.6092124596175, 1687.8523494272936, 1450.504364011376, 1690.0999121190675, 1502.143293698146, 1355.4366878706683, 1457.6621985498798, 1733.8264901265898, 1541.0069315831993, 1664.5629678804428, 1903.9542850022801, 1969.0281619300426, 1773.0506458725897, 1819.3560289094833, 1744.263263787896, 1560.2498874451157], "traceback": ["passing", "passing", "passing", "passing", "passing", "passing", "passing", "passing", "passing", "passing", "passing", "passing", "passing", "passing", "Black took 81 function evals when instructed to use 81", "passing", "passing", "passing", "passing", "passing", "passing", "passing", "passing", "passing", "passing", "passing", "passing", "passing", "passing", "passing", "passing", "passing", "passing", "passing", "passing", "passing", "passing", "passing", "passing", "passing", "passing", "passing", "passing", "passing", "not yet run", "passing", "passing", "passing", "passing", "passing", "passing", "passing", "passing", "passing", "passing", "passing", "passing", "Black took 81 function evals when instructed to use 81", "Black took 81 function evals when instructed to use 81", "passing", "Black took 81 function evals when instructed to use 81", "passing", "passing", "passing", "passing", "passing", "passing", "passing", "passing"], "active": [true, true, true, true, true, true, true, true, true, true, true, false, true, true, true, true, true, true, true, true, true, true, true, true, true, true, true, true, true, true, true, true, true, true, true, true, true, true, true, true, true, true, true, true, true, true, true, true, true, true, true, true, true, true, true, true, true, true, true, true, true, true, true, true, true, false, false, true, true]}