{"name": ["shgo_slsqp_sobol_cube", "shgo_powell_sobol_cube", "shgo_nelder_sobol_cube", "scipy_slsqp_cube", "scipy_powell_cube", "scipy_lbfgsb_cube", "pysot_ei_cube", "pysot_lcb_cube", "pysot_random_cube", "pysot_srbf_cube", "pysot_dycors_cube", "ax_default_cube", "optuna_cmaes_cube", "optuna_tpe_cube", "optuna_random_cube", "optuna_random_cube_clone", "optuna_random_cube_clone_1", "optuna_random_cube_clone_2", "platypus_genetic_cube", "platypus_evolutionary_cube", "platypus_nsgaii_cube", "platypus_cmaes_cube", "platypus_gde3_cube", "platypus_ibea_cube", "platypus_moead_cube", "platypus_omopso_cube", "platypus_smpso_cube", "platypus_spea2_cube", "platypus_epsmoea_cube", "nevergrad_ngopt_cube", "nevergrad_ngopt4_cube", "nevergrad_de_cube", "nevergrad_portfolio_cube", "nevergrad_oneplus_cube", "nevergrad_hammersley_cube", "nevergrad_ngopt8_cube", "hyperopt_tpe_cube", "hyperopt_atpe_cube", "hyperopt_rand_cube", "pymoo_nelder_cube", "pymoo_nsga3_cube", "pymoo_unsga3_cube", "pymoo_pattern_cube", "pymoo_nsga2_cube", "pymoo_unsga3_cube", "skopt_gp_default_cube", "ultraopt_random_cube", "ultraopt_forest_cube", "ultraopt_gbrt_cube", "ultraopt_etpe_cube", "bayesopt_ucb_cube", "bayesopt_ei_cube", "bayesopt_poi_cube", "dlib_cube", "dlib_default_cube", "nlopt_direct_cube", "nlopt_ags_cube", "nlopt_esch_cube", "nlopt_isres_cube", "nlopt_crs2lm_cube", "nlopt_directr_cube", "nlopt_directo_cube", "nlopt_directl_cube", "bobyqa_default_cube", "bobyqa_noise_cube", "hebo_sequential_cube", "hebo_batch_cube"], "count": [0, 0, 0, 4, 0, 0, 0, 0, 0, 0, 0, 0, 0, 21, 8, 16, 12, 21, 0, 0, 0, 0, 0, 0, 7, 0, 0, 0, 0, 10, 17, 20, 13, 13, 17, 14, 9, 15, 19, 0, 11, 33, 0, 0, 0, 0, 10, 9, 0, 14, 0, 0, 0, 11, 11, 15, 0, 21, 18, 16, 11, 0, 16, 18, 10, 0, 0], "rating": [1600, 1600, 1600, 1662.3467415336754, 1600, 1600, 1600, 1600, 1600, 1600, 1600, 1600, 1600, 1671.752088954428, 1600, 1600, 1600, 1600, 1600, 1600, 1600, 1600, 1600, 1600, 1477.9041493619911, 1600, 1600, 1600, 1600, 1632.5830099378286, 1782.5769767419013, 1515.26515386629, 1451.3957922635752, 1817.8907073867808, 1817.8175457076502, 1645.7403200277847, 1546.4260683098419, 1664.9551249779279, 1633.4692141116739, 1600, 1425.3341443653367, 1160.5562242246688, 1600, 1600, 1600, 1600, 1659.7451567101425, 1775.8039901230732, 1600, 1757.8071592067295, 1600, 1600, 1600, 1713.2413925414144, 1806.624366291673, 1336.6895844006278, 1600, 1559.2321768102522, 1369.9682410712367, 1482.3120759092915, 1753.201696542088, 1600, 1393.5419008000226, 1960.3296516342675, 1847.3996290367554, 1600, 1600], "traceback": ["not yet run", "not yet run", "not yet run", "passing", "passing", "passing", "not yet run", "not yet run", "not yet run", "not yet run", "not yet run", "not yet run", "not yet run", "passing", "passing", "passing", "passing", "passing", "passing", "passing", "passing", "not yet run", "passing", "passing", "passing", "passing", "passing", "passing", "passing", "passing", "passing", "passing", "Black took 82 function evals when instructed to use 81", "passing", "passing", "passing", "passing", "passing", "passing", "passing", "passing", "Black took 81 function evals when instructed to use 81", "passing", "passing", "not yet run", "not yet run", "passing", "passing", "not yet run", "Black took 81 function evals when instructed to use 81", "not yet run", "not yet run", "not yet run", "passing", "passing", "passing", "passing", "passing", "passing", "passing", "passing", "passing", "passing", "passing", "passing", "not yet run", "not yet run"], "active": [true, true, true, true, true, true, true, true, true, true, true, false, true, true, true, true, true, true, true, true, true, true, true, true, true, true, true, true, true, true, true, true, true, true, true, true, true, true, true, true, true, true, true, true, true, true, true, true, true, true, true, true, true, true, true, true, true, true, true, true, true, true, true, true, true, false, false]}