{"name": ["shgo_slsqp_sobol_cube", "shgo_powell_sobol_cube", "shgo_nelder_sobol_cube", "scipy_slsqp_cube", "scipy_powell_cube", "scipy_nelder_cube", "scipy_lbfgsb_cube", "pysot_ei_cube", "pysot_lcb_cube", "pysot_random_cube", "pysot_srbf_cube", "pysot_dycors_cube", "ax_default_cube", "optuna_cmaes_cube", "optuna_tpe_cube", "optuna_random_cube", "optuna_random_cube_clone", "optuna_random_cube_clone_1", "optuna_random_cube_clone_2", "platypus_genetic_cube", "platypus_evolutionary_cube", "platypus_nsgaii_cube", "platypus_cmaes_cube", "platypus_gde3_cube", "platypus_ibea_cube", "platypus_moead_cube", "platypus_omopso_cube", "platypus_smpso_cube", "platypus_spea2_cube", "platypus_epsmoea_cube", "nevergrad_ngopt_cube", "nevergrad_ngopt4_cube", "nevergrad_de_cube", "nevergrad_portfolio_cube", "nevergrad_oneplus_cube", "nevergrad_hammersley_cube", "nevergrad_ngopt8_cube", "hyperopt_tpe_cube", "hyperopt_atpe_cube", "hyperopt_rand_cube", "pymoo_nelder_cube", "pymoo_nsga3_cube", "pymoo_unsga3_cube", "pymoo_pattern_cube", "pymoo_nsga2_cube", "pymoo_unsga3_cube", "skopt_gp_default_cube", "ultraopt_random_cube", "ultraopt_forest_cube", "ultraopt_gbrt_cube", "ultraopt_etpe_cube", "bayesopt_ucb_cube", "bayesopt_ei_cube", "bayesopt_poi_cube", "dlib_cube", "dlib_default_cube", "nlopt_direct_cube", "nlopt_ags_cube", "nlopt_esch_cube", "nlopt_isres_cube", "nlopt_crs2lm_cube", "nlopt_directr_cube", "nlopt_directo_cube", "nlopt_directl_cube", "bobyqa_default_cube", "bobyqa_noise_cube"], "count": [0, 0, 0, 3, 0, 8, 0, 0, 0, 0, 0, 0, 0, 0, 5, 6, 5, 5, 2, 5, 6, 5, 0, 7, 10, 10, 5, 4, 5, 4, 5, 3, 8, 10, 5, 6, 2, 3, 7, 6, 0, 6, 13, 0, 5, 0, 0, 8, 3, 0, 6, 0, 0, 0, 0, 0, 5, 0, 1, 12, 6, 4, 0, 6, 5, 2], "rating": [1600, 1600, 1600, 1630.1616832179918, 1600, 1436.4949228642156, 1600, 1600, 1600, 1600, 1600, 1600, 1600, 1600, 1597.2296187811176, 1600, 1600, 1600, 1600, 1567.9088065967342, 1662.784479310749, 1574.1933630072695, 1600, 1622.592932192478, 1492.3484664387718, 1548.988724448592, 1745.0970840397893, 1601.1836691993412, 1627.9333423332373, 1658.2546360047975, 1736.6981229696269, 1630.6448639280807, 1568.7092982524289, 1671.7622788875342, 1681.0633388961846, 1570.071416127398, 1662.61029326987, 1572.3228321743743, 1650.0171082656507, 1713.957595300202, 1600, 1660.9804837104402, 1415.054809824935, 1600, 1597.7304317003418, 1600, 1600, 1440.9283062236116, 1567.8041953064433, 1600, 1486.948560383733, 1600, 1600, 1600, 1600, 1600, 1464.5779717634912, 1600, 1571.0345585156022, 1678.4790602328515, 1652.0807469886092, 1718.931973090668, 1600, 1711.624251407001, 1657.0860347937808, 1631.9310570298906], "traceback": ["not yet run", "not yet run", "not yet run", "passing", "passing", "passing", "passing", "not yet run", "not yet run", "not yet run", "not yet run", "not yet run", "not yet run", "not yet run", "passing", "passing", "passing", "passing", "passing", "passing", "passing", "passing", "not yet run", "passing", "passing", "passing", "passing", "passing", "passing", "passing", "passing", "passing", "Black took 211 function evals when instructed to use 211", "passing", "passing", "passing", "passing", "passing", "passing", "passing", "passing", "passing", "passing", "passing", "passing", "not yet run", "not yet run", "passing", "Traceback (most recent call last):\n  File \"/Users/petercotton/virtual-envs/optimizer-elo-ratings/lib/python3.7/site-packages/humpday/comparison/eloratings.py\", line 43, in optimizer_game\n    with_count=True)\n  File \"/Users/petercotton/virtual-envs/optimizer-elo-ratings/lib/python3.7/site-packages/humpday/optimizers/ultraoptcube.py\", line 43, in ultraopt_forest_cube\n    method='Forest')\n  File \"/Users/petercotton/virtual-envs/optimizer-elo-ratings/lib/python3.7/site-packages/humpday/optimizers/ultraoptcube.py\", line 31, in ultraopt_cube_factory\n    n_jobs=1, show_progressbar=False, parallel_strategy=\"Serial\" )\n  File \"/Users/petercotton/virtual-envs/optimizer-elo-ratings/lib/python3.7/site-packages/ultraopt/facade/fmin.py\", line 106, in fmin\n    opt_.tell(config, loss)\n  File \"/Users/petercotton/virtual-envs/optimizer-elo-ratings/lib/python3.7/site-packages/ultraopt/optimizer/base_opt.py\", line 63, in tell\n    self.new_result(job, update_model=update_model)\n  File \"/Users/petercotton/virtual-envs/optimizer-elo-ratings/lib/python3.7/site-packages/ultraopt/optimizer/base_opt.py\", line 101, in new_result\n    self._new_result(budget, vectors, losses)\n  File \"/Users/petercotton/virtual-envs/optimizer-elo-ratings/lib/python3.7/site-packages/ultraopt/optimizer/bo/sampling_sort_opt.py\", line 72, in _new_result\n    y_obvs = self.loss_transformer.fit_transform(losses)\n  File \"/Users/petercotton/virtual-envs/optimizer-elo-ratings/lib/python3.7/site-packages/ultraopt/utils/loss_transformer.py\", line 41, in fit_transform\n    y = super(LogScaledLossTransformer, self).fit_transform(y)\n  File \"/Users/petercotton/virtual-envs/optimizer-elo-ratings/lib/python3.7/site-packages/ultraopt/utils/loss_transformer.py\", line 17, in fit_transform\n    y[y >= ERR_LOSS] = y[y < ERR_LOSS].max() + 0.1\n  File \"/Users/petercotton/virtual-envs/optimizer-elo-ratings/lib/python3.7/site-packages/numpy/core/_methods.py\", line 39, in _amax\n    return umr_maximum(a, axis, None, out, keepdims, initial, where)\nValueError: zero-size array to reduction operation maximum which has no identity\n", "not yet run", "passing", "not yet run", "not yet run", "not yet run", "Traceback (most recent call last):\n  File \"/Users/petercotton/virtual-envs/optimizer-elo-ratings/lib/python3.7/site-packages/humpday/comparison/eloratings.py\", line 43, in optimizer_game\n    with_count=True)\n  File \"/Users/petercotton/virtual-envs/optimizer-elo-ratings/lib/python3.7/site-packages/humpday/optimizers/dlibcube.py\", line 33, in dlib_cube\n    return dlib_default_cube(objective=objective, n_trials=n_trials, n_dim=n_dim, with_count=with_count)  # It is useful to have a clone of one of the better algos\n  File \"/Users/petercotton/virtual-envs/optimizer-elo-ratings/lib/python3.7/site-packages/humpday/optimizers/dlibcube.py\", line 28, in dlib_default_cube\n    best_x, best_val = find_min_global(_objective, lb, ub, n_trials)\nRuntimeError: \n\nError detected at line 63.\nError detected in file /private/var/folders/g2/6p5lz9hn36vbnv165bk7yj7r0000gn/T/pip-install-ojjogyqk/dlib_836e2179ea074a8ba6ce68fbb0be6025/tools/python/src/global_optimization.cpp.\nError detected in function double call_func(py::object, const matrix<double, 0, 1> &).\n\nFailing expression was 0 < num && num < 35.\nFunctions being optimized must take between 1 and 35 scalar arguments.\n\n", "Traceback (most recent call last):\n  File \"/Users/petercotton/virtual-envs/optimizer-elo-ratings/lib/python3.7/site-packages/humpday/comparison/eloratings.py\", line 79, in optimizer_game\n    with_count=True)\n  File \"/Users/petercotton/virtual-envs/optimizer-elo-ratings/lib/python3.7/site-packages/humpday/optimizers/dlibcube.py\", line 28, in dlib_default_cube\n    best_x, best_val = find_min_global(_objective, lb, ub, n_trials)\nRuntimeError: \n\nError detected at line 63.\nError detected in file /private/var/folders/g2/6p5lz9hn36vbnv165bk7yj7r0000gn/T/pip-install-ojjogyqk/dlib_836e2179ea074a8ba6ce68fbb0be6025/tools/python/src/global_optimization.cpp.\nError detected in function double call_func(py::object, const matrix<double, 0, 1> &).\n\nFailing expression was 0 < num && num < 35.\nFunctions being optimized must take between 1 and 35 scalar arguments.\n\n", "passing", "Traceback (most recent call last):\n  File \"/Users/petercotton/virtual-envs/optimizer-elo-ratings/lib/python3.7/site-packages/humpday/comparison/eloratings.py\", line 43, in optimizer_game\n    with_count=True)\n  File \"/Users/petercotton/virtual-envs/optimizer-elo-ratings/lib/python3.7/site-packages/humpday/optimizers/nloptcube.py\", line 43, in nlopt_ags_cube\n    return nlopt_cube_factory(objective=objective,n_trials=n_trials, n_dim=n_dim, 