{"name": ["shgo_slsqp_sobol_cube", "shgo_powell_sobol_cube", "shgo_nelder_sobol_cube", "scipy_slsqp_cube", "scipy_powell_cube", "scipy_nelder_cube", "scipy_lbfgsb_cube", "pysot_ei_cube", "pysot_lcb_cube", "pysot_random_cube", "pysot_srbf_cube", "pysot_dycors_cube", "ax_default_cube", "optuna_cmaes_cube", "optuna_tpe_cube", "optuna_random_cube", "optuna_random_cube_clone", "optuna_random_cube_clone_1", "optuna_random_cube_clone_2", "platypus_genetic_cube", "platypus_evolutionary_cube", "platypus_nsgaii_cube", "platypus_cmaes_cube", "platypus_gde3_cube", "platypus_ibea_cube", "platypus_moead_cube", "platypus_omopso_cube", "platypus_smpso_cube", "platypus_spea2_cube", "platypus_epsmoea_cube", "nevergrad_ngopt_cube", "nevergrad_ngopt4_cube", "nevergrad_ngopt8_cube", "nevergrad_de_cube", "nevergrad_portfolio_cube", "nevergrad_oneplus_cube", "nevergrad_hammersley_cube", "hyperopt_atpe_cube", "hyperopt_rand_cube", "hyperopt_tpe_cube", "pymoo_nelder_cube", "pymoo_nsga3_cube", "pymoo_unsga3_cube", "pymoo_pattern_cube", "pymoo_nsga2_cube", "skopt_gp_default_cube", "ultraopt_random_cube", "ultraopt_etpe_cube", "bayesopt_ucb_cube", "bayesopt_ei_cube", "bayesopt_poi_cube", "dlib_cube", "nlopt_direct_cube", "nlopt_ags_cube", "nlopt_esch_cube", "nlopt_isres_cube", "nlopt_crs2lm_cube", "nlopt_directr_cube", "nlopt_directo_cube"], "count": [11, 7, 5, 4, 7, 8, 5, 6, 7, 5, 11, 6, 8, 11, 8, 6, 6, 14, 3, 6, 10, 8, 6, 9, 5, 6, 7, 7, 13, 5, 0, 6, 7, 7, 9, 6, 10, 8, 6, 4, 5, 7, 13, 6, 11, 12, 4, 10, 6, 5, 16, 11, 2, 2, 2, 1, 3, 1, 2], "rating": [1628.33038844057, 1549.9119258308772, 1737.2203073139613, 1597.0438737309835, 1603.9997820431952, 1565.1436006889778, 1684.4936840783969, 1590.7297890394727, 1679.6972582400574, 1577.1191466845735, 1841.5041191182281, 1710.0938552363407, 1759.1088334158999, 1678.2175429217918, 1613.477469113553, 1600, 1600, 1600, 1600, 1474.5835191687638, 1523.1024957495072, 1654.250492682555, 1458.6895503302562, 1513.7929088126928, 1627.5562946416944, 1569.9465657362432, 1516.8506329580011, 1456.1801228400602, 1344.4553478969408, 1543.7253964202976, 1600, 1639.9341238405098, 1689.7830311051955, 1543.3735625528732, 1504.109409452263, 1559.391688075272, 1422.743583104484, 1492.779104631433, 1594.7910665920201, 1609.1298348548187, 1658.3898972086051, 1742.8850700415933, 1733.3816019105927, 1708.123100527826, 1371.8977288340445, 1795.7440505757072, 1484.1984040346897, 1652.7049593467736, 1625.9434469384796, 1633.950771655167, 1723.1502617996948, 1745.077325241622, 1661.0171821038678, 1543.182663325232, 1600.560621369953, 1628.159085845489, 1649.8137762328395, 1630.0, 1578.4896555020607], "traceback": ["passing", "passing", "passing", "passing", "passing", "passing", "passing", "passing", "passing", "passing", "passing", "passing", "passing", "passing", "passing", "passing", "passing", "passing", "passing", "passing", "passing", "passing", "passing", "passing", "passing", "passing", "passing", "passing", "passing", "passing", "not yet run", "passing", "passing", "passing", "passing", "passing", "passing", "passing", "passing", "passing", "passing", "passing", "passing", "passing", "passing", "passing", "passing", "passing", "passing", "passing", "passing", "passing", "passing", "passing", "passing", "passing", "passing", "passing", "passing"], "active": [true, true, true, true, true, true, true, true, true, true, true, true, true, true, true, true, true, true, true, true, true, true, true, true, true, true, true, true, true, true, true, true, true, true, true, true, true, true, true, true, true, true, true, true, true, true, true, true, true, true, true, true, true, true, true, true, true, true, true]}