{"name": ["shgo_slsqp_sobol_cube", "shgo_powell_sobol_cube", "shgo_nelder_sobol_cube", "scipy_slsqp_cube", "scipy_powell_cube", "scipy_nelder_cube", "scipy_lbfgsb_cube", "pysot_ei_cube", "pysot_lcb_cube", "pysot_random_cube", "pysot_srbf_cube", "pysot_dycors_cube", "ax_default_cube", "optuna_cmaes_cube", "optuna_tpe_cube", "optuna_random_cube", "optuna_random_cube_clone", "optuna_random_cube_clone_1", "optuna_random_cube_clone_2", "platypus_genetic_cube", "platypus_evolutionary_cube", "platypus_nsgaii_cube", "platypus_cmaes_cube", "platypus_gde3_cube", "platypus_ibea_cube", "platypus_moead_cube", "platypus_omopso_cube", "platypus_smpso_cube", "platypus_spea2_cube", "platypus_epsmoea_cube", "nevergrad_ngopt_cube", "nevergrad_ngopt4_cube", "nevergrad_ngopt8_cube", "nevergrad_de_cube", "nevergrad_portfolio_cube", "nevergrad_oneplus_cube", "nevergrad_hammersley_cube", "hyperopt_atpe_cube", "hyperopt_rand_cube", "hyperopt_tpe_cube", "pymoo_nelder_cube", "pymoo_nsga3_cube", "pymoo_unsga3_cube", "pymoo_pattern_cube", "pymoo_nsga2_cube", "skopt_gp_default_cube", "ultraopt_random_cube", "ultraopt_etpe_cube", "bayesopt_ucb_cube", "bayesopt_ei_cube", "bayesopt_poi_cube", "dlib_cube", "nlopt_direct_cube", "nlopt_ags_cube", "nlopt_esch_cube", "nlopt_isres_cube", "nlopt_crs2lm_cube", "nlopt_directr_cube", "nlopt_directo_cube", "ultraopt_forest_cube", "ultraopt_gbrt_cube", "dlib_default_cube", "nlopt_directl_cube", "bobyqa_default_cube", "bobyqa_noise_cube"], "count": [14, 13, 17, 18, 13, 13, 12, 16, 14, 11, 7, 11, 10, 20, 15, 18, 16, 9, 16, 16, 12, 5, 20, 14, 13, 19, 24, 14, 11, 6, 20, 16, 17, 10, 13, 10, 15, 11, 13, 17, 16, 21, 21, 16, 14, 12, 11, 15, 12, 10, 10, 13, 6, 6, 10, 5, 8, 2, 7, 2, 1, 1, 4, 1, 3], "rating": [1659.0259635861964, 1623.6983929615262, 1757.0762253808837, 1775.6624844561904, 1814.1547835555361, 1386.8310306772833, 1629.7007380191458, 1717.1483399447984, 1648.839408855561, 1454.4836430315509, 1681.338737537669, 1707.741908783397, 1779.3401420348941, 1780.3980794734762, 1568.9986581461746, 1600, 1600, 1600, 1600, 1379.1970982524201, 1436.40127300648, 1579.074294329866, 1463.0346648999246, 1444.281122147938, 1475.1885757304824, 1587.0249767311677, 1566.3983268732704, 1603.5325916667675, 1317.9788881584097, 1592.8214743779329, 1828.9270751958873, 1839.8120121826435, 1831.9654965260386, 1549.2024211365244, 1482.8277217446905, 1696.1949312628822, 1425.6928919795291, 1540.8233014833093, 1531.0580076007566, 1537.733059132522, 1777.3269424193732, 1676.4652420436469, 1620.2162576955636, 1834.4289879620637, 1399.7930723006073, 1678.2283677145626, 1537.9767878168984, 1713.1401853608415, 1653.4052818805585, 1590.8015265300414, 1752.5179013279012, 1889.6597049924783, 1700.1368598291099, 1532.0444598429601, 1501.5574205901046, 1516.981139916997, 1490.8171439848013, 1570.8670259654973, 1631.1827187449023, 1597.855700190035, 1638.3985382827555, 1624.0425036723427, 1593.2747944731839, 1575.284848860852, 1691.7739166370504], "traceback": ["passing", "passing", "passing", "passing", "passing", "passing", "passing", "passing", "passing", "Black took 341 function evals when instructed to use 341", "passing", "passing", "passing", "passing", "passing", "passing", "passing", "passing", "passing", "passing", "passing", "passing", "passing", "passing", "passing", "passing", "passing", "passing", "passing", "passing", "passing", "passing", "passing", "passing", "passing", "passing", "passing", "passing", "passing", "passing", "passing", "passing", "passing", "passing", "passing", "passing", "passing", "passing", "passing", "passing", "passing", "passing", "passing", "passing", "passing", "passing", "passing", "passing", "passing", "passing", "passing", "Black took 341 function evals when instructed to use 341", "passing", "passing", "passing"], "active": [true, true, true, true, true, true, true, true, true, true, true, true, true, true, true, true, true, true, true, true, true, true, true, true, true, true, true, true, true, true, true, true, true, true, true, true, true, true, true, true, true, true, true, true, true, true, true, true, true, true, true, true, true, true, true, true, true, true, true, true, true, true, true, true, true]}