{"name": ["shgo_slsqp_sobol_cube", "shgo_powell_sobol_cube", "shgo_nelder_sobol_cube", "scipy_slsqp_cube", "scipy_powell_cube", "scipy_nelder_cube", "scipy_lbfgsb_cube", "pysot_ei_cube", "pysot_lcb_cube", "pysot_random_cube", "pysot_srbf_cube", "pysot_dycors_cube", "ax_default_cube", "optuna_cmaes_cube", "optuna_tpe_cube", "optuna_random_cube", "optuna_random_cube_clone", "optuna_random_cube_clone_1", "optuna_random_cube_clone_2", "platypus_genetic_cube", "platypus_evolutionary_cube", "platypus_nsgaii_cube", "platypus_cmaes_cube", "platypus_gde3_cube", "platypus_ibea_cube", "platypus_moead_cube", "platypus_omopso_cube", "platypus_smpso_cube", "platypus_spea2_cube", "platypus_epsmoea_cube", "nevergrad_ngopt_cube", "nevergrad_ngopt4_cube", "nevergrad_ngopt8_cube", "nevergrad_de_cube", "nevergrad_portfolio_cube", "nevergrad_oneplus_cube", "nevergrad_hammersley_cube", "hyperopt_atpe_cube", "hyperopt_rand_cube", "hyperopt_tpe_cube", "pymoo_nelder_cube", "pymoo_nsga3_cube", "pymoo_unsga3_cube", "pymoo_pattern_cube", "pymoo_nsga2_cube", "skopt_gp_default_cube", "ultraopt_random_cube", "ultraopt_etpe_cube", "bayesopt_ucb_cube", "bayesopt_ei_cube", "bayesopt_poi_cube", "dlib_cube"], "count": [3, 3, 10, 7, 5, 5, 7, 3, 8, 4, 5, 8, 6, 5, 4, 12, 3, 4, 3, 0, 0, 0, 0, 0, 0, 5, 0, 0, 0, 0, 6, 8, 7, 6, 3, 10, 8, 3, 6, 8, 2, 5, 4, 8, 0, 3, 4, 4, 4, 3, 4, 4], "rating": [1600.903971676549, 1545.4726276766035, 1721.7452448019615, 1632.5117359015587, 1628.0252456149556, 1571.0662965589613, 1623.9073740221447, 1607.070876195847, 1658.9925616309383, 1488.5725992250107, 1737.6708058631684, 1727.926555947574, 1597.246758554658, 1743.1333479309708, 1627.8475151426876, 1600, 1600, 1600, 1600, 1600, 1600, 1600, 1600, 1600, 1600, 1519.6045660703167, 1600, 1600, 1600, 1600, 1593.2915466748345, 1622.488164629339, 1597.913965921201, 1520.259841116453, 1569.9704287548568, 1545.7906223237492, 1530.5487571931733, 1630.9897726690522, 1491.3991096287336, 1470.6994285167511, 1603.001282803626, 1606.241914115783, 1653.7910609592445, 1706.574762600289, 1600, 1658.936506386988, 1511.0682326374742, 1686.7825236023505, 1545.262733361219, 1629.069092477713, 1629.7361199811237, 1603.3889840963004], "traceback": ["passing", "passing", "passing", "passing", "passing", "passing", "passing", "passing", "passing", "passing", "passing", "passing", "passing", "passing", "passing", "passing", "passing", "passing", "passing", "passing", "passing", "passing", "passing", "passing", "passing", "passing", "Traceback (most recent call last):\n  File \"/Users/petercotton/virtual-envs/optimizer-elo-ratings/lib/python3.7/site-packages/humpday/comparison/eloratings.py\", line 79, in optimizer_game\n    with_count=True)\n  File \"/Users/petercotton/virtual-envs/optimizer-elo-ratings/lib/python3.7/site-packages/humpday/optimizers/platypuscube.py\", line 94, in platypus_omopso_cube\n    method='omopso')\n  File \"/Users/petercotton/virtual-envs/optimizer-elo-ratings/lib/python3.7/site-packages/humpday/optimizers/platypuscube.py\", line 49, in platypus_cube\n    feasible_solution_obj = sorted([(s.objectives[0], s.variables) for s in algorithm.result if s.feasible],\nAttributeError: 'OMOPSO' object has no attribute 'result'\n", "passing", "passing", "passing", "passing", "passing", "passing", "passing", "passing", "passing", "passing", "passing", "passing", "passing", "passing", "Black took 82 function evals when instructed to use 82", "passing", "passing", "passing", "passing", "passing", "passing", "passing", "passing", "passing", "passing"], "active": [true, true, true, true, true, true, true, true, true, true, true, true, true, true, true, true, true, true, true, true, true, true, true, true, true, true, true, true, true, true, true, true, true, true, true, true, true, true, true, true, true, true, true, true, true, true, true, true, true, true, true, true]}