{"name": ["shgo_slsqp_sobol_cube", "shgo_powell_sobol_cube", "shgo_nelder_sobol_cube", "scipy_slsqp_cube", "scipy_powell_cube", "scipy_nelder_cube", "scipy_lbfgsb_cube", "pysot_ei_cube", "pysot_lcb_cube", "pysot_random_cube", "pysot_srbf_cube", "pysot_dycors_cube", "ax_default_cube", "optuna_cmaes_cube", "optuna_tpe_cube", "optuna_random_cube", "optuna_random_cube_clone", "optuna_random_cube_clone_1", "optuna_random_cube_clone_2", "platypus_genetic_cube", "platypus_evolutionary_cube", "platypus_nsgaii_cube", "platypus_cmaes_cube", "platypus_gde3_cube", "platypus_ibea_cube", "platypus_moead_cube", "platypus_omopso_cube", "platypus_smpso_cube", "platypus_spea2_cube", "platypus_epsmoea_cube", "nevergrad_ngopt_cube", "nevergrad_ngopt4_cube", "nevergrad_ngopt8_cube", "nevergrad_de_cube", "nevergrad_portfolio_cube", "nevergrad_oneplus_cube", "nevergrad_hammersley_cube", "hyperopt_atpe_cube", "hyperopt_rand_cube", "hyperopt_tpe_cube", "pymoo_nelder_cube", "pymoo_nsga3_cube", "pymoo_unsga3_cube", "pymoo_pattern_cube", "pymoo_nsga2_cube", "skopt_gp_default_cube", "ultraopt_random_cube", "ultraopt_etpe_cube", "bayesopt_ucb_cube", "bayesopt_ei_cube", "bayesopt_poi_cube", "dlib_cube", "nlopt_direct_cube", "nlopt_ags_cube", "nlopt_esch_cube", "nlopt_isres_cube", "nlopt_crs2lm_cube", "nlopt_directr_cube", "nlopt_directo_cube", "ultraopt_forest_cube", "ultraopt_gbrt_cube", "dlib_default_cube", "nlopt_directl_cube", "bobyqa_default_cube", "bobyqa_noise_cube"], "count": [3, 4, 5, 9, 10, 9, 8, 9, 13, 13, 14, 14, 8, 17, 9, 11, 9, 9, 8, 0, 0, 0, 0, 0, 7, 3, 0, 0, 0, 4, 5, 7, 10, 9, 11, 8, 7, 10, 16, 14, 10, 6, 16, 5, 7, 10, 7, 9, 8, 9, 14, 3, 3, 2, 9, 6, 7, 5, 4, 2, 3, 2, 3, 1, 0], "rating": [1663.1188436844652, 1714.8898051641386, 1657.4107963002025, 1478.896743061695, 1697.189901834479, 1365.026422625724, 1435.4321415179481, 1584.1783511377212, 1769.4471983370343, 1519.524186290622, 1692.4319763063002, 1724.9278124908822, 1698.137741266601, 1570.710345667436, 1638.6601195641754, 1600, 1600, 1600, 1600, 1600, 1600, 1600, 1600, 1600, 1468.6920593786565, 1573.104330390521, 1600, 1600, 1600, 1631.8197131092563, 1651.4324075969082, 1667.6618878413583, 1579.9832913178666, 1516.8792593532448, 1530.6485209351702, 1496.8755288336306, 1581.9442493279707, 1598.748576064931, 1591.9839104474981, 1591.1627869977913, 1526.2391336451367, 1569.4948189076, 1523.9310660341637, 1700.225148629608, 1653.3442316619667, 1695.3984354942866, 1761.0662312048785, 1596.488368735224, 1570.9896575612952, 1678.548136957403, 1774.1831739542288, 1688.3702196001716, 1603.477692401641, 1655.1141014914263, 1542.1280995024351, 1676.1258730715685, 1541.8538074675116, 1636.1015776058407, 1544.6494353326427, 1534.9413521071635, 1513.0112704105732, 1653.468950554774, 1681.9941405568422, 1602.6350806677265, 1600], "traceback": ["passing", "passing", "passing", "passing", "passing", "passing", "passing", "passing", "passing", "passing", "passing", "passing", "passing", "passing", "Black took 31 function evals when instructed to use 31", "passing", "passing", "passing", "passing", "passing", "passing", "passing", "passing", "passing", "passing", "passing", "passing", "passing", "passing", "passing", "passing", "passing", "passing", "passing", "passing", "passing", "passing", "passing", "passing", "passing", "passing", "passing", "passing", "passing", "passing", "passing", "passing", "passing", "passing", "passing", "passing", "passing", "passing", "passing", "passing", "passing", "passing", "passing", "passing", "passing", "passing", "passing", "passing", "passing", "not yet run"], "active": [true, true, true, true, true, true, true, true, true, true, true, true, true, true, true, true, true, true, true, true, true, true, true, true, true, true, true, true, true, true, true, true, true, true, true, true, true, true, true, true, true, true, true, true, true, true, true, true, true, true, true, true, true, true, true, true, true, true, true, true, true, true, true, true, true]}