{"name": ["shgo_slsqp_sobol_cube", "shgo_powell_sobol_cube", "shgo_nelder_sobol_cube", "scipy_slsqp_cube", "scipy_powell_cube", "scipy_nelder_cube", "scipy_lbfgsb_cube", "pysot_ei_cube", "pysot_lcb_cube", "pysot_random_cube", "pysot_srbf_cube", "pysot_dycors_cube", "ax_default_cube", "optuna_cmaes_cube", "optuna_tpe_cube", "optuna_random_cube", "optuna_random_cube_clone", "optuna_random_cube_clone_1", "optuna_random_cube_clone_2", "platypus_genetic_cube", "platypus_evolutionary_cube", "platypus_nsgaii_cube", "platypus_cmaes_cube", "platypus_gde3_cube", "platypus_ibea_cube", "platypus_moead_cube", "platypus_omopso_cube", "platypus_smpso_cube", "platypus_spea2_cube", "platypus_epsmoea_cube", "nevergrad_ngopt_cube", "nevergrad_ngopt4_cube", "nevergrad_ngopt8_cube", "nevergrad_de_cube", "nevergrad_portfolio_cube", "nevergrad_oneplus_cube", "nevergrad_hammersley_cube", "hyperopt_atpe_cube", "hyperopt_rand_cube", "hyperopt_tpe_cube", "pymoo_nelder_cube", "pymoo_nsga3_cube", "pymoo_unsga3_cube", "pymoo_pattern_cube", "pymoo_nsga2_cube", "skopt_gp_default_cube", "ultraopt_random_cube", "ultraopt_etpe_cube", "bayesopt_ucb_cube", "bayesopt_ei_cube", "bayesopt_poi_cube", "dlib_cube", "nlopt_direct_cube", "nlopt_ags_cube", "nlopt_esch_cube", "nlopt_isres_cube", "nlopt_crs2lm_cube", "nlopt_directr_cube", "nlopt_directo_cube"], "count": [9, 7, 4, 8, 9, 7, 8, 4, 8, 9, 8, 12, 7, 10, 7, 7, 10, 9, 4, 10, 7, 10, 12, 7, 11, 11, 10, 12, 7, 3, 13, 11, 6, 8, 9, 6, 6, 10, 9, 8, 9, 7, 7, 11, 7, 7, 8, 7, 9, 9, 5, 10, 2, 2, 0, 1, 0, 1, 1], "rating": [1687.9970008522562, 1736.4720814114683, 1685.898333226326, 1559.400327495691, 1675.4875488286957, 1475.9144643434845, 1561.5738699917413, 1607.3975354253316, 1527.131236723299, 1570.6357466591123, 1682.2545076693686, 1809.2047041386597, 1761.6565431220938, 1760.3782404735941, 1677.9921090670875, 1600, 1600, 1600, 1600, 1430.780215619781, 1461.9122666688631, 1555.241457404187, 1492.1785739549327, 1615.2940518968771, 1546.5379709100603, 1549.2906193483534, 1551.841422286519, 1647.3934323624605, 1447.1906003303238, 1572.8045532554029, 1653.489813459603, 1663.3008098548785, 1592.9222506700728, 1553.3952068715193, 1523.4386585981777, 1587.3157819595642, 1483.6601899417867, 1672.6075881200577, 1685.0428402746468, 1546.6296305263488, 1480.6737985673126, 1730.3654007984346, 1593.5277575236705, 1623.2922059216726, 1574.7952300203956, 1692.060299087306, 1438.7585904953303, 1615.7857942448554, 1610.247226170937, 1592.5383158160582, 1629.3085359782337, 1859.7279950420332, 1600.739664882131, 1563.8681418236715, 1600, 1574.6702752249494, 1600, 1626.2451164722982, 1570.8401059393752], "traceback": ["passing", "passing", "passing", "passing", "passing", "passing", "passing", "passing", "passing", "passing", "passing", "passing", "passing", "passing", "passing", "passing", "passing", "passing", "passing", "passing", "passing", "passing", "passing", "passing", "passing", "passing", "passing", "passing", "passing", "passing", "passing", "passing", "passing", "passing", "passing", "passing", "passing", "passing", "passing", "passing", "passing", "passing", "passing", "passing", "passing", "passing", "passing", "passing", "passing", "passing", "passing", "passing", "passing", "passing", "not yet run", "passing", "passing", "passing", "passing"], "active": [true, true, true, true, true, true, true, true, true, true, true, true, true, true, true, true, true, true, true, true, true, true, true, true, true, true, true, true, true, true, true, true, true, true, true, true, true, true, true, true, true, true, true, true, true, true, true, true, true, true, true, true, true, true, true, true, true, true, true]}