{"name": ["shgo_slsqp_sobol_cube", "shgo_powell_sobol_cube", "shgo_nelder_sobol_cube", "scipy_slsqp_cube", "scipy_powell_cube", "scipy_nelder_cube", "scipy_lbfgsb_cube", "pysot_ei_cube", "pysot_lcb_cube", "pysot_random_cube", "pysot_srbf_cube", "pysot_dycors_cube", "ax_default_cube", "optuna_cmaes_cube", "optuna_tpe_cube", "optuna_random_cube", "optuna_random_cube_clone", "optuna_random_cube_clone_1", "optuna_random_cube_clone_2", "platypus_genetic_cube", "platypus_evolutionary_cube", "platypus_nsgaii_cube", "platypus_cmaes_cube", "platypus_gde3_cube", "platypus_ibea_cube", "platypus_moead_cube", "platypus_omopso_cube", "platypus_smpso_cube", "platypus_spea2_cube", "platypus_epsmoea_cube", "nevergrad_ngopt_cube", "nevergrad_ngopt4_cube", "nevergrad_ngopt8_cube", "nevergrad_de_cube", "nevergrad_portfolio_cube", "nevergrad_oneplus_cube", "nevergrad_hammersley_cube", "hyperopt_atpe_cube", "hyperopt_rand_cube", "hyperopt_tpe_cube", "pymoo_nelder_cube", "pymoo_nsga3_cube", "pymoo_unsga3_cube", "pymoo_pattern_cube", "pymoo_nsga2_cube", "skopt_gp_default_cube", "ultraopt_random_cube", "ultraopt_etpe_cube", "bayesopt_ucb_cube", "bayesopt_ei_cube", "bayesopt_poi_cube", "dlib_cube", "nlopt_direct_cube", "nlopt_ags_cube", "nlopt_esch_cube", "nlopt_isres_cube", "nlopt_crs2lm_cube", "nlopt_directr_cube", "nlopt_directo_cube"], "count": [1, 1, 1, 2, 1, 10, 1, 2, 5, 6, 6, 5, 3, 5, 10, 8, 7, 7, 5, 0, 0, 0, 0, 0, 0, 6, 0, 0, 0, 0, 5, 12, 3, 6, 2, 7, 7, 6, 4, 7, 3, 5, 2, 6, 0, 8, 7, 5, 3, 5, 3, 4, 0, 1, 1, 0, 1, 1, 0], "rating": [1628.1025934285808, 1630.0, 1631.0357514659427, 1541.0357514659427, 1630.0, 1335.5367883400838, 1571.1069979244828, 1658.9642485340573, 1516.888432850258, 1540.7954460273402, 1620.4781872828169, 1690.5360454868658, 1687.3126021496096, 1567.5572314459105, 1658.001085843681, 1600, 1600, 1600, 1600, 1600, 1600, 1600, 1600, 1600, 1600, 1494.8831234453244, 1600, 1600, 1600, 1600, 1684.0163696300967, 1826.7703483066953, 1683.9110532942066, 1539.7139551517505, 1658.9642485340573, 1680.543445088068, 1491.673235328032, 1593.9938981705288, 1602.2259622812774, 1414.1538692868287, 1581.611272098171, 1629.7800331710077, 1657.8679648616646, 1577.0388431790152, 1600, 1658.7028695371546, 1495.788922431328, 1685.7684578818366, 1539.4434799278422, 1599.059603899217, 1623.3935365919597, 1662.726217971792, 1600, 1627.9412434640628, 1632.0002345714506, 1600, 1624.490198747471, 1628.9642485340573, 1600], "traceback": ["passing", "passing", "passing", "passing", "passing", "passing", "passing", "passing", "passing", "passing", "passing", "passing", "passing", "passing", "passing", "passing", "passing", "passing", "passing", "passing", "passing", "passing", "passing", "passing", "passing", "passing", "passing", "passing", "passing", "passing", "passing", "passing", "passing", "Black took 51 function evals when instructed to use 51", "passing", "passing", "passing", "passing", "passing", "passing", "passing", "passing", "passing", "passing", "passing", "passing", "passing", "passing", "passing", "Black took 53 function evals when instructed to use 53", "passing", "passing", "passing", "passing", "passing", "not yet run", "passing", "passing", "not yet run"], "active": [true, true, true, true, true, true, true, true, true, true, true, true, true, true, true, true, true, true, true, true, true, true, true, true, true, true, true, true, true, true, true, true, true, true, true, true, true, true, true, true, true, true, true, true, true, true, true, true, true, true, true, true, true, true, true, true, true, true, true]}