{"name": ["shgo_slsqp_sobol_cube", "shgo_powell_sobol_cube", "shgo_nelder_sobol_cube", "scipy_slsqp_cube", "scipy_powell_cube", "scipy_nelder_cube", "scipy_lbfgsb_cube", "pysot_ei_cube", "pysot_lcb_cube", "pysot_random_cube", "pysot_srbf_cube", "pysot_dycors_cube", "ax_default_cube", "optuna_cmaes_cube", "optuna_tpe_cube", "optuna_random_cube", "optuna_random_cube_clone", "optuna_random_cube_clone_1", "optuna_random_cube_clone_2", "platypus_genetic_cube", "platypus_evolutionary_cube", "platypus_nsgaii_cube", "platypus_cmaes_cube", "platypus_gde3_cube", "platypus_ibea_cube", "platypus_moead_cube", "platypus_omopso_cube", "platypus_smpso_cube", "platypus_spea2_cube", "platypus_epsmoea_cube", "nevergrad_ngopt_cube", "nevergrad_ngopt4_cube", "nevergrad_ngopt8_cube", "nevergrad_de_cube", "nevergrad_portfolio_cube", "nevergrad_oneplus_cube", "nevergrad_hammersley_cube", "hyperopt_atpe_cube", "hyperopt_rand_cube", "hyperopt_tpe_cube", "pymoo_nelder_cube", "pymoo_nsga3_cube", "pymoo_unsga3_cube", "pymoo_pattern_cube", "pymoo_nsga2_cube", "skopt_gp_default_cube", "ultraopt_random_cube", "ultraopt_etpe_cube", "bayesopt_ucb_cube", "bayesopt_ei_cube", "bayesopt_poi_cube", "dlib_cube", "nlopt_direct_cube", "nlopt_ags_cube", "nlopt_esch_cube", "nlopt_isres_cube", "nlopt_crs2lm_cube", "nlopt_directr_cube", "nlopt_directo_cube", "ultraopt_forest_cube", "ultraopt_gbrt_cube", "dlib_default_cube", "dlib_default_cube", "nlopt_directl_cube", "bobyqa_default_cube", "bobyqa_noise_cube"], "count": [17, 9, 22, 22, 20, 13, 20, 19, 16, 16, 17, 18, 15, 24, 21, 21, 22, 28, 22, 15, 21, 11, 20, 16, 24, 18, 23, 20, 19, 21, 23, 22, 23, 18, 13, 18, 25, 21, 15, 16, 21, 17, 20, 16, 18, 26, 12, 17, 20, 20, 16, 19, 13, 7, 8, 12, 9, 14, 13, 11, 6, 9, 0, 4, 11, 7], "rating": [1659.4466148230513, 1638.2574511643327, 1575.725466718694, 1429.1683759318569, 1761.6694956053284, 1692.355081074436, 1556.2309027473464, 1681.0689372911922, 1553.8151532598029, 1393.3008328978458, 1785.5019086407967, 1799.9349763673429, 1734.83495513821, 1937.0932331439778, 1596.8418133777818, 1600, 1600, 1600, 1600, 1368.722265266256, 1434.3281559461545, 1455.5718842727754, 1569.9692257582958, 1483.0299749729581, 1265.0162776558075, 1730.3091436735815, 1609.9176170104545, 1580.834356969319, 1412.0326862892064, 1393.4512278155566, 1738.9837921085623, 1762.2447171253716, 1772.5681153636572, 1506.4560970703415, 1505.7677725097635, 1527.6557989150651, 1482.5760585503058, 1577.4213947115973, 1645.4079432478836, 1559.9609355898851, 1715.559577792601, 1800.4040638238298, 1710.3223372182442, 1787.503349403523, 1447.2497829832776, 1918.0081068904235, 1427.272776465084, 1691.8047368073571, 1589.4432707357948, 1663.772336857585, 1701.9538916421666, 1704.2555911165348, 1817.5406601730263, 1571.6978433360775, 1600.8136555382646, 1383.4019175812857, 1549.7928922251808, 1707.0790564281087, 1662.5947666177285, 1804.6724338659524, 1606.6615789073371, 1701.3931641067102, 1600, 1604.7802542798322, 1795.5663673782599, 1741.349873466183], "traceback": ["passing", "passing", "passing", "passing", "passing", "passing", "passing", "passing", "passing", "passing", "passing", "passing", "passing", "passing", "passing", "passing", "passing", "passing", "passing", "passing", "passing", "passing", "passing", "passing", "passing", "passing", "passing", "passing", "passing", "passing", "passing", "passing", "passing", "passing", "passing", "passing", "passing", "passing", "passing", "passing", "passing", "passing", "passing", "passing", "passing", "passing", "Black took 211 function evals when instructed to use 211", "passing", "passing", "passing", "passing", "passing", "passing", "passing", "passing", "passing", "passing", "passing", "passing", "passing", "passing", "passing", "not yet run", "passing", "passing", "passing"], "active": [true, true, true, true, true, true, true, true, true, true, true, true, true, true, true, true, true, true, true, true, true, true, true, true, true, true, true, true, true, true, true, true, true, true, true, true, true, true, true, true, true, true, true, true, true, true, true, true, true, true, true, true, true, true, true, true, true, true, true, true, true, true, true, true, true, true]}