{"name": ["shgo_slsqp_sobol_cube", "shgo_powell_sobol_cube", "shgo_nelder_sobol_cube", "scipy_slsqp_cube", "scipy_powell_cube", "scipy_nelder_cube", "scipy_lbfgsb_cube", "pysot_ei_cube", "pysot_lcb_cube", "pysot_random_cube", "pysot_srbf_cube", "pysot_dycors_cube", "ax_default_cube", "optuna_cmaes_cube", "optuna_tpe_cube", "optuna_random_cube", "optuna_random_cube_clone", "optuna_random_cube_clone_1", "optuna_random_cube_clone_2", "platypus_genetic_cube", "platypus_evolutionary_cube", "platypus_nsgaii_cube", "platypus_cmaes_cube", "platypus_gde3_cube", "platypus_ibea_cube", "platypus_moead_cube", "platypus_omopso_cube", "platypus_smpso_cube", "platypus_spea2_cube", "platypus_epsmoea_cube", "nevergrad_ngopt_cube", "nevergrad_ngopt4_cube", "nevergrad_ngopt8_cube", "nevergrad_de_cube", "nevergrad_portfolio_cube", "nevergrad_oneplus_cube", "nevergrad_hammersley_cube", "hyperopt_atpe_cube", "hyperopt_rand_cube", "hyperopt_tpe_cube", "pymoo_nelder_cube", "pymoo_nsga3_cube", "pymoo_unsga3_cube", "pymoo_pattern_cube", "pymoo_nsga2_cube", "skopt_gp_default_cube", "ultraopt_random_cube", "ultraopt_etpe_cube", "bayesopt_ucb_cube", "bayesopt_ei_cube", "bayesopt_poi_cube", "dlib_cube", "nlopt_direct_cube", "nlopt_ags_cube", "nlopt_esch_cube", "nlopt_isres_cube", "nlopt_crs2lm_cube", "nlopt_directr_cube", "nlopt_directo_cube"], "count": [4, 9, 7, 8, 7, 6, 9, 5, 4, 9, 6, 11, 6, 5, 7, 9, 12, 4, 8, 0, 0, 0, 0, 0, 0, 6, 0, 0, 0, 0, 4, 10, 3, 11, 7, 9, 10, 7, 10, 3, 13, 5, 2, 10, 0, 5, 9, 4, 3, 4, 6, 8, 2, 3, 0, 2, 1, 1, 0], "rating": [1658.8278073675895, 1633.71340709422, 1684.1102730145724, 1414.840605139752, 1607.3640309356147, 1601.9075107417073, 1656.1658773931754, 1629.3342167720054, 1629.975506205354, 1743.9594040275535, 1687.7722713430137, 1758.9564084430947, 1712.0332163101168, 1551.3799074587316, 1578.8810038508336, 1624.8203216774452, 1600, 1600, 1600, 1600, 1600, 1600, 1600, 1600, 1600, 1597.1482440949392, 1600, 1600, 1600, 1600, 1657.2326519727742, 1570.2739483828498, 1570.4476984918945, 1477.7942426532325, 1515.495283588632, 1533.9513563396067, 1657.6521569009838, 1683.8919550640792, 1651.189167573247, 1633.7203919341453, 1574.5149532836872, 1569.865989225961, 1541.0678229065154, 1837.1654400777743, 1600, 1626.0508625834598, 1423.695220065379, 1600.0738312921226, 1570.221188983051, 1624.0899699524466, 1603.9562705229175, 1731.1810315241398, 1570.9888675680104, 1577.5085580705584, 1600, 1597.066659712036, 1624.5139126769334, 1628.9795331417629, 1600], "traceback": ["passing", "passing", "passing", "passing", "passing", "passing", "passing", "passing", "passing", "passing", "passing", "passing", "passing", "passing", "passing", "passing", "passing", "passing", "passing", "passing", "passing", "passing", "passing", "passing", "passing", "passing", "passing", "passing", "passing", "passing", "passing", "passing", "passing", "passing", "passing", "passing", "passing", "passing", "passing", "passing", "passing", "passing", "passing", "passing", "passing", "passing", "passing", "passing", "passing", "passing", "passing", "passing", "passing", "passing", "not yet run", "passing", "passing", "passing", "passing"], "active": [true, true, true, true, true, true, true, true, true, true, true, true, true, true, true, true, true, true, true, true, true, true, true, true, true, true, true, true, true, true, true, true, true, true, true, true, true, true, true, true, true, true, true, true, true, true, true, true, true, true, true, true, true, true, true, true, true, true, true]}