{"name": ["shgo_slsqp_sobol_cube", "shgo_powell_sobol_cube", "shgo_nelder_sobol_cube", "scipy_slsqp_cube", "scipy_powell_cube", "scipy_nelder_cube", "scipy_lbfgsb_cube", "pysot_ei_cube", "pysot_lcb_cube", "pysot_random_cube", "pysot_srbf_cube", "pysot_dycors_cube", "ax_default_cube", "optuna_cmaes_cube", "optuna_tpe_cube", "optuna_random_cube", "optuna_random_cube_clone", "optuna_random_cube_clone_1", "optuna_random_cube_clone_2", "platypus_genetic_cube", "platypus_evolutionary_cube", "platypus_nsgaii_cube", "platypus_cmaes_cube", "platypus_gde3_cube", "platypus_ibea_cube", "platypus_moead_cube", "platypus_omopso_cube", "platypus_smpso_cube", "platypus_spea2_cube", "platypus_epsmoea_cube", "nevergrad_ngopt_cube", "nevergrad_ngopt4_cube", "nevergrad_ngopt8_cube", "nevergrad_de_cube", "nevergrad_portfolio_cube", "nevergrad_oneplus_cube", "nevergrad_hammersley_cube", "hyperopt_atpe_cube", "hyperopt_rand_cube", "hyperopt_tpe_cube", "pymoo_nelder_cube", "pymoo_nsga3_cube", "pymoo_unsga3_cube", "pymoo_pattern_cube", "pymoo_nsga2_cube", "skopt_gp_default_cube", "ultraopt_random_cube", "ultraopt_etpe_cube", "bayesopt_ucb_cube", "bayesopt_ei_cube", "bayesopt_poi_cube", "dlib_cube"], "count": [1, 2, 0, 1, 1, 1, 2, 1, 2, 4, 6, 8, 1, 3, 4, 7, 3, 4, 4, 4, 1, 4, 6, 7, 1, 5, 4, 3, 5, 2, 5, 4, 1, 4, 5, 0, 3, 5, 6, 5, 2, 2, 2, 3, 5, 1, 0, 3, 3, 6, 4, 4], "rating": [1630.0, 1543.1280480670046, 1600, 1627.932191501816, 1570.0, 1633.8793237787784, 1662.70865404755, 1570.0, 1657.966569656527, 1485.0912861661052, 1708.1806051324463, 1813.3679705461286, 1630.0, 1574.7800008106926, 1600.3087375408586, 1600, 1600, 1600, 1600, 1569.0000221053842, 1628.9999809351227, 1570.2006523178861, 1604.2625362974159, 1675.4550982548697, 1629.964226428673, 1522.755734257896, 1545.657015977143, 1544.0123859855137, 1625.0585464486378, 1535.4193384601194, 1679.0709936614187, 1634.2981348077994, 1630.0, 1598.7973445193202, 1461.8024201031617, 1600, 1571.1344763400823, 1514.0175761308897, 1575.89063746274, 1545.8363625668162, 1658.969040376764, 1599.9719595531283, 1599.858657025288, 1631.286693921916, 1573.0012875456741, 1627.1094686797974, 1600, 1630.66665264964, 1684.2211707878296, 1625.4631948325393, 1548.0549183829944, 1715.776266046184], "traceback": ["passing", "passing", "passing", "passing", "passing", "passing", "passing", "passing", "passing", "passing", "passing", "passing", "passing", "passing", "passing", "passing", "passing", "passing", "passing", "passing", "passing", "passing", "passing", "passing", "passing", "passing", "passing", "Traceback (most recent call last):\n  File \"/Users/petercotton/virtual-envs/optimizer-elo-ratings/lib/python3.7/site-packages/humpday/comparison/eloratings.py\", line 79, in optimizer_game\n    with_count=True)\n  File \"/Users/petercotton/virtual-envs/optimizer-elo-ratings/lib/python3.7/site-packages/humpday/optimizers/platypuscube.py\", line 99, in platypus_smpso_cube\n    method='smpso')\n  File \"/Users/petercotton/virtual-envs/optimizer-elo-ratings/lib/python3.7/site-packages/humpday/optimizers/platypuscube.py\", line 49, in platypus_cube\n    feasible_solution_obj = sorted([(s.objectives[0], s.variables) for s in algorithm.result if s.feasible],\nAttributeError: 'SMPSO' object has no attribute 'result'\n", "passing", "passing", "Black took 132 function evals when instructed to use 132", "passing", "passing", "passing", "passing", "not yet run", "passing", "passing", "passing", "passing", "passing", "passing", "passing", "passing", "passing", "passing", "passing", "passing", "passing", "passing", "passing", "passing"], "active": [true, true, true, true, true, true, true, true, true, true, true, true, true, true, true, true, true, true, true, true, true, true, true, true, true, true, true, true, true, true, true, true, true, true, true, true, true, true, true, true, true, true, true, true, true, true, true, true, true, true, true, true]}