{"name": ["shgo_slsqp_sobol_cube", "shgo_powell_sobol_cube", "shgo_nelder_sobol_cube", "scipy_slsqp_cube", "scipy_powell_cube", "scipy_nelder_cube", "scipy_lbfgsb_cube", "pysot_ei_cube", "pysot_lcb_cube", "pysot_random_cube", "pysot_srbf_cube", "pysot_dycors_cube", "ax_default_cube", "optuna_cmaes_cube", "optuna_tpe_cube", "optuna_random_cube", "optuna_random_cube_clone", "optuna_random_cube_clone_1", "optuna_random_cube_clone_2", "platypus_genetic_cube", "platypus_evolutionary_cube", "platypus_nsgaii_cube", "platypus_cmaes_cube", "platypus_gde3_cube", "platypus_ibea_cube", "platypus_moead_cube", "platypus_omopso_cube", "platypus_smpso_cube", "platypus_spea2_cube", "platypus_epsmoea_cube", "nevergrad_ngopt_cube", "nevergrad_ngopt4_cube", "nevergrad_ngopt8_cube", "nevergrad_de_cube", "nevergrad_portfolio_cube", "nevergrad_oneplus_cube", "nevergrad_hammersley_cube", "hyperopt_atpe_cube", "hyperopt_rand_cube", "hyperopt_tpe_cube", "pymoo_nelder_cube", "pymoo_nsga3_cube", "pymoo_unsga3_cube", "pymoo_pattern_cube", "pymoo_nsga2_cube", "skopt_gp_default_cube", "ultraopt_random_cube", "ultraopt_etpe_cube", "bayesopt_ucb_cube", "bayesopt_ei_cube", "bayesopt_poi_cube", "dlib_cube"], "count": [7, 6, 3, 6, 9, 7, 8, 3, 6, 5, 5, 10, 4, 8, 7, 6, 7, 8, 4, 7, 7, 10, 9, 6, 8, 9, 9, 10, 4, 3, 12, 9, 5, 7, 6, 4, 5, 7, 7, 7, 7, 6, 5, 9, 6, 4, 5, 6, 6, 6, 3, 9], "rating": [1756.3727914374083, 1711.948422240507, 1687.0344806410892, 1548.0942917945474, 1675.4875488286957, 1475.9144643434845, 1561.5738699917413, 1571.0935416168215, 1549.9400914683551, 1522.0844057961276, 1660.1996525977077, 1796.4353733975327, 1715.7685522800375, 1712.8250440883587, 1677.9921090670875, 1600, 1600, 1600, 1600, 1512.7652033428562, 1461.9122666688631, 1555.241457404187, 1511.4509244123676, 1589.5858681960638, 1597.0667859389182, 1542.4430266765141, 1519.053701895241, 1616.1873098957383, 1492.3584065793234, 1572.8045532554029, 1624.3299193989783, 1676.1659637531661, 1623.798091457405, 1518.7183408719852, 1551.5948753180176, 1655.2407279823835, 1510.6483893168243, 1618.3348967070265, 1628.9773098959865, 1517.7561743911374, 1470.714506498944, 1705.9468526378853, 1598.1436929960053, 1654.1239036905915, 1573.315698291467, 1663.9437568038934, 1513.960915412524, 1588.3912447167058, 1574.944377213349, 1598.2031708101392, 1627.163094893323, 1839.074257351218], "traceback": ["passing", "passing", "passing", "Black took 47 function evals when instructed to use 131", "passing", "passing", "passing", "passing", "passing", "passing", "passing", "passing", "passing", "passing", "passing", "passing", "passing", "passing", "passing", "passing", "passing", "passing", "passing", "passing", "passing", "passing", "passing", "passing", "passing", "passing", "passing", "passing", "passing", "passing", "passing", "passing", "passing", "passing", "passing", "passing", "passing", "passing", "passing", "passing", "passing", "passing", "passing", "passing", "passing", "passing", "passing", "passing"], "active": [true, true, true, true, true, true, true, true, true, true, true, true, true, true, true, true, true, true, true, true, true, true, true, true, true, true, true, true, true, true, true, true, true, true, true, true, true, true, true, true, true, true, true, true, true, true, true, true, true, true, true, true]}