{"name": ["shgo_slsqp_sobol_cube", "shgo_powell_sobol_cube", "shgo_nelder_sobol_cube", "scipy_slsqp_cube", "scipy_powell_cube", "scipy_nelder_cube", "scipy_lbfgsb_cube", "pysot_ei_cube", "pysot_lcb_cube", "pysot_random_cube", "pysot_srbf_cube", "pysot_dycors_cube", "ax_default_cube", "optuna_cmaes_cube", "optuna_tpe_cube", "optuna_random_cube", "optuna_random_cube_clone", "optuna_random_cube_clone_1", "optuna_random_cube_clone_2", "platypus_genetic_cube", "platypus_evolutionary_cube", "platypus_nsgaii_cube", "platypus_cmaes_cube", "platypus_gde3_cube", "platypus_ibea_cube", "platypus_moead_cube", "platypus_omopso_cube", "platypus_smpso_cube", "platypus_spea2_cube", "platypus_epsmoea_cube", "nevergrad_ngopt_cube", "nevergrad_ngopt4_cube", "nevergrad_ngopt8_cube", "nevergrad_de_cube", "nevergrad_portfolio_cube", "nevergrad_oneplus_cube", "nevergrad_hammersley_cube", "hyperopt_atpe_cube", "hyperopt_rand_cube", "hyperopt_tpe_cube", "pymoo_nelder_cube", "pymoo_nsga3_cube", "pymoo_unsga3_cube", "pymoo_pattern_cube", "pymoo_nsga2_cube", "skopt_gp_default_cube", "ultraopt_random_cube", "ultraopt_etpe_cube", "bayesopt_ucb_cube", "bayesopt_ei_cube", "bayesopt_poi_cube", "dlib_cube", "nlopt_direct_cube", "nlopt_ags_cube", "nlopt_esch_cube", "nlopt_isres_cube", "nlopt_crs2lm_cube", "nlopt_directr_cube", "nlopt_directo_cube"], "count": [3, 5, 2, 8, 8, 4, 5, 6, 3, 7, 7, 5, 4, 6, 9, 5, 10, 8, 12, 8, 7, 7, 8, 8, 8, 6, 12, 9, 11, 10, 11, 10, 6, 5, 7, 11, 10, 13, 9, 10, 11, 5, 5, 9, 6, 6, 8, 9, 2, 11, 9, 11, 2, 2, 0, 3, 4, 2, 0], "rating": [1681.4209021788315, 1746.531029992283, 1656.2456264759683, 1505.5904084315396, 1812.3282667301899, 1570.536335068849, 1519.6697023944469, 1674.0320224561954, 1630.6947532938557, 1505.4140617894416, 1654.9776352864412, 1684.7726358667512, 1608.37098116963, 1626.8711012741776, 1733.3366614286563, 1600, 1600, 1600, 1583.4403984976607, 1596.1997593164438, 1440.9022247238247, 1473.7366980235486, 1629.5151377329894, 1531.5443688283215, 1411.4904611937388, 1599.3239568623865, 1407.2716327924, 1533.8161222183228, 1525.92186539644, 1562.6120011957837, 1768.3228606935281, 1612.5626952365062, 1710.8684671132494, 1506.0335121263463, 1646.724257602425, 1646.9135541251374, 1495.9988670268112, 1560.8957110821223, 1496.468314338951, 1573.5546962224805, 1778.3096333662982, 1648.8660401733287, 1578.8458512865966, 1839.5043591445256, 1439.3667371325548, 1759.843412529518, 1586.739066158561, 1520.2569737221552, 1654.3250988712018, 1681.3902027952186, 1570.729192131574, 1706.8136008819852, 1604.128668597452, 1600.5453188942902, 1600, 1630.375117724663, 1653.1929753035542, 1656.4710718440538, 1600], "traceback": ["passing", "passing", "passing", "passing", "passing", "passing", "passing", "passing", "passing", "passing", "passing", "passing", "passing", "passing", "passing", "passing", "passing", "passing", "passing", "passing", "passing", "passing", "passing", "passing", "passing", "passing", "passing", "passing", "passing", "passing", "passing", "passing", "passing", "passing", "passing", "passing", "passing", "passing", "passing", "passing", "passing", "passing", "Black took 211 function evals when instructed to use 211", "Black took 218 function evals when instructed to use 211", "passing", "passing", "passing", "passing", "passing", "passing", "passing", "passing", "passing", "passing", "not yet run", "passing", "passing", "passing", "not yet run"], "active": [true, true, true, true, true, true, true, true, true, true, true, true, true, true, true, true, true, true, true, true, true, true, true, true, true, true, true, true, true, true, true, true, true, true, true, true, true, true, true, true, true, true, true, true, true, true, true, true, true, true, true, true, true, true, true, true, true, true, true]}