{"name": ["shgo_slsqp_sobol_cube", "shgo_powell_sobol_cube", "shgo_nelder_sobol_cube", "scipy_slsqp_cube", "scipy_powell_cube", "scipy_nelder_cube", "scipy_lbfgsb_cube", "pysot_ei_cube", "pysot_lcb_cube", "pysot_random_cube", "pysot_srbf_cube", "pysot_dycors_cube", "ax_default_cube", "optuna_cmaes_cube", "optuna_tpe_cube", "optuna_random_cube", "optuna_random_cube_clone", "optuna_random_cube_clone_1", "optuna_random_cube_clone_2", "platypus_genetic_cube", "platypus_evolutionary_cube", "platypus_nsgaii_cube", "platypus_cmaes_cube", "platypus_gde3_cube", "platypus_ibea_cube", "platypus_moead_cube", "platypus_omopso_cube", "platypus_smpso_cube", "platypus_spea2_cube", "platypus_epsmoea_cube", "nevergrad_ngopt_cube", "nevergrad_ngopt4_cube", "nevergrad_ngopt8_cube", "nevergrad_de_cube", "nevergrad_portfolio_cube", "nevergrad_oneplus_cube", "nevergrad_hammersley_cube", "hyperopt_atpe_cube", "hyperopt_rand_cube", "hyperopt_tpe_cube", "pymoo_nelder_cube", "pymoo_nsga3_cube", "pymoo_unsga3_cube", "pymoo_pattern_cube", "pymoo_nsga2_cube", "skopt_gp_default_cube", "ultraopt_random_cube", "ultraopt_etpe_cube", "bayesopt_ucb_cube", "bayesopt_ei_cube", "bayesopt_poi_cube", "dlib_cube"], "count": [4, 4, 4, 2, 3, 3, 1, 8, 4, 2, 1, 2, 1, 6, 1, 4, 2, 1, 3, 2, 1, 0, 6, 3, 4, 2, 4, 2, 1, 0, 3, 1, 7, 3, 2, 3, 3, 3, 5, 6, 2, 9, 5, 4, 2, 5, 3, 4, 0, 0, 2, 3], "rating": [1628.9399999125492, 1686.7411015081925, 1657.0068733440337, 1603.0691818094156, 1685.972966868364, 1508.9701309554848, 1570.0333476576584, 1524.9311097229493, 1569.2355257783836, 1662.552715814845, 1600.035773571327, 1660.0931268774902, 1629.9987644246198, 1582.370697927274, 1568.9642485340573, 1600, 1600, 1600, 1600, 1542.0369620546921, 1568.9642485340573, 1600, 1513.3234801411995, 1509.4008798782138, 1540.0012382255197, 1601.0357514659427, 1485.999502891854, 1598.0709264623945, 1571.964775415987, 1600, 1627.3545627059639, 1630.0, 1741.337353250531, 1603.9564328801637, 1658.998788004539, 1628.8975911983357, 1569.0367838555737, 1597.0732976671818, 1568.1644755382874, 1497.481966767227, 1598.998908679082, 1671.5351320534282, 1602.6031810506802, 1663.674264927692, 1543.066921454247, 1712.411180523003, 1630.9321663203789, 1682.9461542811787, 1600, 1600, 1657.9285794176637, 1680.2985372031749], "traceback": ["passing", "passing", "passing", "passing", "passing", "passing", "passing", "passing", "passing", "passing", "passing", "passing", "passing", "passing", "Black took 341 function evals when instructed to use 341", "passing", "passing", "passing", "passing", "passing", "passing", "not yet run", "passing", "passing", "passing", "passing", "passing", "passing", "passing", "not yet run", "Black took 357 function evals when instructed to use 357", "passing", "passing", "passing", "passing", "passing", "passing", "passing", "passing", "passing", "passing", "passing", "passing", "passing", "passing", "passing", "passing", "passing", "not yet run", "not yet run", "passing", "passing"], "active": [true, true, true, true, true, true, true, true, true, true, true, true, true, true, true, true, true, true, true, true, true, true, true, true, true, true, true, true, true, true, true, true, true, true, true, true, true, true, true, true, true, true, true, true, true, true, true, true, true, true, true, true]}