{"name": ["shgo_slsqp_sobol_cube", "shgo_powell_sobol_cube", "shgo_nelder_sobol_cube", "scipy_slsqp_cube", "scipy_powell_cube", "scipy_nelder_cube", "scipy_lbfgsb_cube", "pysot_ei_cube", "pysot_lcb_cube", "pysot_random_cube", "pysot_srbf_cube", "pysot_dycors_cube", "ax_default_cube", "optuna_cmaes_cube", "optuna_tpe_cube", "optuna_random_cube", "optuna_random_cube_clone", "optuna_random_cube_clone_1", "optuna_random_cube_clone_2", "platypus_genetic_cube", "platypus_evolutionary_cube", "platypus_nsgaii_cube", "platypus_cmaes_cube", "platypus_gde3_cube", "platypus_ibea_cube", "platypus_moead_cube", "platypus_omopso_cube", "platypus_smpso_cube", "platypus_spea2_cube", "platypus_epsmoea_cube", "nevergrad_ngopt_cube", "nevergrad_ngopt4_cube", "nevergrad_ngopt8_cube", "nevergrad_de_cube", "nevergrad_portfolio_cube", "nevergrad_oneplus_cube", "nevergrad_hammersley_cube", "hyperopt_atpe_cube", "hyperopt_rand_cube", "hyperopt_tpe_cube", "pymoo_nelder_cube", "pymoo_nsga3_cube", "pymoo_unsga3_cube", "pymoo_pattern_cube", "pymoo_nsga2_cube", "skopt_gp_default_cube", "ultraopt_random_cube", "ultraopt_etpe_cube", "bayesopt_ucb_cube", "bayesopt_ei_cube", "bayesopt_poi_cube", "dlib_cube", "nlopt_direct_cube", "nlopt_ags_cube", "nlopt_esch_cube", "nlopt_isres_cube", "nlopt_crs2lm_cube", "nlopt_directr_cube", "nlopt_directo_cube", "ultraopt_forest_cube", "ultraopt_gbrt_cube", "dlib_default_cube", "dlib_default_cube"], "count": [2, 0, 1, 3, 0, 7, 6, 5, 8, 5, 8, 6, 3, 14, 2, 6, 7, 10, 7, 0, 0, 0, 0, 0, 0, 5, 0, 0, 0, 0, 9, 7, 9, 8, 7, 4, 12, 8, 5, 10, 7, 8, 3, 8, 0, 8, 8, 11, 9, 7, 5, 6, 5, 4, 2, 3, 1, 3, 2, 1, 1, 0, 0], "rating": [1599.9344646699753, 1600, 1632.0346178105856, 1629.1376169040625, 1600, 1405.0491134181982, 1585.1921085324216, 1680.6708670361468, 1521.9262841781283, 1602.2655622242612, 1647.706683255574, 1703.5664118416917, 1628.18702847035, 1596.9213699150323, 1540.1281608139466, 1600, 1600, 1600, 1600, 1600, 1600, 1600, 1600, 1600, 1600, 1488.180718707285, 1600, 1600, 1600, 1600, 1740.0324055259366, 1686.4376241355328, 1749.6698381493225, 1468.1118888375959, 1576.241876252503, 1603.0034784540767, 1576.748093357291, 1613.28956494325, 1681.8417981735965, 1595.2824671542892, 1521.3826058966397, 1555.8619428706108, 1577.7975010746623, 1487.8876885391744, 1600, 1675.8795634450237, 1535.7056068546087, 1515.5370189820849, 1653.6944347795525, 1530.69822341086, 1574.9055072409944, 1705.9675964555638, 1559.5205659376038, 1564.4216142895123, 1652.9777256229515, 1633.662674115836, 1629.4942694048189, 1679.3884749367244, 1597.9379593807555, 1629.8004397603454, 1627.0825464453878, 1600, 1600], "traceback": ["Traceback (most recent call last):\n  File \"/Users/petercotton/virtual-envs/optimizer-elo-ratings/lib/python3.7/site-packages/humpday/comparison/eloratings.py\", line 79, in optimizer_game\n    with_count=True)\n  File \"/Users/petercotton/virtual-envs/optimizer-elo-ratings/lib/python3.7/site-packages/humpday/optimizers/shgocube.py\", line 15, in shgo_slsqp_sobol_cube\n    local_method='slsqp', sampling_method='sobol')\n  File \"/Users/petercotton/virtual-envs/optimizer-elo-ratings/lib/python3.7/site-packages/humpday/optimizers/shgocube.py\", line 77, in shgo_cube\n    sampling_method=sampling_method)\n  File \"/Users/petercotton/virtual-envs/optimizer-elo-ratings/lib/python3.7/site-packages/scipy/optimize/_shgo.py\", line 421, in shgo\n    shc.construct_complex()\n  File \"/Users/petercotton/virtual-envs/optimizer-elo-ratings/lib/python3.7/site-packages/scipy/optimize/_shgo.py\", line 733, in construct_complex\n    self.find_minima()\n  File \"/Users/petercotton/virtual-envs/optimizer-elo-ratings/lib/python3.7/site-packages/scipy/optimize/_shgo.py\", line 742, in find_minima\n    self.minimizers()\n  File \"/Users/petercotton/virtual-envs/optimizer-elo-ratings/lib/python3.7/site-packages/scipy/optimize/_shgo.py\", line 1261, in delaunay_complex_minimisers\n    self.delaunay_triangulation(grow=True, n_prc=self.n_prc)\n  File \"/Users/petercotton/virtual-envs/optimizer-elo-ratings/lib/python3.7/site-packages/scipy/optimize/_shgo.py\", line 1538, in delaunay_triangulation\n    self.Tri = spatial.Delaunay(self.C, incremental=True)\n  File \"qhull.pyx\", line 1840, in scipy.spatial.qhull.Delaunay.__init__\n  File \"qhull.pyx\", line 356, in scipy.spatial.qhull._Qhull.__init__\nscipy.spatial.qhull.QhullError: QH6239 Qhull precision error: initial Delaunay input sites are cocircular or cospherical.  Use option 'Qz' for the Delaunay triangulation or Voronoi diagram of cocircular/cospherical points; it adds a point \"at infinity\".  Alternatively use option 'QJ' to joggle the input.  Use option 'Qs' to search all points for the initial simplex.\n\ninput sites with last coordinate projected to a paraboloid\n- p1(v10):   0.5   0.5   0.5   0.5   0.5   0.5   0.5   0.5     2\n- p3(v9):  0.25  0.75  0.25  0.75  0.25  0.75  0.25  0.75   2.5\n- p2(v8):  0.75  0.25  0.75  0.25  0.75  0.25  0.75  0.25   2.5\n- p8(v7):  0.19  0.31  0.31  0.69  0.56  0.19 0.062  0.94   1.9\n- p4(v6):  0.38  0.38  0.62  0.12  0.88  0.88  0.12  0.62   2.6\n- p9(v5):  0.69  0.81  0.81  0.19 0.062  0.69  0.56  0.44   2.8\n- p6(v4):  0.62  0.12  0.38  0.38  0.12  0.62  0.88  0.88   2.6\n- p7(v3):  0.12  0.62  0.88  0.88  0.62  0.12  0.38  0.38   2.6\n- p5(v2):  0.88  0.88  0.12  0.62  0.38  0.38  0.62  0.12   2.6\n- p0(v1):     0     0     0     0     0     0     0     0     0\n\nWhile executing:  | qhull d Qt Qc Q11 Qx\nOptions selected for Qhull 2019.1.r 2019/06/21:\n  run-id 834181704  delaunay  Qtriangulate  Qcoplanar-keep\n  Q11-trinormals Qtriangulate  Qxact-merge  _zero-centrum  Qinterior-keep\n  Q3-no-merge-vertices-dim-high  Pgood  _max-width 2.8  Error-roundoff 1.8e-14\n  _one-merge 3.4e-13  Visible-distance 1.1e-13  U-max-coplanar 1.1e-13\n  Width-outside 2.1e-13  _wide-facet 6.4e-13  _maxoutside 3.5e-13\n\n", "Traceback (most recent call last):\n  File \"/Users/petercotton/virtual-envs/optimizer-elo-ratings/lib/python3.7/site-packages/humpday/comparison/eloratings.py\", line 43, in optimizer_game\n    with_count=True)\n  File \"/Users/petercotton/virtual-envs/optimizer-elo-ratings/lib/python3.7/site-packages/humpday/optimizers/shgocube.py\", line 25, in shgo_powell_sobol_cube\n    local_method='powell', sampling_method='sobol')\n  File \"/Users/petercotton/virtual-envs/optimizer-elo-ratings/lib/python3.7/site-packages/humpday/optimizers/shgocube.py\", line 77, in shgo_cube\n    sampling_method=sampling_method)\n  File \"/Users/petercotton/virtual-envs/optimizer-elo-ratings/lib/python3.7/site-packages/scipy/optimize/_shgo.py\", line 421, in shgo\n    shc.construct_complex()\n  File \"/Users/petercotton/virtual-envs/optimizer-elo-ratings/lib/python3.7/site-packages/scipy/optimize/_shgo.py\", line 733, in construct_complex\n    self.find_minima()\n  File \"/Users/petercotton/virtual-envs/optimizer-elo-ratings/lib/python3.7/site-packages/scipy/optimize/_shgo.py\", line 742, in find_minima\n    self.minimizers()\n  File \"/Users/petercotton/virtual-envs/optimizer-elo-ratings/lib/python3.7/site-packages/scipy/optimize/_shgo.py\", line 1261, in delaunay_complex_minimisers\n    self.delaunay_triangulation(grow=True, n_prc=self.n_prc)\n  File \"/Users/petercotton/virtual-envs/optimizer-elo-ratings/lib/python3.7/site-packages/scipy/optimize/_shgo.py\", line 1538, in delaunay_triangulation\n    self.Tri = spatial.Delaunay(self.C, incremental=True)\n  File \"qhull.pyx\", line 1840, in scipy.spatial.qhull.Delaunay.__init__\n  File \"qhull.pyx\", line 356, in scipy.spatial.qhull._Qhull.__init__\nscipy.spatial.qhull.QhullError: QH6239 Qhull precision error: initial Delaunay input sites are cocircular or cospherical.  Use option 'Qz' for the Delaunay triangulation or Voronoi diagram of cocircular/cospherical points; it adds a point \"at infinity\".  Alternatively use option 'QJ' to joggle the input.  Use option 'Qs' to search all points for the initial simplex.\n\ninput sites with last coordinate 