{"name": ["shgo_slsqp_sobol_cube", "shgo_powell_sobol_cube", "shgo_nelder_sobol_cube", "scipy_slsqp_cube", "scipy_powell_cube", "scipy_nelder_cube", "scipy_lbfgsb_cube", "pysot_ei_cube", "pysot_lcb_cube", "pysot_random_cube", "pysot_srbf_cube", "pysot_dycors_cube", "ax_default_cube", "optuna_cmaes_cube", "optuna_tpe_cube", "optuna_random_cube", "optuna_random_cube_clone", "optuna_random_cube_clone_1", "optuna_random_cube_clone_2", "platypus_genetic_cube", "platypus_evolutionary_cube", "platypus_nsgaii_cube", "platypus_cmaes_cube", "platypus_gde3_cube", "platypus_ibea_cube", "platypus_moead_cube", "platypus_omopso_cube", "platypus_smpso_cube", "platypus_spea2_cube", "platypus_epsmoea_cube", "nevergrad_ngopt_cube", "nevergrad_ngopt4_cube", "nevergrad_ngopt8_cube", "nevergrad_de_cube", "nevergrad_portfolio_cube", "nevergrad_oneplus_cube", "nevergrad_hammersley_cube", "hyperopt_atpe_cube", "hyperopt_rand_cube", "hyperopt_tpe_cube", "pymoo_nelder_cube", "pymoo_nsga3_cube", "pymoo_unsga3_cube", "pymoo_pattern_cube", "pymoo_nsga2_cube", "skopt_gp_default_cube", "ultraopt_random_cube", "ultraopt_etpe_cube", "bayesopt_ucb_cube", "bayesopt_ei_cube", "bayesopt_poi_cube", "dlib_cube", "nlopt_direct_cube", "nlopt_ags_cube", "nlopt_esch_cube", "nlopt_isres_cube", "nlopt_crs2lm_cube", "nlopt_directr_cube", "nlopt_directo_cube", "ultraopt_forest_cube", "ultraopt_gbrt_cube", "dlib_default_cube", "dlib_default_cube", "nlopt_directl_cube", "bobyqa_default_cube", "bobyqa_noise_cube"], "count": [3, 1, 4, 3, 0, 13, 3, 5, 11, 6, 7, 10, 12, 9, 6, 13, 16, 15, 13, 0, 0, 0, 0, 0, 0, 13, 0, 0, 0, 0, 10, 15, 13, 7, 8, 12, 10, 8, 15, 7, 10, 13, 12, 9, 0, 10, 10, 13, 15, 8, 10, 16, 5, 9, 2, 10, 12, 8, 4, 7, 4, 2, 0, 5, 5, 5], "rating": [1689.5167321041354, 1599.9736098966166, 1651.063293093885, 1523.8771186165739, 1600, 1390.625346924049, 1546.6602745221292, 1594.69199555986, 1598.7699050193723, 1522.613422426595, 1677.612261974689, 1642.549133705749, 1769.311380401004, 1666.4841443269206, 1499.5574265464022, 1600, 1600, 1600, 1600, 1600, 1600, 1600, 1600, 1600, 1600, 1400.7904970932384, 1600, 1600, 1600, 1600, 1754.8886561220095, 1805.9518092765315, 1784.0791912076352, 1438.5232045759844, 1485.362150313022, 1522.6172379199058, 1542.0068329731369, 1649.0867535382001, 1664.2946030384674, 1586.4457140784314, 1482.4140444379761, 1527.0154548403805, 1509.5792590533433, 1535.359171391531, 1600, 1563.9551180027627, 1509.6364832621027, 1383.0748140474045, 1622.513885640785, 1641.1285128636994, 1701.6747823998023, 1879.4199209773333, 1638.1620194264024, 1430.097548269153, 1597.8236718241567, 1604.4820660384005, 1642.7638387954619, 1650.415050320522, 1654.8598407630677, 1739.3999565272552, 1628.2467172166125, 1596.6542794536279, 1600, 1691.680502416393, 1727.8513251651157, 1689.1728904810707], "traceback": ["passing", "passing", "passing", "passing", "passing", "passing", "passing", "passing", "passing", "passing", "passing", "passing", "passing", "passing", "passing", "passing", "passing", "passing", "passing", "passing", "passing", "passing", "passing", "passing", "passing", "passing", "passing", "passing", "passing", "passing", "passing", "passing", "passing", "passing", "passing", "passing", "passing", "passing", "passing", "passing", "passing", "passing", "passing", "passing", "passing", "passing", "passing", "passing", "passing", "passing", "passing", "passing", "passing", "passing", "passing", "passing", "passing", "passing", "passing", "passing", "passing", "passing", "not yet run", "passing", "passing", "passing"], "active": [true, true, true, true, true, true, true, true, true, true, true, true, true, true, true, true, true, true, true, true, true, true, true, true, true, true, true, true, true, true, true, true, true, true, true, true, true, true, true, true, true, true, true, true, true, true, true, true, true, true, true, true, true, true, true, true, true, true, true, true, true, true, true, true, true, true]}