{"name": ["shgo_slsqp_sobol_cube", "shgo_powell_sobol_cube", "shgo_nelder_sobol_cube", "scipy_slsqp_cube", "scipy_powell_cube", "scipy_nelder_cube", "scipy_lbfgsb_cube", "pysot_ei_cube", "pysot_lcb_cube", "pysot_random_cube", "pysot_srbf_cube", "pysot_dycors_cube", "ax_default_cube", "optuna_cmaes_cube", "optuna_tpe_cube", "optuna_random_cube", "optuna_random_cube_clone", "optuna_random_cube_clone_1", "optuna_random_cube_clone_2", "platypus_genetic_cube", "platypus_evolutionary_cube", "platypus_nsgaii_cube", "platypus_cmaes_cube", "platypus_gde3_cube", "platypus_ibea_cube", "platypus_moead_cube", "platypus_omopso_cube", "platypus_smpso_cube", "platypus_spea2_cube", "platypus_epsmoea_cube", "nevergrad_ngopt_cube", "nevergrad_ngopt4_cube", "nevergrad_ngopt8_cube", "nevergrad_de_cube", "nevergrad_portfolio_cube", "nevergrad_oneplus_cube", "nevergrad_hammersley_cube", "hyperopt_atpe_cube", "hyperopt_rand_cube", "hyperopt_tpe_cube", "pymoo_nelder_cube", "pymoo_nsga3_cube", "pymoo_unsga3_cube", "pymoo_pattern_cube", "pymoo_nsga2_cube", "skopt_gp_default_cube", "ultraopt_random_cube", "ultraopt_etpe_cube", "bayesopt_ucb_cube", "bayesopt_ei_cube", "bayesopt_poi_cube", "dlib_cube"], "count": [3, 5, 5, 5, 5, 5, 5, 6, 5, 4, 3, 8, 2, 4, 3, 5, 8, 9, 6, 4, 10, 4, 8, 4, 8, 3, 4, 3, 4, 7, 2, 8, 5, 6, 5, 5, 10, 6, 1, 5, 4, 6, 6, 4, 2, 4, 8, 5, 7, 4, 3, 7], "rating": [1686.9027910975517, 1741.3086842313926, 1684.211794720146, 1575.4181845563419, 1689.6037239926059, 1503.492902123367, 1630.1937894624152, 1595.2134249232074, 1685.847515916378, 1482.238536131436, 1686.0635588158875, 1612.102547407772, 1543.0044374543322, 1684.8703835154479, 1631.9315289832437, 1600, 1569.9632848765764, 1600, 1600, 1541.304370063478, 1444.6481945021048, 1593.885333340319, 1498.7797404196021, 1596.9642132450824, 1543.9169292416136, 1631.0357514659427, 1541.061768502507, 1630.9999778946158, 1540.2111521582688, 1636.444252110118, 1597.96422946918, 1753.3824610711442, 1624.2022252294053, 1528.97472094424, 1573.6912393066598, 1628.9737028923519, 1580.5678654022681, 1597.5534634404278, 1630.0, 1653.4731243133617, 1657.1355771047665, 1655.0029409801675, 1659.615685277907, 1661.6993616963048, 1539.3997716129243, 1632.1199443118321, 1529.543441495616, 1627.0761045689267, 1455.9440003703219, 1713.1717628054328, 1514.1862460535742, 1662.6683550596981], "traceback": ["passing", "passing", "passing", "passing", "passing", "passing", "passing", "passing", "passing", "passing", "passing", "passing", "passing", "passing", "passing", "passing", "passing", "passing", "passing", "passing", "passing", "passing", "passing", "passing", "passing", "passing", "passing", "passing", "passing", "passing", "passing", "passing", "passing", "passing", "passing", "passing", "passing", "passing", "passing", "passing", "passing", "passing", "passing", "passing", "passing", "passing", "passing", "passing", "passing", "passing", "passing", "passing"], "active": [true, true, true, true, true, true, true, true, true, true, true, true, true, true, true, true, true, true, true, true, true, true, true, true, true, true, true, true, true, true, true, true, true, true, true, true, true, true, true, true, true, true, true, true, true, true, true, true, true, true, true, true]}