{"name": ["shgo_slsqp_sobol_cube", "shgo_powell_sobol_cube", "shgo_nelder_sobol_cube", "scipy_slsqp_cube", "scipy_powell_cube", "scipy_nelder_cube", "scipy_lbfgsb_cube", "pysot_ei_cube", "pysot_lcb_cube", "pysot_random_cube", "pysot_srbf_cube", "pysot_dycors_cube", "ax_default_cube", "optuna_cmaes_cube", "optuna_tpe_cube", "optuna_random_cube", "optuna_random_cube_clone", "optuna_random_cube_clone_1", "optuna_random_cube_clone_2", "platypus_genetic_cube", "platypus_evolutionary_cube", "platypus_nsgaii_cube", "platypus_cmaes_cube", "platypus_gde3_cube", "platypus_ibea_cube", "platypus_moead_cube", "platypus_omopso_cube", "platypus_smpso_cube", "platypus_spea2_cube", "platypus_epsmoea_cube", "nevergrad_ngopt_cube", "nevergrad_ngopt4_cube", "nevergrad_de_cube", "nevergrad_portfolio_cube", "nevergrad_oneplus_cube", "nevergrad_hammersley_cube", "nevergrad_ngopt8_cube", "hyperopt_tpe_cube", "hyperopt_atpe_cube", "hyperopt_rand_cube", "pymoo_nelder_cube", "pymoo_nsga3_cube", "pymoo_unsga3_cube", "pymoo_pattern_cube", "pymoo_nsga2_cube", "pymoo_unsga3_cube", "skopt_gp_default_cube", "ultraopt_random_cube", "ultraopt_forest_cube", "ultraopt_gbrt_cube", "ultraopt_etpe_cube", "bayesopt_ucb_cube", "bayesopt_ei_cube", "bayesopt_poi_cube", "dlib_cube", "dlib_default_cube", "nlopt_direct_cube", "nlopt_ags_cube", "nlopt_esch_cube", "nlopt_isres_cube", "nlopt_crs2lm_cube", "nlopt_directr_cube", "nlopt_directo_cube", "nlopt_directl_cube", "bobyqa_default_cube", "bobyqa_noise_cube"], "count": [0, 0, 0, 14, 0, 38, 3, 0, 0, 0, 0, 0, 0, 0, 26, 25, 16, 26, 23, 22, 20, 21, 0, 20, 23, 25, 20, 24, 28, 19, 34, 28, 14, 12, 14, 26, 26, 22, 28, 15, 0, 24, 51, 0, 21, 0, 0, 21, 19, 0, 23, 0, 0, 0, 19, 21, 17, 0, 22, 21, 18, 21, 9, 28, 21, 34], "rating": [1600, 1600, 1600, 1488.943624337095, 1600, 1334.4338525607454, 1599.8734431713635, 1600, 1600, 1600, 1600, 1600, 1600, 1600, 1744.539095846671, 1600, 1600, 1600, 1600, 1397.5618245809244, 1453.015324119543, 1526.4393709845053, 1600, 1495.221259131334, 1556.3421381699184, 1407.5662946593125, 1531.8699698342764, 1479.9435684318512, 1505.0937448969146, 1493.3349955791573, 1768.8846161062495, 1845.9279109217969, 1576.0967766724384, 1588.6636515061791, 1817.5374230994887, 1520.3645633487201, 1873.6192442050067, 1657.7074654446892, 1692.3798436906497, 1653.3745958225622, 1600, 1484.5112583585292, 1414.5417216621881, 1600, 1363.5010640702344, 1600, 1600, 1475.607679878041, 1698.8063599369948, 1600, 1576.8010228692738, 1600, 1600, 1600, 1890.8472854698675, 1860.9010080478445, 1639.7590638803626, 1600, 1574.6459561119502, 1695.607240245395, 1635.5230348945652, 1843.1287764942754, 1492.275738727561, 1706.81402270592, 1795.0856038508127, 1926.0520332251906], "traceback": ["not yet run", "not yet run", "not yet run", "passing", "passing", "passing", "passing", "not yet run", "not yet run", "not yet run", "not yet run", "not yet run", "not yet run", "not yet run", "passing", "passing", "passing", "passing", "passing", "passing", "passing", "passing", "not yet run", "passing", "passing", "passing", "passing", "passing", "passing", "passing", "passing", "passing", "passing", "passing", "passing", "passing", "passing", "passing", "passing", "passing", "passing", "passing", "passing", "passing", "passing", "not yet run", "not yet run", "passing", "passing", "not yet run", "passing", "not yet run", "not yet run", "not yet run", "passing", "passing", "passing", "passing", "passing", "passing", "passing", "passing", "passing", "passing", "passing", "passing"], "active": [true, true, true, true, true, true, true, true, true, true, true, true, true, true, true, true, true, true, true, true, true, true, true, true, true, true, true, true, true, true, true, true, true, true, true, true, true, true, true, true, true, true, true, true, true, true, true, true, true, true, true, true, true, true, true, true, true, true, true, true, true, true, true, true, true, true]}