{"name": ["shgo_slsqp_sobol_cube", "shgo_powell_sobol_cube", "shgo_nelder_sobol_cube", "scipy_slsqp_cube", "scipy_powell_cube", "scipy_nelder_cube", "scipy_lbfgsb_cube", "pysot_ei_cube", "pysot_lcb_cube", "pysot_random_cube", "pysot_srbf_cube", "pysot_dycors_cube", "ax_default_cube", "optuna_cmaes_cube", "optuna_tpe_cube", "optuna_random_cube", "optuna_random_cube_clone", "optuna_random_cube_clone_1", "optuna_random_cube_clone_2", "platypus_genetic_cube", "platypus_evolutionary_cube", "platypus_nsgaii_cube", "platypus_cmaes_cube", "platypus_gde3_cube", "platypus_ibea_cube", "platypus_moead_cube", "platypus_omopso_cube", "platypus_smpso_cube", "platypus_spea2_cube", "platypus_epsmoea_cube", "nevergrad_ngopt_cube", "nevergrad_ngopt4_cube", "nevergrad_ngopt8_cube", "nevergrad_de_cube", "nevergrad_portfolio_cube", "nevergrad_oneplus_cube", "nevergrad_hammersley_cube", "hyperopt_atpe_cube", "hyperopt_rand_cube", "hyperopt_tpe_cube", "pymoo_nelder_cube", "pymoo_nsga3_cube", "pymoo_unsga3_cube", "pymoo_pattern_cube", "pymoo_nsga2_cube", "skopt_gp_default_cube", "ultraopt_random_cube", "ultraopt_etpe_cube", "bayesopt_ucb_cube", "bayesopt_ei_cube", "bayesopt_poi_cube", "dlib_cube", "nlopt_direct_cube", "nlopt_ags_cube", "nlopt_esch_cube", "nlopt_isres_cube", "nlopt_crs2lm_cube", "nlopt_directr_cube", "nlopt_directo_cube", "ultraopt_forest_cube", "ultraopt_gbrt_cube", "dlib_default_cube", "dlib_default_cube", "nlopt_directl_cube", "bobyqa_default_cube", "bobyqa_noise_cube"], "count": [14, 10, 14, 14, 15, 20, 18, 22, 21, 13, 13, 25, 7, 15, 15, 23, 21, 23, 13, 20, 29, 19, 22, 14, 23, 14, 22, 24, 24, 22, 19, 24, 14, 18, 18, 12, 28, 19, 19, 19, 13, 14, 29, 21, 15, 16, 17, 22, 25, 14, 8, 18, 13, 13, 12, 7, 9, 9, 6, 10, 8, 9, 0, 8, 8, 5], "rating": [1770.8760851702925, 1786.652789063332, 1693.2136166085477, 1549.6096336781914, 1738.2460581745177, 1346.908379808587, 1748.2120198157927, 1599.395540818642, 1660.431285962825, 1379.1478210631196, 1880.9181602122605, 1788.6609825532983, 1578.3345822460149, 1796.2097017655983, 1739.2686159040568, 1600, 1600, 1600, 1600, 1367.251799017868, 1366.4678736011147, 1372.4634667913256, 1498.90823204222, 1545.8209773060757, 1543.3624083157472, 1532.5604624417674, 1496.8295826930087, 1511.788359622059, 1310.0786244760827, 1528.8270129308137, 1686.8708994098956, 1857.6502983005785, 1728.5420443853825, 1519.2879040559662, 1398.811526014441, 1584.737839905069, 1427.416557353713, 1557.5956535606635, 1626.9426967609902, 1823.2497517730296, 1797.5553906976777, 1728.5512664011947, 1762.227190902538, 1853.0804408409733, 1379.1234850296255, 1714.163096686199, 1411.445940144339, 1587.7317576333364, 1590.761753243707, 1702.355060250011, 1564.3400618974151, 1778.749377378776, 1697.0487886714407, 1543.6134300416595, 1678.4075292851703, 1592.5463015381617, 1552.5275747134042, 1703.4682303397483, 1591.4329521227412, 1676.9537936473482, 1589.532570573675, 1754.7723733529235, 1600, 1806.8809121045447, 1719.7430704610754, 1658.3805356694766], "traceback": ["passing", "passing", "passing", "passing", "passing", "passing", "passing", "Black took 348 function evals when instructed to use 348", "passing", "passing", "passing", "passing", "passing", "passing", "passing", "passing", "passing", "passing", "passing", "passing", "passing", "passing", "passing", "passing", "passing", "passing", "passing", "passing", "passing", "passing", "passing", "passing", "passing", "passing", "passing", "passing", "passing", "passing", "passing", "passing", "passing", "passing", "passing", "passing", "passing", "passing", "passing", "passing", "passing", "passing", "passing", "passing", "passing", "passing", "passing", "passing", "passing", "passing", "passing", "passing", "passing", "passing", "not yet run", "passing", "passing", "passing"], "active": [true, true, true, true, true, true, true, true, true, true, true, true, true, true, true, true, true, true, true, true, true, true, true, true, true, true, true, true, true, true, true, true, true, true, true, true, true, true, true, true, true, true, true, true, true, true, true, true, true, true, true, true, true, true, true, true, true, true, true, true, true, true, true, true, true, true]}