{"name": ["shgo_slqsp_sobol_cube", "shgo_powell_sobol_cube", "shgo_nelder_sobol_cube", "shgo_dogleg_sobol_cube", "scipy_slqsp_cube", "scipy_powell_cube", "scipy_nelder_cube", "scipy_dogleg_cube", "pysot_ei_cube", "pysot_lcb_cube", "pysot_random_cube", "pysot_srbf_cube", "pysot_dycors_cube", "ax_default_cube", "optuna_cmaes_cube", "optuna_tpe_cube", "optuna_random_cube", "platypus_genetic_cube", "platypus_evolutionary_cube", "platypus_nsgaii_cube", "platypus_nsgaii_cube", "platypus_cmaes_cube", "platypus_gde3_cube", "platypus_ibea_cube", "platypus_moead_cube", "platypus_omopso_cube", "platypus_smpso_cube", "platypus_spea2_cube", "platypus_epsmoea_cube", "nevergrad_ngopt_cube", "nevergrad_ngopt4_cube", "nevergrad_ngopt8_cube", "nevergrad_de_cube", "nevergrad_portfolio_cube", "nevergrad_oneplus_cube", "nevergrad_cma_cube", "nevergrad_hammersley_cube", "swarmlib_pso_cube", "optuna_random_cube_clone", "optuna_random_cube_clone_1", "optuna_random_cube_clone_2", "hyperopt_atpe_cube", "hyperopt_rand_cube", "hyperopt_tpe_cube", "pymoo_nelder_cube", "pymoo_nsga3_cube", "pymoo_unsga3_cube", "pymoo_pattern_cube", "pymoo_nsga2_cube", "skopt_gp_default_cube"], "count": [47, 36, 42, 50, 39, 46, 36, 39, 41, 37, 34, 46, 36, 38, 54, 45, 33, 47, 42, 52, 0, 45, 32, 46, 38, 31, 45, 32, 42, 36, 40, 39, 51, 43, 36, 1, 31, 0, 54, 37, 45, 41, 35, 44, 40, 49, 24, 36, 44, 33], "rating": [1731.9560970324367, 1851.4284739585448, 1749.918892929522, 1977.39079759924, 2093.891444222226, 2129.09422864351, 2071.151740377536, 2067.950640210409, 1820.612647013203, 1692.4201819384512, 1323.410684418991, 1950.9766697935809, 2044.2246223279176, 1979.82270943274, 2056.5179527455944, 1918.135758960894, 1600, 1152.9195941459786, 1246.6531283019574, 1119.0388753705565, 1600, 1348.847848105645, 1260.0127409603801, 1142.8905636964214, 1776.5157749189705, 1528.414432153138, 1499.5450163851413, 1062.709519661453, 1290.6210974712883, 1915.9206254024848, 1994.9150392822155, 1814.2072228805064, 1340.2254178438318, 1554.0891448701034, 1693.762174983101, 1600, 1202.9535510499147, 1570.0, 1600, 1600, 1600, 1414.8280394694275, 1426.1476014325322, 1618.4934644454233, 1913.2568312188976, 1917.3186142860038, 1688.6862914740339, 1989.3947986287135, 1336.6839499681876, 1966.2111143410796], "traceback": ["passing", "passing", "passing", "passing", "passing", "passing", "passing", "passing", "passing", "passing", "passing", "passing", "passing", "passing", "passing", "passing", "passing", "passing", "passing", "passing", "not yet run", "passing", "passing", "passing", "passing", "passing", "passing", "passing", "passing", "passing", "passing", "passing", "passing", "passing", "passing", "passing", "passing", "passing", "passing", "passing", "passing", "passing", "passing", "passing", "passing", "passing", "passing", "passing", "passing", "passing"], "active": [true, true, true, true, true, true, true, true, true, true, true, true, true, true, true, true, true, true, true, true, true, true, true, true, true, true, true, true, true, true, true, true, true, true, true, false, true, false, true, true, true, true, true, true, true, true, true, true, true, true]}