{"name": ["shgo_slsqp_sobol_cube", "shgo_powell_sobol_cube", "shgo_nelder_sobol_cube", "scipy_slsqp_cube", "scipy_powell_cube", "scipy_nelder_cube", "scipy_lbfgsb_cube", "pysot_ei_cube", "pysot_lcb_cube", "pysot_random_cube", "pysot_srbf_cube", "pysot_dycors_cube", "ax_default_cube", "optuna_cmaes_cube", "optuna_tpe_cube", "optuna_random_cube", "optuna_random_cube_clone", "optuna_random_cube_clone_1", "optuna_random_cube_clone_2", "platypus_genetic_cube", "platypus_evolutionary_cube", "platypus_nsgaii_cube", "platypus_cmaes_cube", "platypus_gde3_cube", "platypus_ibea_cube", "platypus_moead_cube", "platypus_omopso_cube", "platypus_smpso_cube", "platypus_spea2_cube", "platypus_epsmoea_cube", "nevergrad_ngopt_cube", "nevergrad_ngopt4_cube", "nevergrad_ngopt8_cube", "nevergrad_de_cube", "nevergrad_portfolio_cube", "nevergrad_oneplus_cube", "nevergrad_hammersley_cube", "hyperopt_atpe_cube", "hyperopt_rand_cube", "hyperopt_tpe_cube", "pymoo_nelder_cube", "pymoo_nsga3_cube", "pymoo_unsga3_cube", "pymoo_pattern_cube", "pymoo_nsga2_cube", "skopt_gp_default_cube", "ultraopt_random_cube", "ultraopt_etpe_cube", "bayesopt_ucb_cube", "bayesopt_ei_cube", "bayesopt_poi_cube", "dlib_cube", "nlopt_direct_cube", "nlopt_ags_cube", "nlopt_esch_cube", "nlopt_isres_cube", "nlopt_crs2lm_cube", "nlopt_directr_cube", "nlopt_directo_cube"], "count": [3, 5, 4, 3, 1, 7, 0, 6, 4, 9, 1, 7, 10, 8, 8, 3, 3, 4, 5, 0, 0, 0, 0, 0, 0, 8, 0, 0, 0, 0, 7, 4, 3, 6, 8, 7, 10, 8, 9, 3, 8, 10, 10, 3, 0, 11, 6, 9, 7, 9, 4, 7, 3, 0, 3, 5, 1, 2, 2], "rating": [1657.832250807682, 1618.6262390147847, 1721.0734634848673, 1589.8770935069617, 1628.9285190750395, 1412.6815013870603, 1600, 1659.86085152559, 1601.8921958576204, 1564.7269710716103, 1571.067786045147, 1731.085961938638, 1690.6864705852322, 1635.182818900616, 1564.600884390565, 1600, 1600, 1600, 1600, 1600, 1600, 1600, 1600, 1600, 1600, 1514.7532850764303, 1600, 1600, 1600, 1600, 1435.3886305852568, 1597.264714027221, 1686.9746778306728, 1549.491994053255, 1648.5207226430198, 1526.6477133877788, 1491.0999305136777, 1513.0472121007315, 1572.793335287232, 1631.8943771815534, 1703.7523055591, 1511.3524609038393, 1454.8962858682198, 1630.988292823068, 1600, 1731.3859293166556, 1553.810075129134, 1632.7288999325028, 1603.7507266601274, 1719.8272416050831, 1655.9744895525205, 1755.696747094177, 1623.5833675748522, 1600, 1513.4347627788795, 1569.3113371130166, 1628.0184927968664, 1660.732211496405, 1652.840119340462], "traceback": ["passing", "passing", "passing", "passing", "passing", "Black took 33 function evals when instructed to use 31", "passing", "passing", "passing", "passing", "passing", "passing", "passing", "passing", "passing", "passing", "Black took 31 function evals when instructed to use 31", "passing", "passing", "passing", "passing", "passing", "passing", "passing", "passing", "passing", "passing", "passing", "passing", "passing", "passing", "passing", "passing", "passing", "passing", "Black took 31 function evals when instructed to use 31", "passing", "passing", "passing", "passing", "passing", "Black took 32 function evals when instructed to use 32", "passing", "passing", "passing", "passing", "passing", "Black took 31 function evals when instructed to use 31", "passing", "passing", "passing", "passing", "passing", "not yet run", "passing", "passing", "passing", "passing", "passing"], "active": [true, true, true, true, true, true, true, true, true, true, true, true, true, true, true, true, true, true, true, true, true, true, true, true, true, true, true, true, true, true, true, true, true, true, true, true, true, true, true, true, true, true, true, true, true, true, true, true, true, true, true, true, true, true, true, true, true, true, true]}