{"name": ["shgo_slsqp_sobol_cube", "shgo_powell_sobol_cube", "shgo_nelder_sobol_cube", "scipy_slsqp_cube", "scipy_powell_cube", "scipy_nelder_cube", "scipy_lbfgsb_cube", "pysot_ei_cube", "pysot_lcb_cube", "pysot_random_cube", "pysot_srbf_cube", "pysot_dycors_cube", "ax_default_cube", "optuna_cmaes_cube", "optuna_tpe_cube", "optuna_random_cube", "optuna_random_cube_clone", "optuna_random_cube_clone_1", "optuna_random_cube_clone_2", "platypus_genetic_cube", "platypus_evolutionary_cube", "platypus_nsgaii_cube", "platypus_cmaes_cube", "platypus_gde3_cube", "platypus_ibea_cube", "platypus_moead_cube", "platypus_omopso_cube", "platypus_smpso_cube", "platypus_spea2_cube", "platypus_epsmoea_cube", "nevergrad_ngopt_cube", "nevergrad_ngopt4_cube", "nevergrad_ngopt8_cube", "nevergrad_de_cube", "nevergrad_portfolio_cube", "nevergrad_oneplus_cube", "nevergrad_hammersley_cube", "hyperopt_atpe_cube", "hyperopt_rand_cube", "hyperopt_tpe_cube", "pymoo_nelder_cube", "pymoo_nsga3_cube", "pymoo_unsga3_cube", "pymoo_pattern_cube", "pymoo_nsga2_cube", "skopt_gp_default_cube", "ultraopt_random_cube", "ultraopt_etpe_cube", "bayesopt_ucb_cube", "bayesopt_ei_cube", "bayesopt_poi_cube", "dlib_cube", "nlopt_direct_cube", "nlopt_ags_cube", "nlopt_esch_cube", "nlopt_isres_cube", "nlopt_crs2lm_cube", "nlopt_directr_cube", "nlopt_directo_cube", "ultraopt_forest_cube", "ultraopt_gbrt_cube", "dlib_default_cube", "nlopt_directl_cube", "bobyqa_default_cube", "bobyqa_noise_cube"], "count": [8, 8, 7, 11, 10, 12, 8, 11, 9, 15, 14, 14, 8, 17, 9, 10, 11, 10, 17, 12, 10, 12, 13, 13, 11, 8, 11, 7, 9, 9, 14, 7, 21, 12, 13, 11, 10, 14, 11, 10, 17, 18, 16, 12, 16, 9, 13, 15, 13, 13, 15, 6, 5, 6, 11, 2, 11, 2, 3, 2, 1, 4, 2, 0, 3], "rating": [1740.3695536848622, 1590.4745338218584, 1685.2714366853843, 1512.4369379183013, 1627.826938520122, 1374.1624906213888, 1510.1624761484015, 1658.0990793675223, 1622.7852782358602, 1531.4367310009354, 1605.849906051415, 1610.3781393163172, 1647.2802471396765, 1864.1663923469246, 1666.086015213848, 1600, 1600, 1573.6599197890691, 1600, 1480.3378510325194, 1493.12005528737, 1490.1721160894951, 1449.827369847861, 1441.7408695614347, 1485.6594639933799, 1598.5975825513065, 1573.60337333614, 1614.2106113528366, 1433.320137175777, 1509.8793424628452, 1808.7026642372332, 1680.723898839081, 1793.1289533313923, 1656.62104965434, 1595.8309984357056, 1785.140683370187, 1493.8177481435503, 1472.2761897571766, 1608.781024922627, 1588.175101357282, 1732.8360637934184, 1679.1652360849832, 1572.0611006383688, 1765.3670707121705, 1433.1330453161074, 1765.9634612243347, 1518.1916629592179, 1460.2151826467507, 1652.5152919045763, 1720.7908258248217, 1682.4729129128002, 1742.4412981519472, 1686.6604666566138, 1572.5567957404935, 1763.99216685396, 1540.3195480536572, 1557.5577127505978, 1620.3570294089202, 1576.223912037009, 1547.2062086204794, 1631.333772911769, 1621.7563204660414, 1609.1715861823666, 1600, 1693.450271447509], "traceback": ["passing", "passing", "passing", "passing", "passing", "passing", "passing", "passing", "passing", "passing", "passing", "passing", "passing", "passing", "passing", "passing", "passing", "Black took 131 function evals when instructed to use 131", "passing", "passing", "passing", "passing", "passing", "passing", "passing", "passing", "passing", "passing", "passing", "Black took 132 function evals when instructed to use 131", "passing", "passing", "passing", "passing", "passing", "passing", "passing", "passing", "passing", "passing", "passing", "passing", "passing", "passing", "passing", "passing", "Black took 142 function evals when instructed to use 142", "passing", "passing", "passing", "passing", "passing", "passing", "passing", "Black took 132 function evals when instructed to use 132", "passing", "passing", "passing", "passing", "passing", "passing", "passing", "passing", "not yet run", "passing"], "active": [true, true, true, true, true, true, true, true, true, true, true, true, true, true, true, true, true, true, true, true, true, true, true, true, true, true, true, true, true, true, true, true, true, true, true, true, true, true, true, true, true, true, true, true, true, true, true, true, true, true, true, true, true, true, true, true, true, true, true, true, true, true, true, true, true]}