{"name": ["shgo_slsqp_sobol_cube", "shgo_powell_sobol_cube", "shgo_nelder_sobol_cube", "scipy_slsqp_cube", "scipy_powell_cube", "scipy_nelder_cube", "scipy_lbfgsb_cube", "pysot_ei_cube", "pysot_lcb_cube", "pysot_random_cube", "pysot_srbf_cube", "pysot_dycors_cube", "ax_default_cube", "optuna_cmaes_cube", "optuna_tpe_cube", "optuna_random_cube", "optuna_random_cube_clone", "optuna_random_cube_clone_1", "optuna_random_cube_clone_2", "platypus_genetic_cube", "platypus_evolutionary_cube", "platypus_nsgaii_cube", "platypus_cmaes_cube", "platypus_gde3_cube", "platypus_ibea_cube", "platypus_moead_cube", "platypus_omopso_cube", "platypus_smpso_cube", "platypus_spea2_cube", "platypus_epsmoea_cube", "nevergrad_ngopt_cube", "nevergrad_ngopt4_cube", "nevergrad_ngopt8_cube", "nevergrad_de_cube", "nevergrad_portfolio_cube", "nevergrad_oneplus_cube", "nevergrad_hammersley_cube", "hyperopt_atpe_cube", "hyperopt_rand_cube", "hyperopt_tpe_cube", "pymoo_nelder_cube", "pymoo_nsga3_cube", "pymoo_unsga3_cube", "pymoo_pattern_cube", "pymoo_nsga2_cube", "skopt_gp_default_cube", "ultraopt_random_cube", "ultraopt_etpe_cube", "bayesopt_ucb_cube", "bayesopt_ei_cube", "bayesopt_poi_cube", "dlib_cube", "nlopt_direct_cube", "nlopt_ags_cube", "nlopt_esch_cube", "nlopt_isres_cube", "nlopt_crs2lm_cube", "nlopt_directr_cube", "nlopt_directo_cube", "ultraopt_forest_cube", "ultraopt_gbrt_cube", "dlib_default_cube", "nlopt_directl_cube", "bobyqa_default_cube", "bobyqa_noise_cube"], "count": [6, 6, 6, 11, 9, 8, 11, 10, 10, 8, 11, 12, 10, 7, 19, 9, 11, 9, 14, 12, 12, 12, 10, 9, 15, 14, 13, 15, 14, 12, 15, 11, 9, 8, 10, 16, 12, 16, 10, 15, 14, 10, 10, 16, 12, 9, 9, 11, 6, 14, 12, 15, 6, 7, 6, 7, 8, 3, 4, 2, 2, 2, 4, 1, 1], "rating": [1707.5699834354361, 1715.9771159005663, 1697.6949676595768, 1589.7966844720397, 1838.913112911854, 1467.6824341200327, 1570.136194921931, 1728.7872856426022, 1714.3035667633344, 1478.3156011917506, 1689.4048612746815, 1773.0275513966128, 1659.4242385388375, 1653.187182307557, 1761.0456656919205, 1600, 1600, 1600, 1600, 1520.611768206929, 1521.735563939863, 1467.0481537918527, 1572.8874467066903, 1534.465604684358, 1415.5444739806173, 1596.7751487223359, 1382.006384177483, 1445.9856464367058, 1530.5914916467502, 1533.2200834319676, 1750.1951365715904, 1581.2320988751553, 1682.544260427183, 1550.6155395627472, 1672.749002931383, 1652.2036946663766, 1481.379679173358, 1586.271218003168, 1533.0026961136791, 1581.393875273969, 1843.0225218339508, 1732.5647802295898, 1507.8756182834077, 1896.5991472130365, 1388.984761881315, 1745.3351578142438, 1612.8963614405236, 1525.0800668289726, 1645.06356256103, 1698.8738205629145, 1609.672587835602, 1776.106436222627, 1709.098446115266, 1517.6938882885395, 1572.322842265274, 1521.5112485876216, 1548.361573019426, 1681.5367648644271, 1475.9475578500053, 1544.5852100924087, 1601.481973983774, 1593.5976741840054, 1597.4211635315846, 1622.3165224998932, 1629.0910898622872], "traceback": ["passing", "passing", "passing", "passing", "passing", "passing", "passing", "passing", "passing", "passing", "passing", "passing", "passing", "passing", "Black took 231 function evals when instructed to use 231", "passing", "passing", "passing", "passing", "passing", "passing", "passing", "passing", "passing", "passing", "passing", "passing", "passing", "passing", "passing", "passing", "passing", "passing", "passing", "passing", "passing", "passing", "passing", "passing", "passing", "passing", "passing", "passing", "passing", "passing", "passing", "passing", "passing", "passing", "passing", "passing", "passing", "Black took 211 function evals when instructed to use 211", "passing", "passing", "passing", "passing", "passing", "passing", "passing", "passing", "passing", "passing", "passing", "passing"], "active": [true, true, true, true, true, true, true, true, true, true, true, true, true, true, true, true, true, true, true, true, true, true, true, true, true, true, true, true, true, true, true, true, true, true, true, true, true, true, true, true, true, true, true, true, true, true, true, true, true, true, true, true, true, true, true, true, true, true, true, true, true, true, true, true, true]}