{"name": ["shgo_slsqp_sobol_cube", "shgo_powell_sobol_cube", "shgo_nelder_sobol_cube", "scipy_slsqp_cube", "scipy_powell_cube", "scipy_nelder_cube", "scipy_lbfgsb_cube", "pysot_ei_cube", "pysot_lcb_cube", "pysot_random_cube", "pysot_srbf_cube", "pysot_dycors_cube", "ax_default_cube", "optuna_cmaes_cube", "optuna_tpe_cube", "optuna_random_cube", "optuna_random_cube_clone", "optuna_random_cube_clone_1", "optuna_random_cube_clone_2", "platypus_genetic_cube", "platypus_evolutionary_cube", "platypus_nsgaii_cube", "platypus_cmaes_cube", "platypus_gde3_cube", "platypus_ibea_cube", "platypus_moead_cube", "platypus_omopso_cube", "platypus_smpso_cube", "platypus_spea2_cube", "platypus_epsmoea_cube", "nevergrad_ngopt_cube", "nevergrad_ngopt4_cube", "nevergrad_ngopt8_cube", "nevergrad_de_cube", "nevergrad_portfolio_cube", "nevergrad_oneplus_cube", "nevergrad_hammersley_cube", "hyperopt_atpe_cube", "hyperopt_rand_cube", "hyperopt_tpe_cube", "pymoo_nelder_cube", "pymoo_nsga3_cube", "pymoo_unsga3_cube", "pymoo_pattern_cube", "pymoo_nsga2_cube", "skopt_gp_default_cube", "ultraopt_random_cube", "ultraopt_etpe_cube", "bayesopt_ucb_cube", "bayesopt_ei_cube", "bayesopt_poi_cube", "dlib_cube", "nlopt_direct_cube", "nlopt_ags_cube", "nlopt_esch_cube", "nlopt_isres_cube", "nlopt_crs2lm_cube", "nlopt_directr_cube", "nlopt_directo_cube", "ultraopt_forest_cube", "ultraopt_gbrt_cube", "dlib_default_cube", "dlib_default_cube", "nlopt_directl_cube", "bobyqa_default_cube", "bobyqa_noise_cube"], "count": [14, 6, 19, 20, 20, 12, 14, 17, 16, 16, 16, 17, 14, 20, 18, 19, 18, 27, 19, 11, 18, 9, 17, 13, 21, 17, 19, 20, 17, 21, 22, 17, 21, 17, 11, 13, 23, 20, 13, 15, 20, 16, 16, 14, 18, 25, 10, 16, 18, 18, 14, 19, 11, 6, 7, 12, 7, 14, 13, 8, 5, 7, 0, 2, 9, 6], "rating": [1676.96133081531, 1602.7804909863519, 1551.0663829516532, 1452.5226690455952, 1761.6694956053284, 1677.3620003924111, 1552.5906839065221, 1702.8045567577483, 1553.8151532598029, 1393.3008328978458, 1788.6104551076392, 1790.7060649076366, 1722.0597740462774, 1928.5592947794596, 1657.3084904674758, 1600, 1600, 1600, 1600, 1413.9144057497954, 1449.642593424265, 1440.2473663602468, 1558.9151637978944, 1527.0060246302232, 1293.2690077914883, 1718.7257634684338, 1572.0710995138506, 1580.834356969319, 1405.82011696765, 1393.4512278155566, 1726.620723035523, 1786.8637207009717, 1781.423748290553, 1491.3466301703943, 1503.2257710608792, 1488.1843935701152, 1512.9114030194778, 1560.6800960878859, 1645.3830951459793, 1572.3240046629244, 1705.034276303646, 1776.5677498449543, 1693.031277511343, 1748.8542978265934, 1447.2497829832776, 1908.4310268935717, 1419.7288482977453, 1711.1897582548438, 1592.2721744691914, 1640.1138609396467, 1705.8187407993885, 1704.2555911165348, 1800.1580236834177, 1595.534157314953, 1626.6998118993615, 1383.4019175812857, 1547.5296208797583, 1707.0790564281087, 1662.5947666177285, 1746.5628963018646, 1639.4346855815186, 1733.8071022589154, 1600, 1542.01290339557, 1769.0507877529394, 1715.3092823038687], "traceback": ["passing", "passing", "passing", "passing", "passing", "passing", "passing", "passing", "passing", "passing", "passing", "passing", "passing", "passing", "passing", "passing", "passing", "passing", "passing", "passing", "passing", "passing", "passing", "passing", "passing", "passing", "passing", "passing", "passing", "passing", "passing", "passing", "passing", "passing", "passing", "passing", "passing", "passing", "passing", "passing", "passing", "passing", "passing", "passing", "passing", "passing", "passing", "passing", "passing", "passing", "passing", "passing", "passing", "passing", "passing", "passing", "passing", "passing", "passing", "passing", "passing", "passing", "not yet run", "passing", "passing", "passing"], "active": [true, true, true, true, true, true, true, true, true, true, true, true, true, true, true, true, true, true, true, true, true, true, true, true, true, true, true, true, true, true, true, true, true, true, true, true, true, true, true, true, true, true, true, true, true, true, true, true, true, true, true, true, true, true, true, true, true, true, true, true, true, true, true, true, true, true]}