{"name": ["shgo_slsqp_sobol_cube", "shgo_powell_sobol_cube", "shgo_nelder_sobol_cube", "scipy_slsqp_cube", "scipy_powell_cube", "scipy_nelder_cube", "scipy_lbfgsb_cube", "pysot_ei_cube", "pysot_lcb_cube", "pysot_random_cube", "pysot_srbf_cube", "pysot_dycors_cube", "ax_default_cube", "optuna_cmaes_cube", "optuna_tpe_cube", "optuna_random_cube", "optuna_random_cube_clone", "optuna_random_cube_clone_1", "optuna_random_cube_clone_2", "platypus_genetic_cube", "platypus_evolutionary_cube", "platypus_nsgaii_cube", "platypus_cmaes_cube", "platypus_gde3_cube", "platypus_ibea_cube", "platypus_moead_cube", "platypus_omopso_cube", "platypus_smpso_cube", "platypus_spea2_cube", "platypus_epsmoea_cube", "nevergrad_ngopt_cube", "nevergrad_ngopt4_cube", "nevergrad_ngopt8_cube", "nevergrad_de_cube", "nevergrad_portfolio_cube", "nevergrad_oneplus_cube", "nevergrad_hammersley_cube", "hyperopt_atpe_cube", "hyperopt_rand_cube", "hyperopt_tpe_cube", "pymoo_nelder_cube", "pymoo_nsga3_cube", "pymoo_unsga3_cube", "pymoo_pattern_cube", "pymoo_nsga2_cube", "skopt_gp_default_cube", "ultraopt_random_cube", "ultraopt_etpe_cube", "bayesopt_ucb_cube", "bayesopt_ei_cube", "bayesopt_poi_cube", "dlib_cube"], "count": [5, 7, 6, 7, 6, 6, 6, 6, 5, 5, 3, 10, 3, 6, 4, 5, 9, 12, 6, 6, 12, 4, 8, 4, 11, 3, 7, 5, 7, 8, 3, 10, 7, 8, 6, 5, 10, 8, 4, 6, 7, 6, 8, 8, 2, 4, 9, 6, 8, 7, 3, 7], "rating": [1683.1586720378837, 1784.2491805690331, 1648.4815113992945, 1521.0139794386175, 1658.4828359470232, 1480.584654351832, 1596.7329262398716, 1595.2134249232074, 1685.847515916378, 1461.6315155358113, 1686.0635588158875, 1671.4220127094936, 1576.9551636251429, 1735.686628225825, 1659.9823768536955, 1600, 1600, 1600, 1600, 1551.9703245924688, 1520.6219769402853, 1593.885333340319, 1498.7797404196021, 1596.9642132450824, 1602.4820685711625, 1631.0357514659427, 1520.8404207155113, 1571.1260209792292, 1464.8469066175858, 1606.6223262415629, 1623.1022747896636, 1801.8131054056862, 1626.4222203344195, 1559.8903806182832, 1545.6333550850295, 1628.9737028923519, 1580.5678654022681, 1600.2261370037752, 1594.2097014313792, 1679.8264815606342, 1678.3294442922559, 1655.0029409801675, 1710.5817115387997, 1722.5342743554386, 1539.3997716129243, 1632.1199443118321, 1563.0043047181596, 1656.973561188367, 1430.8059550498383, 1620.4768391616522, 1514.1862460535742, 1662.6683550596981], "traceback": ["passing", "passing", "passing", "passing", "passing", "passing", "passing", "passing", "passing", "passing", "passing", "passing", "passing", "Black took 341 function evals when instructed to use 341", "passing", "passing", "passing", "passing", "passing", "passing", "passing", "passing", "passing", "passing", "passing", "passing", "passing", "passing", "passing", "passing", "passing", "passing", "passing", "passing", "passing", "passing", "passing", "passing", "passing", "passing", "passing", "passing", "passing", "passing", "passing", "passing", "passing", "passing", "passing", "passing", "passing", "passing"], "active": [true, true, true, true, true, true, true, true, true, true, true, true, true, true, true, true, true, true, true, true, true, true, true, true, true, true, true, true, true, true, true, true, true, true, true, true, true, true, true, true, true, true, true, true, true, true, true, true, true, true, true, true]}