{"name": ["shgo_slsqp_sobol_cube", "shgo_powell_sobol_cube", "shgo_nelder_sobol_cube", "scipy_slsqp_cube", "scipy_powell_cube", "scipy_nelder_cube", "scipy_lbfgsb_cube", "pysot_ei_cube", "pysot_lcb_cube", "pysot_random_cube", "pysot_srbf_cube", "pysot_dycors_cube", "ax_default_cube", "optuna_cmaes_cube", "optuna_tpe_cube", "optuna_random_cube", "optuna_random_cube_clone", "optuna_random_cube_clone_1", "optuna_random_cube_clone_2", "platypus_genetic_cube", "platypus_evolutionary_cube", "platypus_nsgaii_cube", "platypus_cmaes_cube", "platypus_gde3_cube", "platypus_ibea_cube", "platypus_moead_cube", "platypus_omopso_cube", "platypus_smpso_cube", "platypus_spea2_cube", "platypus_epsmoea_cube", "nevergrad_ngopt_cube", "nevergrad_ngopt4_cube", "nevergrad_ngopt8_cube", "nevergrad_de_cube", "nevergrad_portfolio_cube", "nevergrad_oneplus_cube", "nevergrad_hammersley_cube", "hyperopt_atpe_cube", "hyperopt_rand_cube", "hyperopt_tpe_cube", "pymoo_nelder_cube", "pymoo_nsga3_cube", "pymoo_unsga3_cube", "pymoo_pattern_cube", "pymoo_nsga2_cube", "skopt_gp_default_cube", "ultraopt_random_cube", "ultraopt_etpe_cube", "bayesopt_ucb_cube", "bayesopt_ei_cube", "bayesopt_poi_cube", "dlib_cube", "nlopt_direct_cube", "nlopt_ags_cube", "nlopt_esch_cube", "nlopt_isres_cube", "nlopt_crs2lm_cube", "nlopt_directr_cube", "nlopt_directo_cube"], "count": [7, 7, 7, 4, 8, 12, 9, 10, 7, 8, 7, 9, 9, 11, 4, 7, 14, 10, 9, 10, 3, 11, 7, 8, 11, 11, 14, 5, 4, 12, 5, 9, 6, 7, 6, 8, 15, 12, 7, 5, 8, 8, 9, 8, 10, 8, 12, 8, 5, 15, 5, 7, 1, 1, 1, 2, 1, 3, 1], "rating": [1631.5232376444644, 1698.5106898705276, 1590.447292882211, 1544.7407772169754, 1755.9194256635928, 1540.9315482982242, 1567.3922300897186, 1695.1915577473983, 1643.5362727621973, 1514.1884033119263, 1714.566554284936, 1675.25611633866, 1624.4945895276937, 1706.292067591751, 1635.7749088937026, 1600, 1600, 1600, 1600, 1467.13835366224, 1576.8166331656248, 1498.1393026417581, 1591.2757666420498, 1675.7508266301852, 1494.5698617907785, 1799.4569690377875, 1525.8736528068807, 1689.1686680679525, 1542.323377466881, 1450.947905105167, 1686.9165899602885, 1755.4312149689315, 1735.7222863292664, 1546.8135876168847, 1517.6477430123357, 1483.81964810907, 1344.7040123603776, 1507.437530406375, 1624.2619519350364, 1603.8502290726958, 1626.6000569988369, 1568.1057074409246, 1727.0745130197024, 1661.1539365742192, 1463.3601757087006, 1789.7266871944996, 1371.5928992230963, 1696.629629957127, 1631.025312260169, 1644.1192138739725, 1602.0321197029266, 1663.0179938150118, 1630.0, 1570.0, 1601.2287532625112, 1603.0759408862991, 1629.1707393433269, 1691.7825237644065, 1629.9067089605455], "traceback": ["passing", "passing", "passing", "passing", "passing", "passing", "Black took 37 function evals when instructed to use 354", "passing", "passing", "passing", "passing", "Black took 351 function evals when instructed to use 351", "passing", "passing", "passing", "passing", "Black took 341 function evals when instructed to use 341", "passing", "passing", "passing", "passing", "passing", "passing", "passing", "passing", "passing", "passing", "passing", "passing", "passing", "passing", "passing", "passing", "Black took 343 function evals when instructed to use 343", "passing", "passing", "passing", "passing", "passing", "passing", "passing", "passing", "passing", "passing", "passing", "passing", "passing", "passing", "passing", "passing", "passing", "passing", "passing", "passing", "Black took 343 function evals when instructed to use 343", "passing", "passing", "passing", "passing"], "active": [true, true, true, true, true, true, true, true, true, true, true, true, true, true, true, true, true, true, true, true, true, true, true, true, true, true, true, true, true, true, true, true, true, true, true, true, true, true, true, true, true, true, true, true, true, true, true, true, true, true, true, true, true, true, true, true, true, true, true]}