{"name": ["shgo_slsqp_sobol_cube", "shgo_powell_sobol_cube", "shgo_nelder_sobol_cube", "scipy_slsqp_cube", "scipy_powell_cube", "scipy_nelder_cube", "scipy_lbfgsb_cube", "pysot_ei_cube", "pysot_lcb_cube", "pysot_random_cube", "pysot_srbf_cube", "pysot_dycors_cube", "ax_default_cube", "optuna_cmaes_cube", "optuna_tpe_cube", "optuna_random_cube", "optuna_random_cube_clone", "optuna_random_cube_clone_1", "optuna_random_cube_clone_2", "platypus_genetic_cube", "platypus_evolutionary_cube", "platypus_nsgaii_cube", "platypus_cmaes_cube", "platypus_gde3_cube", "platypus_ibea_cube", "platypus_moead_cube", "platypus_omopso_cube", "platypus_smpso_cube", "platypus_spea2_cube", "platypus_epsmoea_cube", "nevergrad_ngopt_cube", "nevergrad_ngopt4_cube", "nevergrad_ngopt8_cube", "nevergrad_de_cube", "nevergrad_portfolio_cube", "nevergrad_oneplus_cube", "nevergrad_hammersley_cube", "hyperopt_atpe_cube", "hyperopt_rand_cube", "hyperopt_tpe_cube", "pymoo_nelder_cube", "pymoo_nsga3_cube", "pymoo_unsga3_cube", "pymoo_pattern_cube", "pymoo_nsga2_cube", "skopt_gp_default_cube", "ultraopt_random_cube", "ultraopt_etpe_cube", "bayesopt_ucb_cube", "bayesopt_ei_cube", "bayesopt_poi_cube", "dlib_cube", "nlopt_direct_cube", "nlopt_ags_cube", "nlopt_esch_cube", "nlopt_isres_cube", "nlopt_crs2lm_cube", "nlopt_directr_cube", "nlopt_directo_cube", "ultraopt_forest_cube", "ultraopt_gbrt_cube", "dlib_default_cube"], "count": [5, 5, 6, 7, 8, 10, 8, 10, 7, 11, 11, 10, 4, 10, 8, 7, 8, 9, 11, 8, 9, 10, 13, 12, 8, 6, 8, 6, 7, 9, 12, 2, 18, 8, 9, 10, 10, 11, 10, 8, 13, 14, 11, 6, 8, 8, 12, 14, 9, 9, 12, 4, 2, 2, 7, 2, 6, 1, 3, 0, 0, 0], "rating": [1661.380742914521, 1622.0787858067322, 1656.382994387729, 1595.2234482029248, 1558.6926970285144, 1416.9909094094287, 1510.1624761484015, 1645.576803943792, 1567.1866623801, 1596.3563866561096, 1636.1304623085675, 1620.6979094700014, 1660.7883655894448, 1802.228033012539, 1697.6036140006497, 1600, 1600, 1600, 1600, 1552.91500705221, 1458.2618207063454, 1500.7751644655364, 1449.827369847861, 1469.5867614585356, 1487.1307464362978, 1600.1714389372426, 1557.4127697692481, 1584.9143781364776, 1484.8047744020455, 1509.8793424628452, 1837.3519188155594, 1659.9282204272283, 1752.7051788294464, 1672.0576059846753, 1581.0089309610364, 1773.3003572313653, 1493.8177481435503, 1432.966509294775, 1640.1673685727967, 1518.2711066441427, 1679.062625736174, 1656.6024726078717, 1638.642154653426, 1704.6999129128878, 1564.4254073817633, 1804.5991141884556, 1483.5847464367969, 1470.8361393617658, 1765.1618155789963, 1704.7737745195068, 1638.4183430344472, 1685.9609763508226, 1664.6116204753464, 1655.247795416324, 1693.1180632989476, 1540.3195480536572, 1611.0098003803241, 1594.112582652692, 1576.223912037009, 1600, 1600, 1600], "traceback": ["passing", "passing", "passing", "passing", "passing", "passing", "passing", "passing", "passing", "passing", "passing", "passing", "passing", "Black took 143 function evals when instructed to use 143", "passing", "passing", "Black took 136 function evals when instructed to use 136", "passing", "passing", "passing", "passing", "passing", "passing", "passing", "passing", "passing", "passing", "passing", "passing", "Black took 132 function evals when instructed to use 131", "passing", "passing", "passing", "passing", "passing", "passing", "passing", "passing", "passing", "passing", "Black took 138 function evals when instructed to use 138", "passing", "passing", "passing", "passing", "passing", "passing", "passing", "passing", "passing", "passing", "passing", "Black took 131 function evals when instructed to use 131", "passing", "passing", "passing", "passing", "passing", "passing", "not yet run", "not yet run", "not yet run"], "active": [true, true, true, true, true, true, true, true, true, true, true, true, true, true, true, true, true, true, true, true, true, true, true, true, true, true, true, true, true, true, true, true, true, true, true, true, true, true, true, true, true, true, true, true, true, true, true, true, true, true, true, true, true, true, true, true, true, true, true, true, true, true]}