{"name": ["shgo_slsqp_sobol_cube", "shgo_powell_sobol_cube", "shgo_nelder_sobol_cube", "scipy_slsqp_cube", "scipy_powell_cube", "scipy_nelder_cube", "scipy_lbfgsb_cube", "pysot_ei_cube", "pysot_lcb_cube", "pysot_random_cube", "pysot_srbf_cube", "pysot_dycors_cube", "ax_default_cube", "optuna_cmaes_cube", "optuna_tpe_cube", "optuna_random_cube", "optuna_random_cube_clone", "optuna_random_cube_clone_1", "optuna_random_cube_clone_2", "platypus_genetic_cube", "platypus_evolutionary_cube", "platypus_nsgaii_cube", "platypus_cmaes_cube", "platypus_gde3_cube", "platypus_ibea_cube", "platypus_moead_cube", "platypus_omopso_cube", "platypus_smpso_cube", "platypus_spea2_cube", "platypus_epsmoea_cube", "nevergrad_ngopt_cube", "nevergrad_ngopt4_cube", "nevergrad_ngopt8_cube", "nevergrad_de_cube", "nevergrad_portfolio_cube", "nevergrad_oneplus_cube", "nevergrad_hammersley_cube", "hyperopt_atpe_cube", "hyperopt_rand_cube", "hyperopt_tpe_cube", "pymoo_nelder_cube", "pymoo_nsga3_cube", "pymoo_unsga3_cube", "pymoo_pattern_cube", "pymoo_nsga2_cube", "skopt_gp_default_cube", "ultraopt_random_cube", "ultraopt_etpe_cube", "bayesopt_ucb_cube", "bayesopt_ei_cube", "bayesopt_poi_cube", "dlib_cube", "nlopt_direct_cube", "nlopt_ags_cube", "nlopt_esch_cube", "nlopt_isres_cube", "nlopt_crs2lm_cube", "nlopt_directr_cube", "nlopt_directo_cube", "ultraopt_forest_cube", "ultraopt_gbrt_cube", "dlib_default_cube", "nlopt_directl_cube", "bobyqa_default_cube", "bobyqa_noise_cube"], "count": [16, 16, 7, 13, 16, 13, 15, 10, 18, 13, 22, 16, 12, 19, 20, 22, 25, 15, 16, 17, 12, 22, 18, 12, 18, 17, 19, 16, 18, 10, 22, 21, 11, 15, 14, 10, 13, 15, 17, 11, 15, 14, 21, 22, 10, 15, 18, 16, 15, 17, 14, 17, 11, 10, 12, 10, 6, 9, 7, 5, 4, 11, 6, 4, 3], "rating": [1678.037230805007, 1708.8454871072547, 1708.0428513037232, 1535.929106204226, 1774.9149657260123, 1392.315387133627, 1640.9538563311992, 1626.3675867213592, 1668.5560338711339, 1504.967877052559, 1876.257407063141, 1862.677987523224, 1819.7084190623852, 1773.6238306427524, 1739.7778347554934, 1600, 1600, 1600, 1600, 1367.4642797740244, 1417.1945897063097, 1468.957477024457, 1528.1645667642895, 1638.918049285438, 1480.7965024126138, 1460.8276730519888, 1519.239798514624, 1542.857120029043, 1369.4179744260625, 1493.4700723366495, 1685.8891155186777, 1657.1365545281867, 1618.9334488419752, 1548.2838189030324, 1487.7666321495924, 1595.2877955003594, 1466.4133234159792, 1589.3174574710463, 1617.7811162701307, 1535.5894470232731, 1538.4413321707339, 1693.7442761313418, 1575.6075707779394, 1738.2560198734675, 1525.9360196480147, 1685.0459385421948, 1302.320229497212, 1615.9886441866718, 1656.6905207033274, 1631.3255921197547, 1676.5699480571727, 1896.7074182286142, 1614.2515699326952, 1550.0093016087415, 1585.9477641030974, 1399.9190229778146, 1532.1575158164821, 1769.9044499908032, 1626.796096867702, 1669.4564780778019, 1620.1701620980239, 1660.7384687082085, 1755.1774337853774, 1665.0273448027904, 1688.9930358478487], "traceback": ["passing", "passing", "passing", "passing", "passing", "passing", "passing", "passing", "passing", "passing", "Black took 131 function evals when instructed to use 131", "passing", "passing", "passing", "passing", "passing", "passing", "passing", "passing", "passing", "passing", "passing", "passing", "passing", "passing", "passing", "passing", "passing", "passing", "passing", "passing", "passing", "passing", "passing", "passing", "passing", "passing", "passing", "passing", "passing", "passing", "passing", "passing", "passing", "passing", "passing", "Black took 131 function evals when instructed to use 131", "passing", "passing", "passing", "passing", "passing", "passing", "passing", "passing", "passing", "passing", "passing", "passing", "passing", "Traceback (most recent call last):\n  File \"/Users/petercotton/virtual-envs/optimizer-elo-ratings/lib/python3.7/site-packages/humpday/comparison/eloratings.py\", line 79, in optimizer_game\n    with_count=True)\n  File \"/Users/petercotton/virtual-envs/optimizer-elo-ratings/lib/python3.7/site-packages/humpday/optimizers/ultraoptcube.py\", line 47, in ultraopt_gbrt_cube\n    method='GBRT')\n  File \"/Users/petercotton/virtual-envs/optimizer-elo-ratings/lib/python3.7/site-packages/humpday/optimizers/ultraoptcube.py\", line 31, in ultraopt_cube_factory\n    n_jobs=1, show_progressbar=False, parallel_strategy=\"Serial\" )\n  File \"/Users/petercotton/virtual-envs/optimizer-elo-ratings/lib/python3.7/site-packages/ultraopt/facade/fmin.py\", line 106, in fmin\n    opt_.tell(config, loss)\n  File \"/Users/petercotton/virtual-envs/optimizer-elo-ratings/lib/python3.7/site-packages/ultraopt/optimizer/base_opt.py\", line 63, in tell\n    self.new_result(job, update_model=update_model)\n  File \"/Users/petercotton/virtual-envs/optimizer-elo-ratings/lib/python3.7/site-packages/ultraopt/optimizer/base_opt.py\", line 101, in new_result\n    self._new_result(budget, vectors, losses)\n  File \"/Users/petercotton/virtual-envs/optimizer-elo-ratings/lib/python3.7/site-packages/ultraopt/optimizer/bo/sampling_sort_opt.py\", line 72, in _new_result\n    y_obvs = self.loss_transformer.fit_transform(losses)\n  File \"/Users/petercotton/virtual-envs/optimizer-elo-ratings/lib/python3.7/site-packages/ultraopt/utils/loss_transformer.py\", line 41, in fit_transform\n    y = super(LogScaledLossTransformer, self).fit_transform(y)\n  File \"/Users/petercotton/virtual-envs/optimizer-elo-ratings/lib/python3.7/site-packages/ultraopt/utils/loss_transformer.py\", line 17, in fit_transform\n    y[y >= ERR_LOSS] = y[y < ERR_LOSS].max() + 0.1\n  File \"/Users/petercotton/virtual-envs/optimizer-elo-ratings/lib/python3.7/site-packages/numpy/core/_methods.py\", line 39, in _amax\n    return umr_maximum(a, axis, None, out, keepdims, initial, where)\nValueError: zero-size array to reduction operation maximum which has no identity\n", "passing", "passing", "passing", "passing"], "active": [true, true, true, true, true, true, true, true, true, true, true, true, true, true, true, true, true, true, true, true, true, true, true, true, true, true, true, true, true, true, true, true, true, true, true, true, true, true, true, true, true, true, true, true, true, true, true, true, true, true, true, true, true, true, true, true, true, true, true, true, true, true, true, true, true]}