{"name": ["shgo_slsqp_sobol_cube", "shgo_powell_sobol_cube", "shgo_nelder_sobol_cube", "scipy_slsqp_cube", "scipy_powell_cube", "scipy_lbfgsb_cube", "pysot_ei_cube", "pysot_lcb_cube", "pysot_random_cube", "pysot_srbf_cube", "pysot_dycors_cube", "ax_default_cube", "optuna_cmaes_cube", "optuna_tpe_cube", "optuna_random_cube", "optuna_random_cube_clone", "optuna_random_cube_clone_1", "optuna_random_cube_clone_2", "platypus_genetic_cube", "platypus_evolutionary_cube", "platypus_nsgaii_cube", "platypus_cmaes_cube", "platypus_gde3_cube", "platypus_ibea_cube", "platypus_moead_cube", "platypus_omopso_cube", "platypus_smpso_cube", "platypus_spea2_cube", "platypus_epsmoea_cube", "nevergrad_ngopt_cube", "nevergrad_ngopt4_cube", "nevergrad_de_cube", "nevergrad_portfolio_cube", "nevergrad_oneplus_cube", "nevergrad_hammersley_cube", "nevergrad_ngopt8_cube", "hyperopt_tpe_cube", "hyperopt_atpe_cube", "hyperopt_rand_cube", "pymoo_nelder_cube", "pymoo_nsga3_cube", "pymoo_unsga3_cube", "pymoo_pattern_cube", "pymoo_nsga2_cube", "pymoo_unsga3_cube", "skopt_gp_default_cube", "bayesopt_ucb_cube", "bayesopt_ei_cube", "bayesopt_poi_cube", "nlopt_direct_cube", "nlopt_ags_cube", "nlopt_esch_cube", "nlopt_isres_cube", "nlopt_crs2lm_cube", "nlopt_directr_cube", "nlopt_directo_cube", "nlopt_directl_cube", "bobyqa_default_cube", "bobyqa_noise_cube", "ultraopt_random_cube", "ultraopt_forest_cube", "ultraopt_gbrt_cube", "ultraopt_etpe_cube", "dlib_cube", "dlib_default_cube", "hebo_cube_sequential", "hebo_cube_batch", "hebo_sequential_cube", "hebo_batch_cube"], "count": [155, 155, 177, 544, 81, 181, 509, 529, 496, 531, 513, 467, 487, 804, 774, 836, 772, 745, 590, 585, 567, 374, 591, 563, 814, 546, 586, 568, 627, 785, 793, 791, 787, 773, 855, 811, 796, 831, 830, 630, 848, 1653, 668, 570, 0, 513, 508, 495, 520, 787, 490, 786, 790, 809, 738, 768, 801, 740, 750, 518, 524, 352, 537, 472, 463, 353, 403, 38, 105], "rating": [1952.4344957981446, 2097.917680354947, 2123.6895556101713, 1541.4713689265066, 1180.790778016118, 1046.3039825765163, 2250.2824038944154, 2100.0665952688714, 1214.8839399868448, 2469.798260823615, 2519.9783350731786, 2285.857667948787, 1940.9441230623288, 2088.005738036798, 1600, 1600, 1600, 1600, 1360.101669785286, 1399.6743067169116, 1444.8743671041273, 1296.9872035159988, 1153.8413663632045, 1277.5715261011792, 1256.2951466423772, 1630.3813280060945, 1487.2085512706956, 1192.2856053025748, 1623.9972673176387, 2285.381768668826, 2310.1894821544515, 1695.7974201332045, 1445.8034171215936, 2471.302352053777, 1616.3797095045031, 2396.1040138508583, 1763.3219988179367, 1924.2652491455824, 1662.8373545029356, 1751.9192773071027, 1541.2133437052116, 1915.3302564950518, 2064.2196717394163, 1333.7065297469792, 1600, 2541.8136161023713, 2459.281322696631, 2424.0140534328284, 2596.3245150779776, 2093.6162790391754, 2297.98075778818, 1798.4818456903365, 1250.8429577524796, 1466.4735866042536, 2528.0548217909595, 1550.4705885706087, 1691.0795035287063, 2423.993987582854, 2449.659369577951, 1332.848106381896, 1904.2007242316108, 2004.3201868187139, 2032.9401488631247, 2394.4022321945877, 2358.5546995958243, 2478.7315066681213, 2327.579393042241, 1974.0532721440777, 2089.079468006795], "traceback": ["passing", "passing", "passing", "passing", "passing", "passing", "passing", "passing", "passing", "passing", "passing", "passing", "passing", "passing", "passing", "passing", "passing", "passing", "passing", "passing", "passing", "passing", "passing", "passing", "passing", "passing", "passing", "passing", "passing", "passing", "passing", "passing", "passing", "passing", "Black took 212 function evals when instructed to use 211", "passing", "passing", "passing", "passing", "passing", "passing", "passing", "passing", "passing", "not yet run", "passing", "passing", "passing", "passing", "passing", "passing", "passing", "passing", "passing", "passing", "passing", "passing", "passing", "passing", "passing", "passing", "passing", "passing", "passing", "passing", "passing", "passing", "passing", "passing"], "active": [true, true, true, true, true, true, true, true, true, true, true, false, true, true, true, true, true, true, true, true, true, true, true, true, true, true, true, true, true, true, true, true, true, true, true, true, true, true, true, true, true, true, true, true, true, true, true, true, true, true, true, true, true, true, true, true, true, true, true, true, true, true, true, true, true, false, false, true, true]}