{"name": ["shgo_slsqp_sobol_cube", "shgo_powell_sobol_cube", "shgo_nelder_sobol_cube", "scipy_slsqp_cube", "scipy_powell_cube", "scipy_lbfgsb_cube", "pysot_ei_cube", "pysot_lcb_cube", "pysot_random_cube", "pysot_srbf_cube", "pysot_dycors_cube", "ax_default_cube", "optuna_cmaes_cube", "optuna_tpe_cube", "optuna_random_cube", "optuna_random_cube_clone", "optuna_random_cube_clone_1", "optuna_random_cube_clone_2", "platypus_genetic_cube", "platypus_evolutionary_cube", "platypus_nsgaii_cube", "platypus_cmaes_cube", "platypus_gde3_cube", "platypus_ibea_cube", "platypus_moead_cube", "platypus_omopso_cube", "platypus_smpso_cube", "platypus_spea2_cube", "platypus_epsmoea_cube", "nevergrad_ngopt_cube", "nevergrad_ngopt4_cube", "nevergrad_de_cube", "nevergrad_portfolio_cube", "nevergrad_oneplus_cube", "nevergrad_hammersley_cube", "nevergrad_ngopt8_cube", "hyperopt_tpe_cube", "hyperopt_atpe_cube", "hyperopt_rand_cube", "pymoo_nelder_cube", "pymoo_nsga3_cube", "pymoo_unsga3_cube", "pymoo_pattern_cube", "pymoo_nsga2_cube", "pymoo_unsga3_cube", "skopt_gp_default_cube", "bayesopt_ucb_cube", "bayesopt_ei_cube", "bayesopt_poi_cube", "nlopt_direct_cube", "nlopt_ags_cube", "nlopt_esch_cube", "nlopt_isres_cube", "nlopt_crs2lm_cube", "nlopt_directr_cube", "nlopt_directo_cube", "nlopt_directl_cube", "bobyqa_default_cube", "bobyqa_noise_cube", "ultraopt_random_cube", "ultraopt_forest_cube", "ultraopt_gbrt_cube", "ultraopt_etpe_cube", "dlib_cube", "dlib_default_cube", "hebo_cube_sequential", "hebo_cube_batch", "hebo_sequential_cube", "hebo_batch_cube"], "count": [170, 165, 191, 603, 89, 206, 545, 563, 532, 568, 545, 467, 525, 871, 851, 917, 861, 833, 654, 651, 631, 415, 648, 644, 885, 626, 645, 637, 693, 864, 876, 874, 875, 840, 919, 914, 879, 908, 921, 692, 937, 1812, 738, 644, 0, 545, 551, 526, 543, 865, 527, 880, 883, 887, 822, 843, 879, 828, 830, 600, 613, 398, 616, 543, 523, 353, 403, 49, 133], "rating": [1962.3482512451328, 2127.371100221636, 2063.682522448617, 1619.915768319033, 1204.4816399416788, 1192.1007244925067, 2177.8818863122756, 2130.310295354882, 1268.1056479115016, 2504.814567692644, 2492.4370131583673, 2285.857667948787, 2070.215409453465, 2114.8799015735644, 1600, 1600, 1600, 1600, 1451.4957383361977, 1405.567855496745, 1442.6385045907923, 1226.3957799603463, 1122.8302313724898, 1467.9874036999972, 1187.1785474912085, 1509.9699723132421, 1494.2262560550791, 1221.7916561067004, 1777.1707120019464, 2418.244743955721, 2340.716240319359, 1831.1038255239698, 1543.118822050051, 2453.075507924991, 1588.0540852854308, 2377.1712866575194, 1741.34377849223, 1979.7764002761949, 1832.191759251433, 1898.7099783317885, 1636.5477673878488, 1632.6373072805823, 2059.8775444413077, 1228.166399242087, 1600, 2515.0334003536714, 2526.4554040063495, 2361.8450374413105, 2513.66227844256, 2033.4570477276989, 2172.7840122530392, 1776.0022421570372, 1252.3795743385394, 1589.313425923024, 2729.2623117629287, 1559.0077336144775, 1710.4983603272676, 2447.575273075345, 2541.0174571724688, 1465.5047491136734, 1859.3950065105166, 2052.521811155145, 2048.4466970133553, 2413.818475612029, 2429.8293764675473, 2478.7315066681213, 2327.579393042241, 2089.8213009097353, 2064.8117197497036], "traceback": ["passing", "passing", "passing", "passing", "passing", "passing", "passing", "passing", "passing", "passing", "passing", "passing", "passing", "passing", "passing", "passing", "passing", "passing", "passing", "passing", "passing", "passing", "passing", "Traceback (most recent call last):\n  File \"/opt/hostedtoolcache/Python/3.8.10/x64/lib/python3.8/site-packages/humpday/comparison/eloratings.py\", line 76, in optimizer_game\n    black_best_val, black_best_x, black_feval_count = black(objective, n_trials=n_black_trials,\n  File \"/opt/hostedtoolcache/Python/3.8.10/x64/lib/python3.8/site-packages/humpday/optimizers/platypuscube.py\", line 83, in platypus_ibea_cube\n    return platypus_cube(objective=objective, n_trials=n_trials, n_dim=n_dim, with_count=with_count,\n  File \"/opt/hostedtoolcache/Python/3.8.10/x64/lib/python3.8/site-packages/humpday/optimizers/platypuscube.py\", line 51, in platypus_cube\n    best_obj, best_x = feasible_solution_obj[0]\nIndexError: list index out of range\n", "passing", "passing", "Black took 600 function evals when instructed to use 551", "passing", "Black took 219 function evals when instructed to use 218", "passing", "passing", "passing", "passing", "passing", "passing", "passing", "passing", "passing", "passing", "passing", "passing", "passing", "passing", "passing", "not yet run", "passing", "passing", "passing", "passing", "passing", "passing", "passing", "passing", "passing", "passing", "passing", "passing", "passing", "passing", "passing", "Black took 131 function evals when instructed to use 131", "Black took 81 function evals when instructed to use 81", "passing", "passing", "passing", "passing", "passing", "passing", "passing"], "active": [true, true, true, true, true, true, true, true, true, true, true, false, true, true, true, true, true, true, true, true, true, true, true, true, true, true, true, true, true, true, true, true, true, true, true, true, true, true, true, true, true, true, true, true, true, true, true, true, true, true, true, true, true, true, true, true, true, true, true, true, true, true, true, true, true, false, false, true, true]}