{"name": ["shgo_slsqp_sobol_cube", "shgo_powell_sobol_cube", "shgo_nelder_sobol_cube", "scipy_slsqp_cube", "scipy_powell_cube", "scipy_lbfgsb_cube", "pysot_ei_cube", "pysot_lcb_cube", "pysot_random_cube", "pysot_srbf_cube", "pysot_dycors_cube", "ax_default_cube", "optuna_cmaes_cube", "optuna_tpe_cube", "optuna_random_cube", "optuna_random_cube_clone", "optuna_random_cube_clone_1", "optuna_random_cube_clone_2", "platypus_genetic_cube", "platypus_evolutionary_cube", "platypus_nsgaii_cube", "platypus_cmaes_cube", "platypus_gde3_cube", "platypus_ibea_cube", "platypus_moead_cube", "platypus_omopso_cube", "platypus_smpso_cube", "platypus_spea2_cube", "platypus_epsmoea_cube", "nevergrad_ngopt_cube", "nevergrad_ngopt4_cube", "nevergrad_de_cube", "nevergrad_portfolio_cube", "nevergrad_oneplus_cube", "nevergrad_hammersley_cube", "nevergrad_ngopt8_cube", "hyperopt_tpe_cube", "hyperopt_atpe_cube", "hyperopt_rand_cube", "pymoo_nelder_cube", "pymoo_nsga3_cube", "pymoo_unsga3_cube", "pymoo_pattern_cube", "pymoo_nsga2_cube", "pymoo_unsga3_cube", "skopt_gp_default_cube", "bayesopt_ucb_cube", "bayesopt_ei_cube", "bayesopt_poi_cube", "nlopt_direct_cube", "nlopt_ags_cube", "nlopt_esch_cube", "nlopt_isres_cube", "nlopt_crs2lm_cube", "nlopt_directr_cube", "nlopt_directo_cube", "nlopt_directl_cube", "bobyqa_default_cube", "bobyqa_noise_cube", "ultraopt_random_cube", "ultraopt_forest_cube", "ultraopt_gbrt_cube", "ultraopt_etpe_cube", "dlib_cube", "dlib_default_cube", "hebo_cube_sequential", "hebo_cube_batch", "hebo_sequential_cube", "hebo_batch_cube"], "count": [163, 161, 185, 584, 86, 197, 532, 550, 513, 554, 530, 467, 508, 839, 818, 888, 823, 807, 634, 621, 599, 396, 623, 620, 862, 593, 624, 608, 664, 830, 842, 839, 841, 811, 896, 874, 842, 875, 877, 664, 903, 1743, 714, 619, 0, 535, 529, 512, 534, 838, 516, 846, 839, 853, 787, 823, 855, 795, 796, 572, 573, 382, 587, 519, 497, 353, 403, 44, 127], "rating": [1947.9810948479874, 2100.6141440943816, 2120.927251927402, 1558.7433664496818, 1202.687971941194, 1121.8298790454141, 2181.1161599574048, 2131.0650492196455, 1286.397937936198, 2460.12083509075, 2558.4199905679575, 2285.857667948787, 1983.9195740855419, 2041.0096856131354, 1600, 1600, 1600, 1600, 1552.3528471385337, 1447.514152774179, 1338.6114357676477, 1248.0567116991936, 1107.3515243586191, 1372.9115509379508, 1189.4583159635708, 1634.7898426372044, 1568.4258962878853, 1212.1804700209398, 1686.8952911132346, 2358.812151526555, 2304.8685674786166, 1712.765658755481, 1543.7406700335346, 2516.492846475949, 1602.4813600700834, 2426.657287890454, 1754.61610486095, 1865.1799225648726, 1821.523429610937, 1854.393167292285, 1614.4152337385315, 1594.4654229793216, 2037.6303204984624, 1285.236991601998, 1600, 2508.6224093605933, 2486.5110798833393, 2451.5161786985873, 2514.5554722893235, 2021.9081509650846, 2168.8033396346705, 1908.0270725509226, 1307.6878473989234, 1560.4290886988977, 2630.0984580197246, 1502.8612952386368, 1714.3089276780508, 2453.9729329342276, 2521.290400547207, 1392.6651566416022, 1892.3153892804428, 2010.9744721157974, 2033.9641124671348, 2385.869400399116, 2504.2700365761543, 2478.7315066681213, 2327.579393042241, 2025.2994910361485, 2123.278101557885], "traceback": ["passing", "passing", "passing", "passing", "passing", "passing", "passing", "passing", "passing", "passing", "passing", "passing", "passing", "passing", "passing", "Black took 600 function evals when instructed to use 600", "Black took 556 function evals when instructed to use 556", "passing", "passing", "passing", "passing", "passing", "passing", "passing", "passing", "passing", "passing", "passing", "passing", "passing", "passing", "passing", "Black took 212 function evals when instructed to use 211", "passing", "passing", "passing", "Black took 211 function evals when instructed to use 211", "passing", "passing", "passing", "passing", "passing", "passing", "passing", "not yet run", "passing", "passing", "passing", "passing", "passing", "passing", "passing", "passing", "passing", "Black took 131 function evals when instructed to use 131", "passing", "passing", "passing", "passing", "passing", "passing", "passing", "passing", "passing", "passing", "passing", "passing", "passing", "passing"], "active": [true, true, true, true, true, true, true, true, true, true, true, false, true, true, true, true, true, true, true, true, true, true, true, true, true, true, true, true, true, true, true, true, true, true, true, true, true, true, true, true, true, true, true, true, true, true, true, true, true, true, true, true, true, true, true, true, true, true, true, true, true, true, true, true, true, false, false, true, true]}