{"name": ["shgo_slsqp_sobol_cube", "shgo_powell_sobol_cube", "shgo_nelder_sobol_cube", "scipy_slsqp_cube", "scipy_powell_cube", "scipy_lbfgsb_cube", "pysot_ei_cube", "pysot_lcb_cube", "pysot_random_cube", "pysot_srbf_cube", "pysot_dycors_cube", "ax_default_cube", "optuna_cmaes_cube", "optuna_tpe_cube", "optuna_random_cube", "optuna_random_cube_clone", "optuna_random_cube_clone_1", "optuna_random_cube_clone_2", "platypus_genetic_cube", "platypus_evolutionary_cube", "platypus_nsgaii_cube", "platypus_cmaes_cube", "platypus_gde3_cube", "platypus_ibea_cube", "platypus_moead_cube", "platypus_omopso_cube", "platypus_smpso_cube", "platypus_spea2_cube", "platypus_epsmoea_cube", "nevergrad_ngopt_cube", "nevergrad_ngopt4_cube", "nevergrad_de_cube", "nevergrad_portfolio_cube", "nevergrad_oneplus_cube", "nevergrad_hammersley_cube", "nevergrad_ngopt8_cube", "hyperopt_tpe_cube", "hyperopt_atpe_cube", "hyperopt_rand_cube", "pymoo_nelder_cube", "pymoo_nsga3_cube", "pymoo_unsga3_cube", "pymoo_pattern_cube", "pymoo_nsga2_cube", "pymoo_unsga3_cube", "skopt_gp_default_cube", "bayesopt_ucb_cube", "bayesopt_ei_cube", "bayesopt_poi_cube", "nlopt_direct_cube", "nlopt_ags_cube", "nlopt_esch_cube", "nlopt_isres_cube", "nlopt_crs2lm_cube", "nlopt_directr_cube", "nlopt_directo_cube", "nlopt_directl_cube", "bobyqa_default_cube", "bobyqa_noise_cube", "ultraopt_random_cube", "ultraopt_forest_cube", "ultraopt_gbrt_cube", "ultraopt_etpe_cube", "dlib_cube", "dlib_default_cube", "hebo_cube_sequential", "hebo_cube_batch", "hebo_sequential_cube", "hebo_batch_cube"], "count": [171, 170, 194, 627, 89, 214, 561, 572, 544, 583, 562, 467, 532, 899, 879, 940, 884, 865, 675, 682, 651, 429, 669, 663, 916, 652, 662, 653, 719, 881, 899, 902, 903, 867, 947, 931, 905, 929, 954, 724, 957, 1872, 762, 672, 0, 556, 566, 540, 555, 893, 535, 909, 906, 914, 850, 860, 910, 861, 850, 626, 646, 413, 638, 564, 542, 353, 403, 52, 141], "rating": [1970.9274475173547, 2143.0245126571713, 2091.432534134982, 1523.3619704623416, 1204.4816399416788, 1290.6386076051817, 2199.4293228419738, 2099.7270163009216, 1263.8276482405392, 2555.2175596059647, 2530.887510244579, 2285.857667948787, 2130.6640922554047, 2017.2030748021211, 1600, 1600, 1600, 1600, 1464.2737799553877, 1484.517591459478, 1453.8794857248643, 1281.9026910302312, 1126.1471709590144, 1426.992710348794, 1284.7336808331147, 1540.3816791097051, 1549.2432549484836, 1138.5516472170955, 1754.357982209663, 2416.2923056815835, 2373.710302825095, 1790.9962618687557, 1533.599655512691, 2424.4638945980123, 1697.49793633789, 2410.959872427015, 1749.606096121013, 1884.072720607551, 1908.1710465804967, 1908.335137586724, 1687.5703062410462, 1724.1955776284924, 2142.278615092498, 1125.7141827050943, 1600, 2458.8273791347337, 2498.5593414719115, 2405.798537029581, 2557.0425775055332, 1930.335311408737, 2211.700063426381, 1791.1580455940277, 1243.170378358152, 1540.7018873480577, 2719.5908467576046, 1529.6442057223535, 1806.3203549332304, 2517.5424115121245, 2512.087763529511, 1387.086217726318, 1846.2541690803464, 2032.2895180246135, 2042.2891994801626, 2405.1422329783386, 2421.705163411565, 2478.7315066681213, 2327.579393042241, 2090.331389170239, 2113.6985848394643], "traceback": ["passing", "passing", "passing", "passing", "passing", "passing", "passing", "passing", "passing", "passing", "passing", "passing", "passing", "passing", "passing", "passing", "passing", "passing", "passing", "passing", "passing", "passing", "passing", "passing", "passing", "passing", "passing", "passing", "passing", "passing", "passing", "passing", "passing", "passing", "passing", "passing", "passing", "passing", "passing", "passing", "Black took 211 function evals when instructed to use 211", "passing", "passing", "passing", "not yet run", "passing", "passing", "passing", "passing", "passing", "passing", "Black took 131 function evals when instructed to use 131", "passing", "passing", "passing", "passing", "passing", "Black took 81 function evals when instructed to use 81", "passing", "passing", "passing", "passing", "passing", "passing", "Traceback (most recent call last):\n  File \"/opt/hostedtoolcache/Python/3.8.10/x64/lib/python3.8/site-packages/humpday/comparison/eloratings.py\", line 76, in optimizer_game\n    black_best_val, black_best_x, black_feval_count = black(objective, n_trials=n_black_trials,\n  File \"/opt/hostedtoolcache/Python/3.8.10/x64/lib/python3.8/site-packages/humpday/optimizers/dlibcube.py\", line 28, in dlib_default_cube\n    best_x, best_val = find_min_global(_objective, lb, ub, n_trials)\nRuntimeError: \n\nError detected at line 63.\nError detected in file /tmp/pip-install-p7fiiet7/dlib_3e4b5893b4b847439ad9ec786e78b532/tools/python/src/global_optimization.cpp.\nError detected in function double call_func(pybind11::object, const dlib::matrix<double, 0, 1>&).\n\nFailing expression was 0 < num && num < 35.\nFunctions being optimized must take between 1 and 35 scalar arguments.\n\n", "passing", "passing", "passing", "passing"], "active": [true, true, true, true, true, true, true, true, true, true, true, false, true, true, true, true, true, true, true, true, true, true, true, true, true, true, true, true, true, true, true, true, true, true, true, true, true, true, true, true, true, true, true, true, true, true, true, true, true, true, true, true, true, true, true, true, true, true, true, true, true, true, true, true, true, false, false, true, true]}