{"name": ["shgo_slsqp_sobol_cube", "shgo_powell_sobol_cube", "shgo_nelder_sobol_cube", "scipy_slsqp_cube", "scipy_powell_cube", "scipy_lbfgsb_cube", "pysot_ei_cube", "pysot_lcb_cube", "pysot_random_cube", "pysot_srbf_cube", "pysot_dycors_cube", "ax_default_cube", "optuna_cmaes_cube", "optuna_tpe_cube", "optuna_random_cube", "optuna_random_cube_clone", "optuna_random_cube_clone_1", "optuna_random_cube_clone_2", "platypus_genetic_cube", "platypus_evolutionary_cube", "platypus_nsgaii_cube", "platypus_cmaes_cube", "platypus_gde3_cube", "platypus_ibea_cube", "platypus_moead_cube", "platypus_omopso_cube", "platypus_smpso_cube", "platypus_spea2_cube", "platypus_epsmoea_cube", "nevergrad_ngopt_cube", "nevergrad_ngopt4_cube", "nevergrad_de_cube", "nevergrad_portfolio_cube", "nevergrad_oneplus_cube", "nevergrad_hammersley_cube", "nevergrad_ngopt8_cube", "hyperopt_tpe_cube", "hyperopt_atpe_cube", "hyperopt_rand_cube", "pymoo_nelder_cube", "pymoo_nsga3_cube", "pymoo_unsga3_cube", "pymoo_pattern_cube", "pymoo_nsga2_cube", "pymoo_unsga3_cube", "skopt_gp_default_cube", "bayesopt_ucb_cube", "bayesopt_ei_cube", "bayesopt_poi_cube", "nlopt_direct_cube", "nlopt_ags_cube", "nlopt_esch_cube", "nlopt_isres_cube", "nlopt_crs2lm_cube", "nlopt_directr_cube", "nlopt_directo_cube", "nlopt_directl_cube", "bobyqa_default_cube", "bobyqa_noise_cube", "ultraopt_random_cube", "ultraopt_forest_cube", "ultraopt_gbrt_cube", "ultraopt_etpe_cube", "dlib_cube", "dlib_default_cube", "hebo_cube_sequential", "hebo_cube_batch", "hebo_sequential_cube", "hebo_batch_cube"], "count": [112, 111, 132, 374, 65, 121, 403, 437, 387, 421, 394, 416, 380, 569, 554, 590, 565, 545, 384, 424, 378, 290, 398, 380, 594, 350, 418, 374, 425, 572, 548, 572, 556, 545, 601, 584, 563, 573, 586, 450, 614, 1165, 478, 392, 0, 415, 391, 395, 424, 555, 377, 571, 538, 574, 524, 543, 560, 507, 551, 273, 291, 260, 297, 288, 280, 353, 403, 0, 0], "rating": [1733.324924780787, 1747.5101585704488, 1883.353469465369, 1198.3455299792756, 1190.9232492099231, 883.3216448447615, 2438.6873066167495, 2286.5480079072336, 1169.0034647905047, 2747.0232183729668, 2592.982364316619, 2512.6595637689434, 1824.9515220515784, 1977.879055326465, 1600, 1600, 1600, 1616.7152722512221, 1160.2419805563813, 1063.3221087567977, 1220.3762916704354, 1030.0313187457855, 946.8316230049874, 1158.3238738978375, 1363.7030553445109, 1327.915008536298, 1177.9374096316014, 1195.5213888119408, 1196.2320255767534, 1942.3594828184573, 2053.8796726940127, 1448.1289007619614, 1453.1613787004158, 2140.6511669871065, 1180.624212905187, 1882.9865138075559, 1630.529144490191, 1718.9225513292254, 1723.5290646403503, 2206.0400086827144, 1785.3310454411185, 1755.9756111183815, 2186.769485783536, 1257.732055259528, 1600, 2502.3342860963085, 2432.4145805714784, 2471.3455216906914, 2803.3506944171017, 2146.0386647332607, 2245.7212255346453, 1585.1819781720965, 1166.6595358305597, 1625.1122419635997, 2327.888146580906, 1683.0455237360402, 2277.3108559677307, 2466.1861235369115, 2452.663737266475, 1286.7989018550215, 2128.132942690725, 2186.006041583897, 2390.6647383872887, 2393.356309467392, 2154.6013721727572, 2478.7315066681213, 2327.579393042241, 1600, 1600], "traceback": ["passing", "passing", "passing", "passing", "passing", "passing", "Black took 131 function evals when instructed to use 131", "passing", "passing", "passing", "passing", "passing", "passing", "passing", "passing", "passing", "passing", "Black took 84 function evals when instructed to use 84", "passing", "passing", "passing", "passing", "passing", "passing", "passing", "passing", "passing", "passing", "passing", "passing", "passing", "passing", "passing", "passing", "passing", "passing", "Black took 132 function evals when instructed to use 132", "passing", "passing", "passing", "passing", "passing", "passing", "passing", "not yet run", "passing", "Black took 131 function evals when instructed to use 131", "passing", "passing", "Black took 551 function evals when instructed to use 551", "passing", "passing", "passing", "passing", "passing", "passing", "Black took 131 function evals when instructed to use 131", "passing", "passing", "Black took 81 function evals when instructed to use 81", "passing", "passing", "passing", "passing", "passing", "passing", "passing", "not yet run", "not yet run"], "active": [true, true, true, true, true, true, true, true, true, true, true, true, true, true, true, true, true, true, true, true, true, true, true, true, true, true, true, true, true, true, true, true, true, true, true, true, true, true, true, true, true, true, true, true, true, true, true, true, true, true, true, true, true, true, true, true, true, true, true, true, true, true, true, true, true, false, false, true, true]}