{"name": ["shgo_slsqp_sobol_cube", "shgo_powell_sobol_cube", "shgo_nelder_sobol_cube", "scipy_slsqp_cube", "scipy_powell_cube", "scipy_lbfgsb_cube", "pysot_ei_cube", "pysot_lcb_cube", "pysot_random_cube", "pysot_srbf_cube", "pysot_dycors_cube", "ax_default_cube", "optuna_cmaes_cube", "optuna_tpe_cube", "optuna_random_cube", "optuna_random_cube_clone", "optuna_random_cube_clone_1", "optuna_random_cube_clone_2", "platypus_genetic_cube", "platypus_evolutionary_cube", "platypus_nsgaii_cube", "platypus_cmaes_cube", "platypus_gde3_cube", "platypus_ibea_cube", "platypus_moead_cube", "platypus_omopso_cube", "platypus_smpso_cube", "platypus_spea2_cube", "platypus_epsmoea_cube", "nevergrad_ngopt_cube", "nevergrad_ngopt4_cube", "nevergrad_de_cube", "nevergrad_portfolio_cube", "nevergrad_oneplus_cube", "nevergrad_hammersley_cube", "nevergrad_ngopt8_cube", "hyperopt_tpe_cube", "hyperopt_atpe_cube", "hyperopt_rand_cube", "pymoo_nelder_cube", "pymoo_nsga3_cube", "pymoo_unsga3_cube", "pymoo_pattern_cube", "pymoo_nsga2_cube", "pymoo_unsga3_cube", "skopt_gp_default_cube", "bayesopt_ucb_cube", "bayesopt_ei_cube", "bayesopt_poi_cube", "nlopt_direct_cube", "nlopt_ags_cube", "nlopt_esch_cube", "nlopt_isres_cube", "nlopt_crs2lm_cube", "nlopt_directr_cube", "nlopt_directo_cube", "nlopt_directl_cube", "bobyqa_default_cube", "bobyqa_noise_cube", "ultraopt_random_cube", "ultraopt_forest_cube", "ultraopt_gbrt_cube", "ultraopt_etpe_cube", "dlib_cube", "dlib_default_cube", "hebo_cube_sequential", "hebo_cube_batch", "hebo_sequential_cube", "hebo_batch_cube"], "count": [143, 143, 159, 496, 73, 161, 479, 506, 465, 501, 473, 467, 450, 729, 706, 768, 724, 680, 538, 544, 509, 342, 542, 510, 750, 485, 533, 505, 564, 715, 710, 728, 710, 703, 778, 748, 731, 764, 750, 576, 763, 1495, 613, 519, 0, 487, 475, 471, 483, 716, 454, 720, 707, 719, 667, 702, 735, 680, 692, 445, 448, 335, 465, 425, 399, 353, 403, 31, 66], "rating": [1874.2235303390448, 1993.8917414188363, 2007.0502179327511, 1504.0470174351642, 1206.366905857625, 1012.0788546806297, 2214.9263216691284, 2094.6530562345074, 1229.3666577885301, 2491.0152065778966, 2569.867685132068, 2285.857667948787, 1865.546433001767, 1912.7010608755224, 1600, 1600, 1600, 1600, 1322.5161662723367, 1412.7012755815604, 1496.2707588002156, 1119.671803901608, 1225.3898646208997, 1382.9578807484183, 1318.1710147701424, 1625.1283548202696, 1472.0106690743057, 978.9313165910772, 1585.3813478111144, 2303.0228859763833, 2412.5350230392073, 1619.2408350012788, 1483.766701980458, 2384.9833444704705, 1573.3427738184503, 2273.1334965038573, 1872.6587092600475, 1907.4193740588921, 1772.6061984494552, 1694.8246988083242, 1558.979412256397, 1708.6883941102635, 2197.3427498135097, 1294.451902961708, 1600, 2568.029826299326, 2513.554434004443, 2410.423511588147, 2670.4825529539808, 1969.842841640489, 2205.8610932647107, 1779.7202897116897, 1289.92457511311, 1325.4118957865014, 2500.7006677945774, 1483.892819331288, 1636.9974012522941, 2384.06580837722, 2465.2530031662654, 1377.7116219098841, 1995.4832040060378, 2009.8609859085816, 2161.6417768579777, 2353.875719869771, 2356.7922213509974, 2478.7315066681213, 2327.579393042241, 1939.464121303092, 1873.505770031275], "traceback": ["passing", "passing", "passing", "passing", "passing", "passing", "passing", "passing", "passing", "passing", "passing", "Black took 81 function evals when instructed to use 81", "passing", "passing", "passing", "Black took 341 function evals when instructed to use 341", "passing", "passing", "passing", "passing", "passing", "passing", "passing", "passing", "passing", "passing", "passing", "passing", "passing", "passing", "passing", "passing", "passing", "passing", "passing", "passing", "passing", "Black took 81 function evals when instructed to use 81", "passing", "passing", "passing", "passing", "passing", "passing", "not yet run", "passing", "passing", "passing", "passing", "Black took 81 function evals when instructed to use 81", "passing", "passing", "passing", "Black took 139 function evals when instructed to use 131", "Black took 131 function evals when instructed to use 131", "passing", "passing", "passing", "passing", "Black took 214 function evals when instructed to use 214", "passing", "Black took 81 function evals when instructed to use 81", "passing", "Traceback (most recent call last):\n  File \"/opt/hostedtoolcache/Python/3.8.8/x64/lib/python3.8/site-packages/humpday/comparison/eloratings.py\", line 76, in optimizer_game\n    black_best_val, black_best_x, black_feval_count = black(objective, n_trials=n_black_trials,\n  File \"/opt/hostedtoolcache/Python/3.8.8/x64/lib/python3.8/site-packages/humpday/optimizers/dlibcube.py\", line 33, in dlib_cube\n    return dlib_default_cube(objective=objective, n_trials=n_trials, n_dim=n_dim, with_count=with_count)  # It is useful to have a clone of one of the better algos\n  File \"/opt/hostedtoolcache/Python/3.8.8/x64/lib/python3.8/site-packages/humpday/optimizers/dlibcube.py\", line 28, in dlib_default_cube\n    best_x, best_val = find_min_global(_objective, lb, ub, n_trials)\nRuntimeError: \n\nError detected at line 63.\nError detected in file /tmp/pip-install-sot0eamq/dlib_8e22afc018ff4b62bce0b153f38fe6e7/tools/python/src/global_optimization.cpp.\nError detected in function double call_func(pybind11::object, const dlib::matrix<double, 0, 1>&).\n\nFailing expression was 0 < num && num < 35.\nFunctions being optimized must take between 1 and 35 scalar arguments.\n\n", "Black took 551 function evals when instructed to use 551", "passing", "passing", "passing", "passing"], "active": [true, true, true, true, true, true, true, true, true, true, true, true, true, true, true, true, true, true, true, true, true, true, true, true, true, true, true, true, true, true, true, true, true, true, true, true, true, true, true, true, true, true, true, true, true, true, true, true, true, true, true, true, true, true, true, true, true, true, true, true, true, true, true, true, true, false, false, true, true]}