{"name": ["shgo_slsqp_sobol_cube", "shgo_powell_sobol_cube", "shgo_nelder_sobol_cube", "scipy_slsqp_cube", "scipy_powell_cube", "scipy_lbfgsb_cube", "pysot_ei_cube", "pysot_lcb_cube", "pysot_random_cube", "pysot_srbf_cube", "pysot_dycors_cube", "ax_default_cube", "optuna_cmaes_cube", "optuna_tpe_cube", "optuna_random_cube", "optuna_random_cube_clone", "optuna_random_cube_clone_1", "optuna_random_cube_clone_2", "platypus_genetic_cube", "platypus_evolutionary_cube", "platypus_nsgaii_cube", "platypus_cmaes_cube", "platypus_gde3_cube", "platypus_ibea_cube", "platypus_moead_cube", "platypus_omopso_cube", "platypus_smpso_cube", "platypus_spea2_cube", "platypus_epsmoea_cube", "nevergrad_ngopt_cube", "nevergrad_ngopt4_cube", "nevergrad_de_cube", "nevergrad_portfolio_cube", "nevergrad_oneplus_cube", "nevergrad_hammersley_cube", "nevergrad_ngopt8_cube", "hyperopt_tpe_cube", "hyperopt_atpe_cube", "hyperopt_rand_cube", "pymoo_nelder_cube", "pymoo_nsga3_cube", "pymoo_unsga3_cube", "pymoo_pattern_cube", "pymoo_nsga2_cube", "pymoo_unsga3_cube", "skopt_gp_default_cube", "bayesopt_ucb_cube", "bayesopt_ei_cube", "bayesopt_poi_cube", "nlopt_direct_cube", "nlopt_ags_cube", "nlopt_esch_cube", "nlopt_isres_cube", "nlopt_crs2lm_cube", "nlopt_directr_cube", "nlopt_directo_cube", "nlopt_directl_cube", "bobyqa_default_cube", "bobyqa_noise_cube", "ultraopt_random_cube", "ultraopt_forest_cube", "ultraopt_gbrt_cube", "ultraopt_etpe_cube", "dlib_cube", "dlib_default_cube", "hebo_cube_sequential", "hebo_cube_batch", "hebo_sequential_cube", "hebo_batch_cube"], "count": [145, 152, 169, 522, 78, 169, 489, 522, 483, 515, 489, 467, 466, 762, 742, 806, 745, 713, 565, 560, 536, 359, 567, 528, 783, 520, 555, 542, 594, 740, 757, 759, 752, 737, 812, 784, 756, 802, 784, 604, 803, 1576, 644, 543, 0, 499, 487, 484, 501, 746, 469, 753, 744, 760, 697, 730, 764, 712, 717, 473, 490, 343, 505, 445, 432, 353, 403, 33, 84], "rating": [1865.0096800632841, 2057.385881174381, 2024.0545057381926, 1512.552565223491, 1198.5770776374004, 1009.0702329784825, 2244.1425229173847, 2112.2605608145723, 1176.2163341550354, 2569.1582743933873, 2533.4096864008397, 2285.857667948787, 1876.719111014756, 1956.021085768629, 1600, 1600, 1600, 1600, 1366.6627304093174, 1349.5748844600391, 1446.5072892484911, 1230.3217429159806, 1181.7148075027962, 1361.0797793757147, 1276.379549758341, 1670.4199670994055, 1450.9036854446056, 1156.0939601530945, 1561.6672311733237, 2345.5107498512652, 2318.245628266815, 1711.2381176746621, 1445.7420701035153, 2437.538819816137, 1625.3517287239922, 2296.838820027545, 1850.9148557761803, 1918.0074532336523, 1787.106545349689, 1792.3706777597479, 1581.6574735607196, 1617.2520991064657, 2131.58376317454, 1335.0520287260017, 1600, 2537.1822708890227, 2466.503596470932, 2369.726576217095, 2645.4319308061363, 2044.2122887325347, 2218.018839507853, 1705.312915035885, 1323.878718292657, 1415.7761390340593, 2547.005910992205, 1436.7880810769136, 1677.627184986209, 2362.857102342023, 2533.5359323428797, 1365.6244601082888, 1951.8587867561016, 2025.7290141397368, 2054.821296352899, 2356.8225148676565, 2408.8321182141103, 2478.7315066681213, 2327.579393042241, 1943.3654821959758, 1993.4767528472644], "traceback": ["passing", "passing", "passing", "passing", "passing", "passing", "passing", "passing", "passing", "passing", "passing", "passing", "passing", "passing", "passing", "passing", "passing", "passing", "passing", "passing", "passing", "passing", "passing", "passing", "passing", "passing", "passing", "passing", "passing", "Black took 601 function evals when instructed to use 600", "passing", "passing", "Black took 342 function evals when instructed to use 341", "passing", "Black took 132 function evals when instructed to use 131", "passing", "passing", "passing", "passing", "passing", "passing", "passing", "Black took 87 function evals when instructed to use 81", "passing", "not yet run", "passing", "passing", "passing", "Black took 81 function evals when instructed to use 81", "passing", "Black took 81 function evals when instructed to use 81", "passing", "passing", "passing", "passing", "passing", "passing", "passing", "passing", "passing", "passing", "passing", "Black took 224 function evals when instructed to use 224", "passing", "Traceback (most recent call last):\n  File \"/opt/hostedtoolcache/Python/3.8.9/x64/lib/python3.8/site-packages/humpday/comparison/eloratings.py\", line 76, in optimizer_game\n    black_best_val, black_best_x, black_feval_count = black(objective, n_trials=n_black_trials,\n  File \"/opt/hostedtoolcache/Python/3.8.9/x64/lib/python3.8/site-packages/humpday/optimizers/dlibcube.py\", line 28, in dlib_default_cube\n    best_x, best_val = find_min_global(_objective, lb, ub, n_trials)\nRuntimeError: \n\nError detected at line 63.\nError detected in file /tmp/pip-install-_dae9rr_/dlib_f00ae361ac0f4a00a5f1bed4727d52ec/tools/python/src/global_optimization.cpp.\nError detected in function double call_func(pybind11::object, const dlib::matrix<double, 0, 1>&).\n\nFailing expression was 0 < num && num < 35.\nFunctions being optimized must take between 1 and 35 scalar arguments.\n\n", "passing", "passing", "passing", "passing"], "active": [true, true, true, true, true, true, true, true, true, true, true, false, true, true, true, true, true, true, true, true, true, true, true, true, true, true, true, true, true, true, true, true, true, true, true, true, true, true, true, true, true, true, true, true, true, true, true, true, true, true, true, true, true, true, true, true, true, true, true, true, true, true, true, true, true, false, false, true, true]}