{"name": ["shgo_slsqp_sobol_cube", "shgo_powell_sobol_cube", "shgo_nelder_sobol_cube", "scipy_slsqp_cube", "scipy_powell_cube", "scipy_lbfgsb_cube", "pysot_ei_cube", "pysot_lcb_cube", "pysot_random_cube", "pysot_srbf_cube", "pysot_dycors_cube", "ax_default_cube", "optuna_cmaes_cube", "optuna_tpe_cube", "optuna_random_cube", "optuna_random_cube_clone", "optuna_random_cube_clone_1", "optuna_random_cube_clone_2", "platypus_genetic_cube", "platypus_evolutionary_cube", "platypus_nsgaii_cube", "platypus_cmaes_cube", "platypus_gde3_cube", "platypus_ibea_cube", "platypus_moead_cube", "platypus_omopso_cube", "platypus_smpso_cube", "platypus_spea2_cube", "platypus_epsmoea_cube", "nevergrad_ngopt_cube", "nevergrad_ngopt4_cube", "nevergrad_de_cube", "nevergrad_portfolio_cube", "nevergrad_oneplus_cube", "nevergrad_hammersley_cube", "nevergrad_ngopt8_cube", "hyperopt_tpe_cube", "hyperopt_atpe_cube", "hyperopt_rand_cube", "pymoo_nelder_cube", "pymoo_nsga3_cube", "pymoo_unsga3_cube", "pymoo_pattern_cube", "pymoo_nsga2_cube", "pymoo_unsga3_cube", "skopt_gp_default_cube", "bayesopt_ucb_cube", "bayesopt_ei_cube", "bayesopt_poi_cube", "nlopt_direct_cube", "nlopt_ags_cube", "nlopt_esch_cube", "nlopt_isres_cube", "nlopt_crs2lm_cube", "nlopt_directr_cube", "nlopt_directo_cube", "nlopt_directl_cube", "bobyqa_default_cube", "bobyqa_noise_cube", "ultraopt_random_cube", "ultraopt_forest_cube", "ultraopt_gbrt_cube", "ultraopt_etpe_cube", "dlib_cube", "dlib_default_cube", "hebo_cube_sequential", "hebo_cube_batch", "hebo_sequential_cube", "hebo_batch_cube"], "count": [114, 115, 137, 389, 66, 133, 416, 450, 404, 431, 409, 423, 390, 604, 587, 615, 585, 573, 416, 439, 403, 297, 417, 404, 614, 373, 433, 401, 445, 597, 569, 604, 584, 567, 619, 603, 595, 608, 620, 466, 632, 1226, 495, 408, 0, 424, 401, 409, 433, 579, 386, 583, 570, 597, 550, 566, 589, 537, 570, 305, 315, 274, 328, 316, 300, 353, 403, 9, 9], "rating": [1739.2135428213485, 1789.6465405370734, 1889.198685727915, 1271.9968829702655, 1199.4254915369145, 944.8728928848072, 2413.780647692037, 2243.8874789882802, 1246.8978830692613, 2739.742714154946, 2611.2351101223726, 2450.516458906429, 1845.0654062493807, 2022.5639249997594, 1600, 1600, 1600, 1600, 1223.8737239266836, 1193.5280933147942, 1376.9770414369, 1018.2685301942727, 914.9887964819283, 1171.6382759911783, 1254.6345479700024, 1387.8826227440022, 1152.783164576532, 1174.6602057813905, 1260.240611160041, 2101.8423887662334, 2150.3172042638544, 1515.688956669883, 1505.1561979698786, 2193.1505409853467, 1256.870383775248, 1984.5886579514709, 1702.7438757026998, 1773.1424002836557, 1866.8333288915019, 2089.239769318917, 1676.1766589899028, 1617.8403664606615, 2237.561236328011, 1236.7559903202853, 1600, 2513.102785520967, 2444.833422569168, 2436.4773153495967, 2774.9572935073556, 2094.633128594528, 2172.0593400500306, 1587.6125961353766, 1123.9272439849758, 1617.360293081961, 2283.631482598732, 1603.553676902921, 2031.816986881124, 2449.9590051244104, 2424.4329946819507, 1286.7267970005657, 2133.2742623222775, 2156.245722955051, 2297.5936320294454, 2366.862227495538, 2148.226531079608, 2478.7315066681213, 2327.579393042241, 1842.0593519365484, 1746.51021989194], "traceback": ["passing", "passing", "passing", "passing", "passing", "passing", "passing", "Black took 81 function evals when instructed to use 81", "passing", "passing", "passing", "passing", "passing", "passing", "Black took 211 function evals when instructed to use 211", "passing", "passing", "passing", "passing", "passing", "passing", "passing", "passing", "passing", "passing", "passing", "passing", "passing", "passing", "passing", "passing", "passing", "passing", "passing", "passing", "passing", "Black took 600 function evals when instructed to use 600", "passing", "passing", "passing", "passing", "passing", "Black took 366 function evals when instructed to use 341", "Black took 600 function evals when instructed to use 551", "not yet run", "passing", "passing", "passing", "passing", "passing", "passing", "passing", "passing", "Black took 357 function evals when instructed to use 341", "passing", "passing", "passing", "passing", "passing", "passing", "passing", "passing", "passing", "passing", "passing", "passing", "passing", "passing", "passing"], "active": [true, true, true, true, true, true, true, true, true, true, true, true, true, true, true, true, true, true, true, true, true, true, true, true, true, true, true, true, true, true, true, true, true, true, true, true, true, true, true, true, true, true, true, true, true, true, true, true, true, true, true, true, true, true, true, true, true, true, true, true, true, true, true, true, true, false, false, true, true]}