{"name": ["shgo_slsqp_sobol_cube", "shgo_powell_sobol_cube", "shgo_nelder_sobol_cube", "scipy_slsqp_cube", "scipy_powell_cube", "scipy_lbfgsb_cube", "pysot_ei_cube", "pysot_lcb_cube", "pysot_random_cube", "pysot_srbf_cube", "pysot_dycors_cube", "ax_default_cube", "optuna_cmaes_cube", "optuna_tpe_cube", "optuna_random_cube", "optuna_random_cube_clone", "optuna_random_cube_clone_1", "optuna_random_cube_clone_2", "platypus_genetic_cube", "platypus_evolutionary_cube", "platypus_nsgaii_cube", "platypus_cmaes_cube", "platypus_gde3_cube", "platypus_ibea_cube", "platypus_moead_cube", "platypus_omopso_cube", "platypus_smpso_cube", "platypus_spea2_cube", "platypus_epsmoea_cube", "nevergrad_ngopt_cube", "nevergrad_ngopt4_cube", "nevergrad_de_cube", "nevergrad_portfolio_cube", "nevergrad_oneplus_cube", "nevergrad_hammersley_cube", "nevergrad_ngopt8_cube", "hyperopt_tpe_cube", "hyperopt_atpe_cube", "hyperopt_rand_cube", "pymoo_nelder_cube", "pymoo_nsga3_cube", "pymoo_unsga3_cube", "pymoo_pattern_cube", "pymoo_nsga2_cube", "pymoo_unsga3_cube", "skopt_gp_default_cube", "bayesopt_ucb_cube", "bayesopt_ei_cube", "bayesopt_poi_cube", "nlopt_direct_cube", "nlopt_ags_cube", "nlopt_esch_cube", "nlopt_isres_cube", "nlopt_crs2lm_cube", "nlopt_directr_cube", "nlopt_directo_cube", "nlopt_directl_cube", "bobyqa_default_cube", "bobyqa_noise_cube", "ultraopt_random_cube", "ultraopt_forest_cube", "ultraopt_gbrt_cube", "ultraopt_etpe_cube", "dlib_cube", "dlib_default_cube", "hebo_cube_sequential", "hebo_cube_batch", "hebo_sequential_cube", "hebo_batch_cube"], "count": [145, 151, 167, 518, 78, 169, 488, 520, 476, 511, 485, 467, 462, 759, 737, 794, 742, 710, 560, 557, 528, 356, 563, 521, 780, 507, 547, 533, 591, 736, 748, 750, 742, 728, 801, 777, 750, 793, 777, 600, 794, 1557, 637, 537, 0, 497, 483, 479, 498, 740, 467, 750, 738, 754, 687, 724, 759, 704, 716, 467, 479, 341, 498, 441, 428, 353, 403, 32, 81], "rating": [1865.0096800632841, 2064.677683174917, 2026.5361197310988, 1542.3107886151506, 1198.5770776374004, 1009.0702329784825, 2238.535532075381, 2110.3239413969673, 1220.7299242732747, 2542.774207309707, 2528.7519450727314, 2285.857667948787, 1848.1406424422264, 1989.9169016546873, 1600, 1600, 1600, 1600, 1387.6045563707871, 1337.8668578891732, 1442.3753174966694, 1219.2513765332194, 1198.4653150065183, 1360.4562566620548, 1284.672235670301, 1620.330116201576, 1425.5886413636322, 1088.908967981074, 1614.8222219843783, 2333.5192675779545, 2301.0838962516573, 1694.3454779990132, 1473.5837472683024, 2414.117587845227, 1617.1562154607009, 2269.204912595355, 1831.7696221207038, 1898.212473842735, 1812.9430746057426, 1813.645904730787, 1543.026635570713, 1608.9197648668076, 2136.8917774214024, 1300.7238223767379, 1600, 2559.5516028409515, 2454.304124302081, 2366.753996787165, 2643.8897723919176, 1979.6494517951894, 2251.0414870604986, 1730.1278393793511, 1342.5123557109994, 1415.2335903603284, 2536.369545440688, 1482.9132669563246, 1680.3765845459388, 2397.067954511294, 2531.6296219758274, 1367.5870230255784, 1934.452303223921, 2031.1546158691915, 2081.2190840254398, 2358.724685034715, 2414.9479226719673, 2478.7315066681213, 2327.579393042241, 1933.862981670664, 1947.9305290849827], "traceback": ["passing", "passing", "passing", "passing", "passing", "passing", "passing", "passing", "passing", "passing", "passing", "passing", "passing", "passing", "passing", "passing", "passing", "passing", "passing", "passing", "passing", "passing", "passing", "passing", "passing", "passing", "passing", "passing", "passing", "passing", "passing", "passing", "passing", "passing", "Black took 212 function evals when instructed to use 211", "Black took 132 function evals when instructed to use 131", "passing", "passing", "passing", "passing", "passing", "passing", "passing", "passing", "not yet run", "passing", "passing", "passing", "passing", "Black took 81 function evals when instructed to use 81", "passing", "passing", "passing", "passing", "passing", "passing", "passing", "passing", "passing", "passing", "Black took 230 function evals when instructed to use 230", "passing", "passing", "passing", "passing", "passing", "passing", "passing", "passing"], "active": [true, true, true, true, true, true, true, true, true, true, true, false, true, true, true, true, true, true, true, true, true, true, true, true, true, true, true, true, true, true, true, true, true, true, true, true, true, true, true, true, true, true, true, true, true, true, true, true, true, true, true, true, true, true, true, true, true, true, true, true, true, true, true, true, true, false, false, true, true]}