{"name": ["shgo_slsqp_sobol_cube", "shgo_powell_sobol_cube", "shgo_nelder_sobol_cube", "scipy_slsqp_cube", "scipy_powell_cube", "scipy_lbfgsb_cube", "pysot_ei_cube", "pysot_lcb_cube", "pysot_random_cube", "pysot_srbf_cube", "pysot_dycors_cube", "ax_default_cube", "optuna_cmaes_cube", "optuna_tpe_cube", "optuna_random_cube", "optuna_random_cube_clone", "optuna_random_cube_clone_1", "optuna_random_cube_clone_2", "platypus_genetic_cube", "platypus_evolutionary_cube", "platypus_nsgaii_cube", "platypus_cmaes_cube", "platypus_gde3_cube", "platypus_ibea_cube", "platypus_moead_cube", "platypus_omopso_cube", "platypus_smpso_cube", "platypus_spea2_cube", "platypus_epsmoea_cube", "nevergrad_ngopt_cube", "nevergrad_ngopt4_cube", "nevergrad_de_cube", "nevergrad_portfolio_cube", "nevergrad_oneplus_cube", "nevergrad_hammersley_cube", "nevergrad_ngopt8_cube", "hyperopt_tpe_cube", "hyperopt_atpe_cube", "hyperopt_rand_cube", "pymoo_nelder_cube", "pymoo_nsga3_cube", "pymoo_unsga3_cube", "pymoo_pattern_cube", "pymoo_nsga2_cube", "pymoo_unsga3_cube", "skopt_gp_default_cube", "bayesopt_ucb_cube", "bayesopt_ei_cube", "bayesopt_poi_cube", "nlopt_direct_cube", "nlopt_ags_cube", "nlopt_esch_cube", "nlopt_isres_cube", "nlopt_crs2lm_cube", "nlopt_directr_cube", "nlopt_directo_cube", "nlopt_directl_cube", "bobyqa_default_cube", "bobyqa_noise_cube", "ultraopt_random_cube", "ultraopt_forest_cube", "ultraopt_gbrt_cube", "ultraopt_etpe_cube", "dlib_cube", "dlib_default_cube", "hebo_cube_sequential", "hebo_cube_batch", "hebo_sequential_cube", "hebo_batch_cube"], "count": [118, 123, 144, 430, 69, 147, 435, 478, 428, 461, 433, 436, 411, 656, 630, 683, 638, 618, 465, 470, 447, 319, 468, 449, 664, 414, 477, 444, 494, 646, 626, 655, 635, 614, 675, 658, 651, 657, 677, 510, 683, 1325, 547, 449, 0, 446, 427, 427, 449, 635, 417, 631, 626, 640, 605, 617, 647, 599, 623, 353, 355, 292, 381, 363, 345, 353, 403, 20, 33], "rating": [1792.5986978955318, 1838.1506366462304, 1886.832886377737, 1495.4215809995171, 1213.3735556280474, 1013.9174620308661, 2381.857386320353, 2198.7533091117266, 1142.2631619433125, 2564.549725449727, 2557.0157404855895, 2394.359764751404, 1788.9776525357308, 1938.199686649925, 1600, 1600, 1600, 1600, 1324.5409269134084, 1257.4294092108942, 1403.6387606116327, 1054.3371453169214, 1061.7074855265785, 1262.998852299303, 1347.2195055303575, 1451.1725574327584, 1248.5141468472461, 1144.3046153733274, 1384.509418188026, 2213.153973934313, 2221.9117302084846, 1555.8095419669096, 1503.6911219744338, 2355.6882274010004, 1451.9675113320677, 2177.4249549408473, 1730.9318459392657, 1776.0992979834477, 1779.205896154103, 1934.442775510963, 1559.3473055005632, 1681.5783928598048, 2289.9114124272965, 1320.5349902877076, 1600, 2529.643051158734, 2454.296883002884, 2494.007154559624, 2732.7067907042015, 1917.9090726207755, 2270.082250728944, 1747.09329030845, 1144.3104617425765, 1506.5711450070714, 2429.783163908866, 1681.7576068611402, 1745.8512984641131, 2339.8887579205643, 2384.8534812103753, 1252.0998776729923, 2015.6010697728243, 2141.1598112922675, 2240.155058220837, 2384.908298774453, 2252.1055772717955, 2478.7315066681213, 2327.579393042241, 1869.5659722714352, 1854.450150603296], "traceback": ["passing", "passing", "passing", "passing", "Traceback (most recent call last):\n  File \"/opt/hostedtoolcache/Python/3.8.8/x64/lib/python3.8/site-packages/humpday/comparison/eloratings.py\", line 41, in optimizer_game\n    white_best_val, white_best_x, white_feval_count = white(objective, n_trials=n_white_trials, n_dim=n_dim,\n  File \"/opt/hostedtoolcache/Python/3.8.8/x64/lib/python3.8/site-packages/humpday/optimizers/scipycube.py\", line 40, in scipy_powell_cube\n    return scipy_cube(objective=objective, n_trials=n_trials, n_dim=n_dim, with_count=with_count, method='powell')\n  File \"/opt/hostedtoolcache/Python/3.8.8/x64/lib/python3.8/site-packages/humpday/optimizers/scipycube.py\", line 29, in scipy_cube\n    result = minimize(_objective, x0=[0]*n_dim, method=options['method'],bounds=bounds, options=options)\n  File \"/opt/hostedtoolcache/Python/3.8.8/x64/lib/python3.8/site-packages/scipy/optimize/_minimize.py\", line 610, in minimize\n    return _minimize_powell(fun, x0, args, callback, bounds, **options)\n  File \"/opt/hostedtoolcache/Python/3.8.8/x64/lib/python3.8/site-packages/scipy/optimize/optimize.py\", line 2993, in _minimize_powell\n    fx2 = squeeze(func(x2))\n  File \"/opt/hostedtoolcache/Python/3.8.8/x64/lib/python3.8/site-packages/scipy/optimize/optimize.py\", line 461, in function_wrapper\n    return function(*(wrapper_args + args))\n  File \"/opt/hostedtoolcache/Python/3.8.8/x64/lib/python3.8/site-packages/humpday/optimizers/scipycube.py\", line 27, in _objective\n    return objective(list(x))\n  File \"/opt/hostedtoolcache/Python/3.8.8/x64/lib/python3.8/site-packages/humpday/objectives/portfolio.py\", line 87, in markowitz_analytic_on_cube\n    assert all([ 0<=ui<=1 for ui in u])\nAssertionError\n", "passing", "passing", "passing", "passing", "passing", "passing", "passing", "passing", "passing", "passing", "passing", "passing", "passing", "passing", "passing", "passing", "passing", "passing", "passing", "passing", "passing", "passing", "passing", "Black took 132 function evals when instructed to use 131", "passing", "passing", "passing", "Black took 552 function evals when instructed to use 551", "passing", "passing", "Black took 83 function evals when instructed to use 82", "passing", "passing", "Black took 551 function evals when instructed to use 551", "passing", "passing", "Black took 211 function evals when instructed to use 211", "passing", "passing", "not yet run", "passing", "passing", "passing", "passing", "passing", "passing", "passing", "passing", "passing", "passing", "passing", "passing", "passing", "passing", "Black took 131 function evals when instructed to use 131", "passing", "passing", "Black took 551 function evals when instructed to use 551", "passing", "Traceback (most recent call last):\n  File \"/opt/hostedtoolcache/Python/3.8.8/x64/lib/python3.8/site-packages/humpday/comparison/eloratings.py\", line 76, in optimizer_game\n    black_best_val, black_best_x, black_feval_count = black(objective, n_trials=n_black_trials,\n  File \"/opt/hostedtoolcache/Python/3.8.8/x64/lib/python3.8/site-packages/humpday/optimizers/dlibcube.py\", line 28, in dlib_default_cube\n    best_x, best_val = find_min_global(_objective, lb, ub, n_trials)\nRuntimeError: \n\nError detected at line 63.\nError detected in file /tmp/pip-install-wwi1eh53/dlib_db4050cfd27e420483a0f2682d8151c9/tools/python/src/global_optimization.cpp.\nError detected in function double call_func(pybind11::object, const dlib::matrix<double, 0, 1>&).\n\nFailing expression was 0 < num && num < 35.\nFunctions being optimized must take between 1 and 35 scalar arguments.\n\n", "passing", "passing", "passing", "passing"], "active": [true, true, true, true, true, true, true, true, true, true, true, true, true, true, true, true, true, true, true, true, true, true, true, true, true, true, true, true, true, true, true, true, true, true, true, true, true, true, true, true, true, true, true, true, true, true, true, true, true, true, true, true, true, true, true, true, true, true, true, true, true, true, true, true, true, false, false, true, true]}