{"name": ["shgo_slsqp_sobol_cube", "shgo_powell_sobol_cube", "shgo_nelder_sobol_cube", "scipy_slsqp_cube", "scipy_powell_cube", "scipy_lbfgsb_cube", "pysot_ei_cube", "pysot_lcb_cube", "pysot_random_cube", "pysot_srbf_cube", "pysot_dycors_cube", "ax_default_cube", "optuna_cmaes_cube", "optuna_tpe_cube", "optuna_random_cube", "optuna_random_cube_clone", "optuna_random_cube_clone_1", "optuna_random_cube_clone_2", "platypus_genetic_cube", "platypus_evolutionary_cube", "platypus_nsgaii_cube", "platypus_cmaes_cube", "platypus_gde3_cube", "platypus_ibea_cube", "platypus_moead_cube", "platypus_omopso_cube", "platypus_smpso_cube", "platypus_spea2_cube", "platypus_epsmoea_cube", "nevergrad_ngopt_cube", "nevergrad_ngopt4_cube", "nevergrad_de_cube", "nevergrad_portfolio_cube", "nevergrad_oneplus_cube", "nevergrad_hammersley_cube", "nevergrad_ngopt8_cube", "hyperopt_tpe_cube", "hyperopt_atpe_cube", "hyperopt_rand_cube", "pymoo_nelder_cube", "pymoo_nsga3_cube", "pymoo_unsga3_cube", "pymoo_pattern_cube", "pymoo_nsga2_cube", "pymoo_unsga3_cube", "skopt_gp_default_cube", "bayesopt_ucb_cube", "bayesopt_ei_cube", "bayesopt_poi_cube", "nlopt_direct_cube", "nlopt_ags_cube", "nlopt_esch_cube", "nlopt_isres_cube", "nlopt_crs2lm_cube", "nlopt_directr_cube", "nlopt_directo_cube", "nlopt_directl_cube", "bobyqa_default_cube", "bobyqa_noise_cube", "ultraopt_random_cube", "ultraopt_forest_cube", "ultraopt_gbrt_cube", "ultraopt_etpe_cube", "dlib_cube", "dlib_default_cube", "hebo_cube_sequential", "hebo_cube_batch", "hebo_sequential_cube", "hebo_batch_cube"], "count": [122, 126, 145, 439, 69, 148, 438, 481, 430, 466, 437, 441, 414, 663, 636, 690, 645, 630, 472, 479, 454, 321, 478, 455, 674, 428, 485, 456, 500, 656, 635, 662, 639, 621, 682, 672, 656, 674, 681, 514, 690, 1346, 555, 454, 0, 452, 431, 432, 453, 644, 421, 641, 637, 657, 611, 631, 653, 610, 629, 361, 369, 297, 389, 366, 352, 353, 403, 21, 38], "rating": [1771.5553180775066, 1897.5226178386315, 1909.723714716272, 1421.5932775991985, 1213.3735556280474, 1009.1795166832427, 2341.9734634110314, 2198.752253103672, 1157.4532608691413, 2558.5484195754243, 2553.055446620501, 2336.273748651988, 1808.3821243964492, 1953.2109907112992, 1600, 1600, 1600, 1600, 1318.8123395412633, 1292.797818816458, 1433.79909640454, 1033.3459634368617, 1037.5864664834012, 1305.4025422776288, 1307.941531018507, 1544.145727380158, 1294.1918622407838, 1103.0945149985264, 1378.6601926583858, 2147.615541421801, 2255.973632439456, 1547.6645565698193, 1535.0678166072641, 2361.418191220422, 1536.3092255036188, 2208.2708959373717, 1733.392986304525, 1769.7367754532354, 1763.4733698197545, 1922.6633117807496, 1572.13962417367, 1654.9406668063168, 2342.732895609375, 1340.7016773656555, 1600, 2553.9185565208295, 2479.129125044223, 2475.1086864866597, 2731.062341053191, 1907.2970509338381, 2307.5400534505025, 1765.0934558474946, 1149.29667276629, 1446.883209451196, 2425.8939677075373, 1695.1625202176745, 1695.961322644094, 2345.4717256844847, 2371.7845655498454, 1291.650997476853, 1964.2701055537561, 2130.794989380798, 2278.3121096297464, 2396.7716608405817, 2289.9214075157365, 2478.7315066681213, 2327.579393042241, 1878.809519110127, 1870.5400884953626], "traceback": ["passing", "passing", "passing", "passing", "passing", "passing", "passing", "passing", "passing", "passing", "passing", "passing", "passing", "passing", "passing", "passing", "passing", "passing", "passing", "passing", "passing", "passing", "passing", "passing", "passing", "passing", "passing", "Black took 600 function evals when instructed to use 551", "passing", "passing", "passing", "passing", "passing", "passing", "passing", "passing", "passing", "passing", "passing", "passing", "Black took 81 function evals when instructed to use 81", "passing", "passing", "passing", "not yet run", "passing", "passing", "passing", "passing", "passing", "Traceback (most recent call last):\n  File \"/opt/hostedtoolcache/Python/3.8.8/x64/lib/python3.8/site-packages/humpday/comparison/eloratings.py\", line 76, in optimizer_game\n    black_best_val, black_best_x, black_feval_count = black(objective, n_trials=n_black_trials,\n  File \"/opt/hostedtoolcache/Python/3.8.8/x64/lib/python3.8/site-packages/humpday/optimizers/nloptcube.py\", line 43, in nlopt_ags_cube\n    return nlopt_cube_factory(objective=objective,n_trials=n_trials, n_dim=n_dim, with_count=with_count, method='gn_ags')\n  File \"/opt/hostedtoolcache/Python/3.8.8/x64/lib/python3.8/site-packages/humpday/optimizers/nloptcube.py\", line 32, in nlopt_cube_factory\n    best_x = opt.optimize([0.5] * n_dim)\n  File \"/opt/hostedtoolcache/Python/3.8.8/x64/lib/python3.8/site-packages/nlopt/nlopt.py\", line 334, in optimize\n    return _nlopt.opt_optimize(self, *args)\nValueError: nlopt invalid argument\n", "Black took 600 function evals when instructed to use 600", "passing", "passing", "passing", "passing", "passing", "passing", "Black took 94 function evals when instructed to use 214", "passing", "passing", "Black took 131 function evals when instructed to use 131", "passing", "passing", "Black took 81 function evals when instructed to use 81", "passing", "passing", "passing", "Black took 211 function evals when instructed to use 211"], "active": [true, true, true, true, true, true, true, true, true, true, true, true, true, true, true, true, true, true, true, true, true, true, true, true, true, true, true, true, true, true, true, true, true, true, true, true, true, true, true, true, true, true, true, true, true, true, true, true, true, true, true, true, true, true, true, true, true, true, true, true, true, true, true, true, true, false, false, true, true]}