{"name": ["shgo_slsqp_sobol_cube", "shgo_powell_sobol_cube", "shgo_nelder_sobol_cube", "scipy_slsqp_cube", "scipy_powell_cube", "scipy_lbfgsb_cube", "pysot_ei_cube", "pysot_lcb_cube", "pysot_random_cube", "pysot_srbf_cube", "pysot_dycors_cube", "ax_default_cube", "optuna_cmaes_cube", "optuna_tpe_cube", "optuna_random_cube", "optuna_random_cube_clone", "optuna_random_cube_clone_1", "optuna_random_cube_clone_2", "platypus_genetic_cube", "platypus_evolutionary_cube", "platypus_nsgaii_cube", "platypus_cmaes_cube", "platypus_gde3_cube", "platypus_ibea_cube", "platypus_moead_cube", "platypus_omopso_cube", "platypus_smpso_cube", "platypus_spea2_cube", "platypus_epsmoea_cube", "nevergrad_ngopt_cube", "nevergrad_ngopt4_cube", "nevergrad_de_cube", "nevergrad_portfolio_cube", "nevergrad_oneplus_cube", "nevergrad_hammersley_cube", "nevergrad_ngopt8_cube", "hyperopt_tpe_cube", "hyperopt_atpe_cube", "hyperopt_rand_cube", "pymoo_nelder_cube", "pymoo_nsga3_cube", "pymoo_unsga3_cube", "pymoo_pattern_cube", "pymoo_nsga2_cube", "pymoo_unsga3_cube", "skopt_gp_default_cube", "bayesopt_ucb_cube", "bayesopt_ei_cube", "bayesopt_poi_cube", "nlopt_direct_cube", "nlopt_ags_cube", "nlopt_esch_cube", "nlopt_isres_cube", "nlopt_crs2lm_cube", "nlopt_directr_cube", "nlopt_directo_cube", "nlopt_directl_cube", "bobyqa_default_cube", "bobyqa_noise_cube", "ultraopt_random_cube", "ultraopt_forest_cube", "ultraopt_gbrt_cube", "ultraopt_etpe_cube", "dlib_cube", "dlib_default_cube", "hebo_cube_sequential", "hebo_cube_batch", "hebo_sequential_cube", "hebo_batch_cube"], "count": [230, 222, 267, 872, 130, 335, 743, 750, 721, 763, 754, 467, 693, 1286, 1267, 1319, 1283, 1284, 996, 994, 990, 560, 1001, 961, 1339, 994, 983, 999, 1008, 1261, 1342, 1320, 1293, 1272, 1367, 1326, 1269, 1318, 1358, 1060, 1415, 2700, 1102, 983, 0, 714, 752, 717, 751, 1257, 719, 1287, 1316, 1336, 1259, 1198, 1306, 1258, 1251, 1052, 1042, 604, 1050, 889, 851, 353, 403, 79, 211], "rating": [1941.349421646032, 2037.5691043557501, 1965.4563633321122, 1754.3927784004004, 1200.7801755354647, 1214.5577054069395, 2374.721829746021, 2185.9960077251803, 1368.0572291246567, 2385.2822328939023, 2500.5322104511743, 2285.857667948787, 2208.027154657747, 2120.735626856231, 1600, 1600, 1600, 1600, 1656.9679145651953, 1492.8513811179057, 1602.210948376713, 1423.7022340972403, 1261.095878843967, 1655.5075787258331, 1472.487409090617, 1853.8773854859826, 1702.681231483315, 1304.2489978922606, 1811.62392472995, 2067.2266290500056, 2551.5432897549085, 1908.8976493544037, 1772.9032162951348, 2562.1024310770263, 1929.3924527030372, 2447.9841927096872, 1913.7345365678516, 1927.6058705455803, 1961.0852305913181, 2004.8038762087667, 1837.4257992255184, 1702.8811677420767, 2242.1474529421494, 1390.9531734726365, 1600, 2488.4799503232084, 2409.9947698388414, 2460.6515523826124, 2557.061701395066, 2139.116757619716, 2330.175261069686, 1878.4707362689758, 1448.6560200989215, 1766.936663530267, 2786.358247548548, 1792.3271024396763, 1797.3702234228208, 2693.4952164202, 2606.2120094235356, 1430.3862188725611, 2011.6447412454932, 2106.3394277972584, 2279.857074243513, 2586.2532832834304, 2586.9897590773276, 2478.7315066681213, 2327.579393042241, 2176.8472776464696, 2175.661952000583], "traceback": ["passing", "passing", "passing", "passing", "Traceback (most recent call last):\n  File \"/opt/hostedtoolcache/Python/3.8.11/x64/lib/python3.8/site-packages/humpday/comparison/eloratings.py\", line 41, in optimizer_game\n    white_best_val, white_best_x, white_feval_count = white(objective, n_trials=n_white_trials, n_dim=n_dim,\n  File \"/opt/hostedtoolcache/Python/3.8.11/x64/lib/python3.8/site-packages/humpday/optimizers/scipycube.py\", line 40, in scipy_powell_cube\n    return scipy_cube(objective=objective, n_trials=n_trials, n_dim=n_dim, with_count=with_count, method='powell')\n  File \"/opt/hostedtoolcache/Python/3.8.11/x64/lib/python3.8/site-packages/humpday/optimizers/scipycube.py\", line 29, in scipy_cube\n    result = minimize(_objective, x0=[0]*n_dim, method=options['method'],bounds=bounds, options=options)\n  File \"/opt/hostedtoolcache/Python/3.8.11/x64/lib/python3.8/site-packages/scipy/optimize/_minimize.py\", line 614, in minimize\n    return _minimize_powell(fun, x0, args, callback, bounds, **options)\n  File \"/opt/hostedtoolcache/Python/3.8.11/x64/lib/python3.8/site-packages/scipy/optimize/optimize.py\", line 3059, in _minimize_powell\n    fx2 = squeeze(func(x2))\n  File \"/opt/hostedtoolcache/Python/3.8.11/x64/lib/python3.8/site-packages/scipy/optimize/optimize.py\", line 464, in function_wrapper\n    return function(np.copy(x), *(wrapper_args + args))\n  File \"/opt/hostedtoolcache/Python/3.8.11/x64/lib/python3.8/site-packages/humpday/optimizers/scipycube.py\", line 27, in _objective\n    return objective(list(x))\n  File \"/opt/hostedtoolcache/Python/3.8.11/x64/lib/python3.8/site-packages/humpday/objectives/portfolio.py\", line 174, in markowitz_return_on_cube\n    return realized_something_factory(g=g,u=u, adjust=True)\n  File \"/opt/hostedtoolcache/Python/3.8.11/x64/lib/python3.8/site-packages/humpday/objectives/portfolio.py\", line 121, in realized_something_factory\n    w = cube_to_weights(u)\n  File \"/opt/hostedtoolcache/Python/3.8.11/x64/lib/python3.8/site-packages/humpday/objectives/portfolio.py\", line 108, in cube_to_weights\n    raise ValueError(\"u should be in hypercube\")\nValueError: u should be in hypercube\n", "passing", "passing", "passing", "passing", "Black took 211 function evals when instructed to use 211", "passing", "passing", "passing", "passing", "passing", "passing", "passing", "passing", "passing", "passing", "passing", "passing", "passing", "passing", "passing", "passing", "passing", "passing", "passing", "passing", "passing", "passing", "passing", "passing", "passing", "Black took 212 function evals when instructed to use 211", "passing", "passing", "passing", "passing", "passing", "passing", "passing", "passing", "not yet run", "passing", "passing", "passing", "passing", "passing", "Traceback (most recent call last):\n  File \"/opt/hostedtoolcache/Python/3.8.11/x64/lib/python3.8/site-packages/humpday/comparison/eloratings.py\", line 76, in optimizer_game\n    black_best_val, black_best_x, black_feval_count = black(objective, n_trials=n_black_trials,\n  File \"/opt/hostedtoolcache/Python/3.8.11/x64/lib/python3.8/site-packages/humpday/optimizers/nloptcube.py\", line 43, in nlopt_ags_cube\n    return nlopt_cube_factory(objective=objective,n_trials=n_trials, n_dim=n_dim, with_count=with_count, method='gn_ags')\n  File \"/opt/hostedtoolcache/Python/3.8.11/x64/lib/python3.8/site-packages/humpday/optimizers/nloptcube.py\", line 32, in nlopt_cube_factory\n    best_x = opt.optimize([0.5] * n_dim)\n  File \"/opt/hostedtoolcache/Python/3.8.11/x64/lib/python3.8/site-packages/nlopt/nlopt.py\", line 334, in optimize\n    return _nlopt.opt_optimize(self, *args)\nValueError: nlopt invalid argument\n", "passing", "passing", "passing", "passing", "passing", "passing", "passing", "passing", "passing", "passing", "passing", "passing", "passing", "passing", "passing", "passing", "Traceback (most recent call last):\n  File \"/opt/hostedtoolcache/Python/3.8.10/x64/lib/python3.8/site-packages/hebo/acq_optimizers/evolution_optimizer.py\", line 119, in optimize\n    res   = minimize(prob, algo, ('n_gen', self.iter), verbose = self.verbose)\n  File \"/opt/hostedtoolcache/Python/3.8.10/x64/lib/python3.8/site-packages/pymoo/optimize.py\", line 85, in minimize\n    res = algorithm.solve()\n  File \"/opt/hostedtoolcache/Python/3.8.10/x64/lib/python3.8/site-packages/pymoo/model/algorithm.py\", line 226, in solve\n    self._solve(self.problem)\n  File \"/opt/hostedtoolcache/Python/3.8.10/x64/lib/python3.8/site-packages/pymoo/model/algorithm.py\", line 321, in _solve\n    self.next()\n  File \"/opt/hostedtoolcache/Python/3.8.10/x64/lib/python3.8/site-packages/pymoo/model/algorithm.py\", line 246, in next\n    self._next()\n  File 