{"name": ["shgo_slsqp_sobol_cube", "shgo_powell_sobol_cube", "shgo_nelder_sobol_cube", "scipy_slsqp_cube", "scipy_powell_cube", "scipy_lbfgsb_cube", "pysot_ei_cube", "pysot_lcb_cube", "pysot_random_cube", "pysot_srbf_cube", "pysot_dycors_cube", "ax_default_cube", "optuna_cmaes_cube", "optuna_tpe_cube", "optuna_random_cube", "optuna_random_cube_clone", "optuna_random_cube_clone_1", "optuna_random_cube_clone_2", "platypus_genetic_cube", "platypus_evolutionary_cube", "platypus_nsgaii_cube", "platypus_cmaes_cube", "platypus_gde3_cube", "platypus_ibea_cube", "platypus_moead_cube", "platypus_omopso_cube", "platypus_smpso_cube", "platypus_spea2_cube", "platypus_epsmoea_cube", "nevergrad_ngopt_cube", "nevergrad_ngopt4_cube", "nevergrad_de_cube", "nevergrad_portfolio_cube", "nevergrad_oneplus_cube", "nevergrad_hammersley_cube", "nevergrad_ngopt8_cube", "hyperopt_tpe_cube", "hyperopt_atpe_cube", "hyperopt_rand_cube", "pymoo_nelder_cube", "pymoo_nsga3_cube", "pymoo_unsga3_cube", "pymoo_pattern_cube", "pymoo_nsga2_cube", "pymoo_unsga3_cube", "skopt_gp_default_cube", "bayesopt_ucb_cube", "bayesopt_ei_cube", "bayesopt_poi_cube", "nlopt_direct_cube", "nlopt_ags_cube", "nlopt_esch_cube", "nlopt_isres_cube", "nlopt_crs2lm_cube", "nlopt_directr_cube", "nlopt_directo_cube", "nlopt_directl_cube", "bobyqa_default_cube", "bobyqa_noise_cube", "ultraopt_random_cube", "ultraopt_forest_cube", "ultraopt_gbrt_cube", "ultraopt_etpe_cube", "dlib_cube", "dlib_default_cube", "hebo_cube_sequential", "hebo_cube_batch", "hebo_sequential_cube", "hebo_batch_cube"], "count": [130, 127, 149, 463, 70, 151, 447, 487, 440, 474, 448, 449, 427, 682, 651, 710, 669, 643, 492, 502, 475, 326, 496, 469, 701, 447, 500, 475, 520, 678, 664, 687, 664, 637, 717, 697, 683, 695, 701, 527, 707, 1384, 575, 473, 0, 464, 443, 442, 464, 673, 432, 665, 663, 673, 628, 649, 672, 632, 646, 384, 392, 306, 409, 379, 370, 353, 403, 27, 46], "rating": [1814.5604574040242, 1907.356251663311, 1934.009502088648, 1406.3029585172987, 1204.3273943777026, 1000.2811327165379, 2302.5615138948274, 2197.0002004456655, 1166.5024692588347, 2537.9241941868286, 2605.121999157449, 2293.0818396689065, 1807.3437960071801, 1907.6376187180015, 1600, 1600, 1600, 1600, 1291.3103761934156, 1362.1780150321003, 1506.888106151684, 1017.3717351938068, 1118.2558211168027, 1288.5327256805583, 1273.4242026268498, 1513.4481671539716, 1368.589504544043, 1064.3058615001703, 1440.9706107824636, 2145.5827495677863, 2308.6800811612834, 1621.6866340115812, 1474.7765523308824, 2402.124275713007, 1575.8547976316906, 2224.6826481820817, 1702.4802858906096, 1827.84323608604, 1664.7566115381255, 1963.5136993966614, 1558.3145787888695, 1688.5321581690046, 2211.949702259213, 1403.5826030775472, 1600, 2596.6197823760617, 2469.8048559931576, 2468.2395172245847, 2698.5351977539385, 1910.368136485246, 2295.993019348965, 1851.4733012645822, 1202.9399578512014, 1407.8600643131733, 2463.807471497425, 1627.1753347551462, 1686.0768657596134, 2429.1804280242095, 2379.9808706841113, 1347.9757681801218, 1998.6995444108884, 2121.477362117214, 2174.458313239598, 2405.9449290311813, 2378.5108558828874, 2478.7315066681213, 2327.579393042241, 1928.085879120461, 1889.316706680133], "traceback": ["passing", "passing", "passing", "passing", "passing", "Black took 267 function evals when instructed to use 551", "Black took 135 function evals when instructed to use 135", "passing", "passing", "passing", "passing", "passing", "passing", "Black took 551 function evals when instructed to use 551", "Black took 341 function evals when instructed to use 341", "Black took 211 function evals when instructed to use 211", "passing", "passing", "passing", "passing", "passing", "passing", "passing", "passing", "passing", "passing", "passing", "passing", "passing", "passing", "passing", "passing", "passing", "Black took 552 function evals when instructed to use 551", "passing", "passing", "passing", "passing", "passing", "passing", "passing", "passing", "passing", "passing", "not yet run", "passing", "passing", "passing", "passing", "passing", "Traceback (most recent call last):\n  File \"/opt/hostedtoolcache/Python/3.8.8/x64/lib/python3.8/site-packages/humpday/comparison/eloratings.py\", line 76, in optimizer_game\n    black_best_val, black_best_x, black_feval_count = black(objective, n_trials=n_black_trials,\n  File \"/opt/hostedtoolcache/Python/3.8.8/x64/lib/python3.8/site-packages/humpday/optimizers/nloptcube.py\", line 43, in nlopt_ags_cube\n    return nlopt_cube_factory(objective=objective,n_trials=n_trials, n_dim=n_dim, with_count=with_count, method='gn_ags')\n  File \"/opt/hostedtoolcache/Python/3.8.8/x64/lib/python3.8/site-packages/humpday/optimizers/nloptcube.py\", line 32, in nlopt_cube_factory\n    best_x = opt.optimize([0.5] * n_dim)\n  File \"/opt/hostedtoolcache/Python/3.8.8/x64/lib/python3.8/site-packages/nlopt/nlopt.py\", line 334, in optimize\n    return _nlopt.opt_optimize(self, *args)\nValueError: nlopt invalid argument\n", "passing", "Black took 81 function evals when instructed to use 81", "passing", "passing", "passing", "passing", "passing", "passing", "passing", "passing", "passing", "passing", "passing", "Traceback (most recent call last):\n  File \"/opt/hostedtoolcache/Python/3.8.8/x64/lib/python3.8/site-packages/humpday/comparison/eloratings.py\", line 41, in optimizer_game\n    white_best_val, white_best_x, white_feval_count = white(objective, n_trials=n_white_trials, n_dim=n_dim,\n  File \"/opt/hostedtoolcache/Python/3.8.8/x64/lib/python3.8/site-packages/humpday/optimizers/dlibcube.py\", line 28, in dlib_default_cube\n    best_x, best_val = find_min_global(_objective, lb, ub, n_trials)\nRuntimeError: \n\nError detected at line 63.\nError detected in file /tmp/pip-install-tt_fj0u5/dlib_0eab16721ba14967a234ef2d6ec5e18e/tools/python/src/global_optimization.cpp.\nError detected in function double call_func(pybind11::object, const dlib::matrix<double, 0, 1>&).\n\nFailing expression was 0 < num && num < 35.\nFunctions being optimized must take between 1 and 35 scalar arguments.\n\n", "passing", "passing", "passing", "passing"], "active": [true, true, true, true, true, true, true, true, true, true, true, true, true, true, true, true, true, true, true, true, true, true, true, true, true, true, true, true, true, true, true, true, true, true, true, true, true, true, true, true, true, true, true, true, true, true, true, true, true, true, true, true, true, true, true, true, true, true, true, true, true, true, true, true, true, false, false, true, true]}