{"name": ["shgo_slsqp_sobol_cube", "shgo_powell_sobol_cube", "shgo_nelder_sobol_cube", "scipy_slsqp_cube", "scipy_powell_cube", "scipy_lbfgsb_cube", "pysot_ei_cube", "pysot_lcb_cube", "pysot_random_cube", "pysot_srbf_cube", "pysot_dycors_cube", "ax_default_cube", "optuna_cmaes_cube", "optuna_tpe_cube", "optuna_random_cube", "optuna_random_cube_clone", "optuna_random_cube_clone_1", "optuna_random_cube_clone_2", "platypus_genetic_cube", "platypus_evolutionary_cube", "platypus_nsgaii_cube", "platypus_cmaes_cube", "platypus_gde3_cube", "platypus_ibea_cube", "platypus_moead_cube", "platypus_omopso_cube", "platypus_smpso_cube", "platypus_spea2_cube", "platypus_epsmoea_cube", "nevergrad_ngopt_cube", "nevergrad_ngopt4_cube", "nevergrad_de_cube", "nevergrad_portfolio_cube", "nevergrad_oneplus_cube", "nevergrad_hammersley_cube", "nevergrad_ngopt8_cube", "hyperopt_tpe_cube", "hyperopt_atpe_cube", "hyperopt_rand_cube", "pymoo_nelder_cube", "pymoo_nsga3_cube", "pymoo_unsga3_cube", "pymoo_pattern_cube", "pymoo_nsga2_cube", "pymoo_unsga3_cube", "skopt_gp_default_cube", "bayesopt_ucb_cube", "bayesopt_ei_cube", "bayesopt_poi_cube", "nlopt_direct_cube", "nlopt_ags_cube", "nlopt_esch_cube", "nlopt_isres_cube", "nlopt_crs2lm_cube", "nlopt_directr_cube", "nlopt_directo_cube", "nlopt_directl_cube", "bobyqa_default_cube", "bobyqa_noise_cube", "ultraopt_random_cube", "ultraopt_forest_cube", "ultraopt_gbrt_cube", "ultraopt_etpe_cube", "dlib_cube", "dlib_default_cube", "hebo_cube_sequential", "hebo_cube_batch", "hebo_sequential_cube", "hebo_batch_cube"], "count": [145, 152, 169, 522, 78, 169, 489, 522, 483, 515, 490, 467, 468, 762, 743, 806, 746, 714, 566, 561, 538, 359, 568, 529, 786, 522, 556, 542, 596, 742, 759, 759, 753, 740, 812, 787, 757, 804, 786, 605, 803, 1582, 644, 543, 0, 499, 487, 484, 502, 746, 473, 757, 744, 761, 702, 731, 766, 712, 718, 476, 491, 344, 505, 445, 432, 353, 403, 33, 85], "rating": [1865.0096800632841, 2057.385881174381, 2024.0545057381926, 1512.552565223491, 1198.5770776374004, 1009.0702329784825, 2244.1425229173847, 2112.2605608145723, 1176.2163341550354, 2569.1582743933873, 2538.018992599556, 2285.857667948787, 1876.8769161346613, 1956.021085768629, 1600, 1600, 1600, 1600, 1363.6990854405828, 1346.2195721230476, 1426.4376880794796, 1230.3217429159806, 1173.4272923444985, 1351.7316270955534, 1306.5890017009747, 1660.3539526754676, 1468.4534933434632, 1156.0939601530945, 1549.4447624352592, 2356.963889921156, 2329.748340270778, 1711.2381176746621, 1433.5659899590387, 2422.643544311027, 1625.3517287239922, 2330.499422344385, 1843.6389040482143, 1916.1377290705504, 1771.4549892087891, 1787.7613715610316, 1581.6574735607196, 1653.5872970589853, 2131.58376317454, 1335.0520287260017, 1600, 2537.1822708890227, 2466.503596470932, 2369.726576217095, 2643.1948842865704, 2044.2122887325347, 2252.8078767833053, 1721.3275236189288, 1323.878718292657, 1431.1389316520822, 2517.157309901798, 1421.4252884588907, 1649.0224057074934, 2362.857102342023, 2528.4062958284635, 1372.0388257583897, 1942.6064142495386, 2036.7087849848585, 2054.821296352899, 2356.8225148676565, 2408.8321182141103, 2478.7315066681213, 2327.579393042241, 1943.3654821959758, 2001.522033243404], "traceback": ["passing", "passing", "passing", "passing", "passing", "passing", "passing", "passing", "passing", "passing", "passing", "passing", "passing", "passing", "passing", "passing", "passing", "passing", "passing", "passing", "passing", "passing", "passing", "passing", "passing", "passing", "passing", "passing", "passing", "passing", "passing", "passing", "passing", "passing", "Black took 132 function evals when instructed to use 131", "passing", "passing", "passing", "passing", "passing", "passing", "passing", "Black took 87 function evals when instructed to use 81", "passing", "not yet run", "passing", "passing", "passing", "passing", "passing", "passing", "passing", "passing", "passing", "passing", "passing", "passing", "passing", "passing", "passing", "passing", "passing", "Black took 224 function evals when instructed to use 224", "passing", "Traceback (most recent call last):\n  File \"/opt/hostedtoolcache/Python/3.8.9/x64/lib/python3.8/site-packages/humpday/comparison/eloratings.py\", line 76, in optimizer_game\n    black_best_val, black_best_x, black_feval_count = black(objective, n_trials=n_black_trials,\n  File \"/opt/hostedtoolcache/Python/3.8.9/x64/lib/python3.8/site-packages/humpday/optimizers/dlibcube.py\", line 28, in dlib_default_cube\n    best_x, best_val = find_min_global(_objective, lb, ub, n_trials)\nRuntimeError: \n\nError detected at line 63.\nError detected in file /tmp/pip-install-mu0sdqz0/dlib_4554c212c0984450bce6cc929f84f3da/tools/python/src/global_optimization.cpp.\nError detected in function double call_func(pybind11::object, const dlib::matrix<double, 0, 1>&).\n\nFailing expression was 0 < num && num < 35.\nFunctions being optimized must take between 1 and 35 scalar arguments.\n\n", "passing", "passing", "passing", "Black took 211 function evals when instructed to use 211"], "active": [true, true, true, true, true, true, true, true, true, true, true, false, true, true, true, true, true, true, true, true, true, true, true, true, true, true, true, true, true, true, true, true, true, true, true, true, true, true, true, true, true, true, true, true, true, true, true, true, true, true, true, true, true, true, true, true, true, true, true, true, true, true, true, true, true, false, false, true, true]}