{"name": ["shgo_slsqp_sobol_cube", "shgo_powell_sobol_cube", "shgo_nelder_sobol_cube", "scipy_slsqp_cube", "scipy_powell_cube", "scipy_lbfgsb_cube", "pysot_ei_cube", "pysot_lcb_cube", "pysot_random_cube", "pysot_srbf_cube", "pysot_dycors_cube", "ax_default_cube", "optuna_cmaes_cube", "optuna_tpe_cube", "optuna_random_cube", "optuna_random_cube_clone", "optuna_random_cube_clone_1", "optuna_random_cube_clone_2", "platypus_genetic_cube", "platypus_evolutionary_cube", "platypus_nsgaii_cube", "platypus_cmaes_cube", "platypus_gde3_cube", "platypus_ibea_cube", "platypus_moead_cube", "platypus_omopso_cube", "platypus_smpso_cube", "platypus_spea2_cube", "platypus_epsmoea_cube", "nevergrad_ngopt_cube", "nevergrad_ngopt4_cube", "nevergrad_de_cube", "nevergrad_portfolio_cube", "nevergrad_oneplus_cube", "nevergrad_hammersley_cube", "nevergrad_ngopt8_cube", "hyperopt_tpe_cube", "hyperopt_atpe_cube", "hyperopt_rand_cube", "pymoo_nelder_cube", "pymoo_nsga3_cube", "pymoo_unsga3_cube", "pymoo_pattern_cube", "pymoo_nsga2_cube", "pymoo_unsga3_cube", "skopt_gp_default_cube", "bayesopt_ucb_cube", "bayesopt_ei_cube", "bayesopt_poi_cube", "nlopt_direct_cube", "nlopt_ags_cube", "nlopt_esch_cube", "nlopt_isres_cube", "nlopt_crs2lm_cube", "nlopt_directr_cube", "nlopt_directo_cube", "nlopt_directl_cube", "bobyqa_default_cube", "bobyqa_noise_cube", "ultraopt_random_cube", "ultraopt_forest_cube", "ultraopt_gbrt_cube", "ultraopt_etpe_cube", "dlib_cube", "dlib_default_cube", "hebo_cube_sequential", "hebo_cube_batch", "hebo_sequential_cube", "hebo_batch_cube"], "count": [117, 121, 143, 415, 69, 141, 428, 467, 418, 453, 426, 432, 406, 634, 609, 652, 614, 603, 448, 455, 431, 310, 450, 430, 643, 396, 455, 431, 475, 628, 610, 633, 611, 599, 650, 637, 624, 640, 655, 491, 661, 1292, 519, 433, 0, 436, 416, 416, 443, 611, 402, 618, 605, 623, 587, 597, 622, 573, 607, 334, 336, 287, 360, 344, 330, 353, 403, 11, 25], "rating": [1780.0435690090087, 1839.9372834491235, 1869.4305977888446, 1455.6862878165596, 1213.3735556280474, 990.9715433822244, 2360.5278872745166, 2196.2972481129455, 1186.6650206174124, 2595.1197151875854, 2565.90099896595, 2411.8672502809877, 1801.769543200359, 1939.4138512857671, 1600, 1600, 1600, 1600, 1377.400641766699, 1270.1544341302613, 1468.7012693990314, 1019.7007012717761, 1098.5308431777585, 1276.5080519529206, 1299.8760259054172, 1390.373445342044, 1220.989995569574, 1087.9846227584726, 1441.7628668935786, 2126.157598177531, 2192.827331955188, 1503.1236381179854, 1557.1341640336054, 2309.03860626718, 1291.8562811050176, 2122.2488741250336, 1604.3278929220749, 1750.885047301841, 1709.0439592523192, 1972.0649977885755, 1567.0842289781683, 1611.3895583902536, 2250.632846873567, 1337.2370252419746, 1600, 2522.9982601543097, 2396.531316376041, 2493.880339405198, 2742.0646789287775, 2016.4741571718184, 2191.308922051021, 1717.0168922075272, 1148.336147668434, 1568.9094102420536, 2384.5010411431895, 1646.9177881161756, 1800.754392373715, 2411.7932428475424, 2362.1213487606383, 1302.767675869938, 2061.331487446939, 2146.4763058597987, 2221.916485023724, 2385.3023092025674, 2218.0491077103184, 2478.7315066681213, 2327.579393042241, 1851.4705220745218, 1853.7045468460165], "traceback": ["passing", "passing", "passing", "passing", "passing", "passing", "passing", "passing", "passing", "passing", "passing", "passing", "passing", "passing", "passing", "passing", "Black took 85 function evals when instructed to use 85", "passing", "passing", "passing", "passing", "passing", "passing", "passing", "passing", "passing", "passing", "passing", "passing", "passing", "passing", "passing", "passing", "passing", "Black took 212 function evals when instructed to use 211", "passing", "passing", "passing", "passing", "passing", "Black took 600 function evals when instructed to use 600", "passing", "passing", "passing", "not yet run", "passing", "Black took 128 function evals when instructed to use 131", "passing", "passing", "passing", "Black took 213 function evals when instructed to use 213", "passing", "passing", "passing", "passing", "passing", "passing", "passing", "passing", "passing", "passing", "passing", "passing", "Traceback (most recent call last):\n  File \"/opt/hostedtoolcache/Python/3.8.8/x64/lib/python3.8/site-packages/humpday/comparison/eloratings.py\", line 76, in optimizer_game\n    black_best_val, black_best_x, black_feval_count = black(objective, n_trials=n_black_trials,\n  File \"/opt/hostedtoolcache/Python/3.8.8/x64/lib/python3.8/site-packages/humpday/optimizers/dlibcube.py\", line 33, in dlib_cube\n    return dlib_default_cube(objective=objective, n_trials=n_trials, n_dim=n_dim, with_count=with_count)  # It is useful to have a clone of one of the better algos\n  File \"/opt/hostedtoolcache/Python/3.8.8/x64/lib/python3.8/site-packages/humpday/optimizers/dlibcube.py\", line 28, in dlib_default_cube\n    best_x, best_val = find_min_global(_objective, lb, ub, n_trials)\nRuntimeError: \n\nError detected at line 63.\nError detected in file /tmp/pip-install-wwi1eh53/dlib_db4050cfd27e420483a0f2682d8151c9/tools/python/src/global_optimization.cpp.\nError detected in function double call_func(pybind11::object, const dlib::matrix<double, 0, 1>&).\n\nFailing expression was 0 < num && num < 35.\nFunctions being optimized must take between 1 and 35 scalar arguments.\n\n", "passing", "passing", "passing", "passing", "passing"], "active": [true, true, true, true, true, true, true, true, true, true, true, true, true, true, true, true, true, true, true, true, true, true, true, true, true, true, true, true, true, true, true, true, true, true, true, true, true, true, true, true, true, true, true, true, true, true, true, true, true, true, true, true, true, true, true, true, true, true, true, true, true, true, true, true, true, false, false, true, true]}