{"name": ["shgo_slsqp_sobol_cube", "shgo_powell_sobol_cube", "shgo_nelder_sobol_cube", "scipy_slsqp_cube", "scipy_powell_cube", "scipy_lbfgsb_cube", "pysot_ei_cube", "pysot_lcb_cube", "pysot_random_cube", "pysot_srbf_cube", "pysot_dycors_cube", "ax_default_cube", "optuna_cmaes_cube", "optuna_tpe_cube", "optuna_random_cube", "optuna_random_cube_clone", "optuna_random_cube_clone_1", "optuna_random_cube_clone_2", "platypus_genetic_cube", "platypus_evolutionary_cube", "platypus_nsgaii_cube", "platypus_cmaes_cube", "platypus_gde3_cube", "platypus_ibea_cube", "platypus_moead_cube", "platypus_omopso_cube", "platypus_smpso_cube", "platypus_spea2_cube", "platypus_epsmoea_cube", "nevergrad_ngopt_cube", "nevergrad_ngopt4_cube", "nevergrad_de_cube", "nevergrad_portfolio_cube", "nevergrad_oneplus_cube", "nevergrad_hammersley_cube", "nevergrad_ngopt8_cube", "hyperopt_tpe_cube", "hyperopt_atpe_cube", "hyperopt_rand_cube", "pymoo_nelder_cube", "pymoo_nsga3_cube", "pymoo_unsga3_cube", "pymoo_pattern_cube", "pymoo_nsga2_cube", "pymoo_unsga3_cube", "skopt_gp_default_cube", "bayesopt_ucb_cube", "bayesopt_ei_cube", "bayesopt_poi_cube", "nlopt_direct_cube", "nlopt_ags_cube", "nlopt_esch_cube", "nlopt_isres_cube", "nlopt_crs2lm_cube", "nlopt_directr_cube", "nlopt_directo_cube", "nlopt_directl_cube", "bobyqa_default_cube", "bobyqa_noise_cube", "ultraopt_random_cube", "ultraopt_forest_cube", "ultraopt_gbrt_cube", "ultraopt_etpe_cube", "dlib_cube", "dlib_default_cube", "hebo_cube_sequential", "hebo_cube_batch", "hebo_sequential_cube", "hebo_batch_cube"], "count": [176, 171, 196, 639, 89, 220, 567, 579, 555, 592, 572, 467, 539, 927, 892, 956, 903, 883, 687, 692, 672, 437, 690, 673, 930, 666, 682, 667, 730, 897, 917, 923, 925, 889, 974, 956, 927, 941, 965, 739, 979, 1923, 771, 691, 0, 565, 573, 548, 561, 919, 543, 929, 929, 935, 869, 883, 926, 878, 877, 651, 665, 416, 661, 574, 558, 353, 403, 54, 146], "rating": [2008.2735895902742, 2137.0579779996488, 2087.985714979025, 1605.3307910838732, 1204.4816399416788, 1270.4226788449375, 2181.068522440684, 2142.256456877518, 1311.9043443551914, 2529.8703566351596, 2519.9324456900363, 2285.857667948787, 2100.9095199951603, 2049.027175084427, 1600, 1600, 1600, 1600, 1483.5504527835683, 1447.2209028662937, 1503.8350108168186, 1259.7006159252626, 1160.2882993483036, 1409.9933459697206, 1370.1253165008554, 1581.9338544959892, 1514.7493245387093, 1182.6496353294262, 1740.259902227834, 2357.656386032883, 2394.229046743824, 1836.9539639061265, 1462.5376058364589, 2422.350064052325, 1661.5044496202652, 2385.322224529183, 1846.6269274735873, 1853.842652039365, 1921.1587781139679, 1947.3899515390349, 1685.097200318547, 1811.2875339995912, 2148.7412305422004, 1239.045561493189, 1600, 2427.6966840190876, 2438.430384459503, 2433.03625157604, 2507.8466586438935, 1907.3517057749789, 2206.475182318447, 1791.8105525603323, 1218.3871027134185, 1471.9882075811558, 2724.273725203718, 1466.2040678792066, 1871.1990869534034, 2484.306263290261, 2567.7559196093507, 1420.5225921837482, 1855.7733398037276, 2031.4298893153996, 2077.2880204955427, 2408.816002345092, 2453.900061815565, 2478.7315066681213, 2327.579393042241, 2091.7958045005284, 2141.6897217808937], "traceback": ["passing", "passing", "passing", "passing", "passing", "passing", "passing", "passing", "Black took 81 function evals when instructed to use 81", "passing", "passing", "passing", "passing", "passing", "passing", "Black took 551 function evals when instructed to use 551", "passing", "passing", "passing", "passing", "passing", "passing", "passing", "passing", "passing", "passing", "passing", "passing", "passing", "passing", "passing", "passing", "passing", "passing", "passing", "passing", "Black took 211 function evals when instructed to use 211", "passing", "passing", "passing", "passing", "passing", "passing", "passing", "not yet run", "passing", "passing", "passing", "passing", "passing", "passing", "passing", "passing", "passing", "passing", "passing", "passing", "passing", "passing", "passing", "passing", "passing", "passing", "passing", "passing", "passing", "passing", "passing", "passing"], "active": [true, true, true, true, true, true, true, true, true, true, true, false, true, true, true, true, true, true, true, true, true, true, true, true, true, true, true, true, true, true, true, true, true, true, true, true, true, true, true, true, true, true, true, true, true, true, true, true, true, true, true, true, true, true, true, true, true, true, true, true, true, true, true, true, true, false, false, true, true]}