{"name": ["shgo_slsqp_sobol_cube", "shgo_powell_sobol_cube", "shgo_nelder_sobol_cube", "scipy_slsqp_cube", "scipy_powell_cube", "scipy_lbfgsb_cube", "pysot_ei_cube", "pysot_lcb_cube", "pysot_random_cube", "pysot_srbf_cube", "pysot_dycors_cube", "ax_default_cube", "optuna_cmaes_cube", "optuna_tpe_cube", "optuna_random_cube", "optuna_random_cube_clone", "optuna_random_cube_clone_1", "optuna_random_cube_clone_2", "platypus_genetic_cube", "platypus_evolutionary_cube", "platypus_nsgaii_cube", "platypus_cmaes_cube", "platypus_gde3_cube", "platypus_ibea_cube", "platypus_moead_cube", "platypus_omopso_cube", "platypus_smpso_cube", "platypus_spea2_cube", "platypus_epsmoea_cube", "nevergrad_ngopt_cube", "nevergrad_ngopt4_cube", "nevergrad_de_cube", "nevergrad_portfolio_cube", "nevergrad_oneplus_cube", "nevergrad_hammersley_cube", "nevergrad_ngopt8_cube", "hyperopt_tpe_cube", "hyperopt_atpe_cube", "hyperopt_rand_cube", "pymoo_nelder_cube", "pymoo_nsga3_cube", "pymoo_unsga3_cube", "pymoo_pattern_cube", "pymoo_nsga2_cube", "pymoo_unsga3_cube", "skopt_gp_default_cube", "bayesopt_ucb_cube", "bayesopt_ei_cube", "bayesopt_poi_cube", "nlopt_direct_cube", "nlopt_ags_cube", "nlopt_esch_cube", "nlopt_isres_cube", "nlopt_crs2lm_cube", "nlopt_directr_cube", "nlopt_directo_cube", "nlopt_directl_cube", "bobyqa_default_cube", "bobyqa_noise_cube", "ultraopt_random_cube", "ultraopt_forest_cube", "ultraopt_gbrt_cube", "ultraopt_etpe_cube", "dlib_cube", "dlib_default_cube", "hebo_cube_sequential", "hebo_cube_batch", "hebo_sequential_cube", "hebo_batch_cube"], "count": [155, 156, 179, 556, 83, 187, 513, 533, 501, 536, 520, 467, 498, 818, 791, 855, 788, 769, 610, 602, 579, 380, 605, 584, 832, 560, 596, 585, 648, 806, 815, 814, 800, 786, 872, 830, 816, 846, 847, 641, 869, 1684, 685, 595, 0, 522, 515, 496, 527, 803, 497, 808, 804, 828, 754, 787, 819, 763, 767, 544, 541, 366, 554, 496, 472, 353, 403, 39, 114], "rating": [1952.4344957981446, 2087.720579224445, 2116.0971152866728, 1509.8081234370645, 1188.7703242136379, 1027.0298403967217, 2262.4015526102007, 2123.355044418193, 1247.5808819547092, 2485.730665310835, 2542.9126948288254, 2285.857667948787, 1939.782592379558, 2062.7050269090582, 1600, 1600, 1600, 1600, 1395.651849347294, 1457.0093953838712, 1386.2927856194553, 1268.8169657888952, 1177.7819891809995, 1283.2580120318958, 1227.4560734610525, 1708.8905740832847, 1508.5813584211414, 1279.8955045984762, 1658.6231989150629, 2317.281163315693, 2341.7051679662336, 1697.9360188542569, 1392.5805663842882, 2472.948397574237, 1566.498358876631, 2441.831718950775, 1818.7507133477861, 1922.207452192662, 1669.44249600623, 1774.1214813578567, 1606.4698711916371, 1775.781393160819, 2040.0352613741184, 1381.871195780978, 1600, 2534.906728364904, 2440.4911708355016, 2427.131728383676, 2538.3378056739625, 2062.6023135652053, 2259.7757278647437, 1937.3579883069344, 1204.8121820325239, 1501.6491239112445, 2506.1548099752044, 1535.7007887553154, 1706.4807835523116, 2398.3562077188085, 2468.5728245981736, 1306.2628395318845, 1911.9499929005501, 2062.5215919165453, 2032.6635961507009, 2331.138423477621, 2399.995832965968, 2478.7315066681213, 2327.579393042241, 1988.5464469953458, 2100.327690276381], "traceback": ["passing", "passing", "passing", "passing", "passing", "passing", "passing", "Black took 131 function evals when instructed to use 131", "passing", "passing", "Black took 211 function evals when instructed to use 211", "passing", "passing", "passing", "passing", "Black took 131 function evals when instructed to use 131", "passing", "passing", "passing", "passing", "passing", "passing", "passing", "passing", "passing", "passing", "passing", "passing", "passing", "passing", "passing", "passing", "Black took 601 function evals when instructed to use 600", "Black took 82 function evals when instructed to use 81", "Black took 589 function evals when instructed to use 588", "passing", "passing", "passing", "passing", "passing", "passing", "passing", "passing", "passing", "not yet run", "passing", "passing", "Black took 212 function evals when instructed to use 212", "passing", "passing", "Traceback (most recent call last):\n  File \"/opt/hostedtoolcache/Python/3.8.9/x64/lib/python3.8/site-packages/humpday/comparison/eloratings.py\", line 41, in optimizer_game\n    white_best_val, white_best_x, white_feval_count = white(objective, n_trials=n_white_trials, n_dim=n_dim,\n  File \"/opt/hostedtoolcache/Python/3.8.9/x64/lib/python3.8/site-packages/humpday/optimizers/nloptcube.py\", line 43, in nlopt_ags_cube\n    return nlopt_cube_factory(objective=objective,n_trials=n_trials, n_dim=n_dim, with_count=with_count, method='gn_ags')\n  File \"/opt/hostedtoolcache/Python/3.8.9/x64/lib/python3.8/site-packages/humpday/optimizers/nloptcube.py\", line 32, in nlopt_cube_factory\n    best_x = opt.optimize([0.5] * n_dim)\n  File \"/opt/hostedtoolcache/Python/3.8.9/x64/lib/python3.8/site-packages/nlopt/nlopt.py\", line 334, in optimize\n    return _nlopt.opt_optimize(self, *args)\nValueError: nlopt invalid argument\n", "passing", "passing", "passing", "passing", "passing", "passing", "passing", "passing", "Black took 600 function evals when instructed to use 600", "passing", "passing", "passing", "passing", "Traceback (most recent call last):\n  File \"/opt/hostedtoolcache/Python/3.8.9/x64/lib/python3.8/site-packages/humpday/comparison/eloratings.py\", line 41, in optimizer_game\n    white_best_val, white_best_x, white_feval_count = white(objective, n_trials=n_white_trials, n_dim=n_dim,\n  File \"/opt/hostedtoolcache/Python/3.8.9/x64/lib/python3.8/site-packages/humpday/optimizers/dlibcube.py\", line 28, in dlib_default_cube\n    best_x, best_val = find_min_global(_objective, lb, ub, n_trials)\nRuntimeError: \n\nError detected at line 63.\nError detected in file /tmp/pip-install-9f52no1m/dlib_04ffccea0f5549f4a0b4404a5f45a9c2/tools/python/src/global_optimization.cpp.\nError detected in function double call_func(pybind11::object, const dlib::matrix<double, 0, 1>&).\n\nFailing expression was 0 < num && num < 35.\nFunctions being optimized must take between 1 and 35 scalar arguments.\n\n", "passing", "passing", "passing", "passing"], "active": [true, true, true, true, true, true, true, true, true, true, true, false, true, true, true, true, true, true, true, true, true, true, true, true, true, true, true, true, true, true, true, true, true, true, true, true, true, true, true, true, true, true, true, true, true, true, true, true, true, true, true, true, true, true, true, true, true, true, true, true, true, true, true, true, true, false, false, true, true]}