{"name": ["shgo_slsqp_sobol_cube", "shgo_powell_sobol_cube", "shgo_nelder_sobol_cube", "scipy_slsqp_cube", "scipy_powell_cube", "scipy_lbfgsb_cube", "pysot_ei_cube", "pysot_lcb_cube", "pysot_random_cube", "pysot_srbf_cube", "pysot_dycors_cube", "ax_default_cube", "optuna_cmaes_cube", "optuna_tpe_cube", "optuna_random_cube", "optuna_random_cube_clone", "optuna_random_cube_clone_1", "optuna_random_cube_clone_2", "platypus_genetic_cube", "platypus_evolutionary_cube", "platypus_nsgaii_cube", "platypus_cmaes_cube", "platypus_gde3_cube", "platypus_ibea_cube", "platypus_moead_cube", "platypus_omopso_cube", "platypus_smpso_cube", "platypus_spea2_cube", "platypus_epsmoea_cube", "nevergrad_ngopt_cube", "nevergrad_ngopt4_cube", "nevergrad_de_cube", "nevergrad_portfolio_cube", "nevergrad_oneplus_cube", "nevergrad_hammersley_cube", "nevergrad_ngopt8_cube", "hyperopt_tpe_cube", "hyperopt_atpe_cube", "hyperopt_rand_cube", "pymoo_nelder_cube", "pymoo_nsga3_cube", "pymoo_unsga3_cube", "pymoo_pattern_cube", "pymoo_nsga2_cube", "pymoo_unsga3_cube", "skopt_gp_default_cube", "bayesopt_ucb_cube", "bayesopt_ei_cube", "bayesopt_poi_cube", "nlopt_direct_cube", "nlopt_ags_cube", "nlopt_esch_cube", "nlopt_isres_cube", "nlopt_crs2lm_cube", "nlopt_directr_cube", "nlopt_directo_cube", "nlopt_directl_cube", "bobyqa_default_cube", "bobyqa_noise_cube", "ultraopt_random_cube", "ultraopt_forest_cube", "ultraopt_gbrt_cube", "ultraopt_etpe_cube", "dlib_cube", "dlib_default_cube", "hebo_cube_sequential", "hebo_cube_batch", "hebo_sequential_cube", "hebo_batch_cube"], "count": [143, 141, 158, 496, 73, 160, 479, 506, 462, 498, 473, 465, 450, 728, 706, 765, 719, 680, 536, 543, 509, 341, 540, 509, 746, 484, 533, 505, 563, 713, 708, 726, 707, 699, 771, 747, 728, 761, 747, 573, 760, 1491, 613, 517, 0, 486, 474, 471, 483, 714, 453, 719, 703, 717, 665, 700, 732, 677, 689, 443, 445, 334, 463, 424, 398, 353, 403, 31, 65], "rating": [1874.2235303390448, 1980.2827966211669, 2001.69315925984, 1504.0470174351642, 1206.366905857625, 1013.0468573798503, 2214.9263216691284, 2094.6530562345074, 1210.9921402062243, 2474.4748539250277, 2569.867685132068, 2280.3969531548355, 1865.546433001767, 1902.7270953291181, 1600, 1600, 1600, 1600, 1351.536271164507, 1394.2124855546508, 1496.2707588002156, 1110.7731222521825, 1241.9746390386517, 1359.5780133254525, 1338.9270192298145, 1624.2159011599736, 1472.0106690743057, 978.9313165910772, 1605.6323912859264, 2308.3670450913232, 2406.5641834546964, 1629.9519417828583, 1481.5815705065238, 2436.8324222447013, 1560.3242520524736, 2267.8275300109904, 1848.9549477548464, 1884.618469141158, 1801.1435182364376, 1736.035631609349, 1570.5020856558394, 1695.7429640429775, 2197.3427498135097, 1288.1431189698378, 1600, 2561.5465234402564, 2498.8375590711466, 2410.423511588147, 2670.4825529539808, 1972.9897929486208, 2202.5702626739403, 1786.6577167560185, 1291.6482116460197, 1314.9206045788806, 2496.9662766309784, 1490.1841820878908, 1627.5038691362836, 2395.997124637306, 2482.44099115297, 1369.7454369154966, 2001.6973482110106, 2001.9982698778726, 2129.555566483825, 2349.3404903055193, 2352.6558752058204, 2478.7315066681213, 2327.579393042241, 1939.464121303092, 1862.9123425658302], "traceback": ["passing", "passing", "passing", "passing", "passing", "passing", "passing", "passing", "passing", "Black took 81 function evals when instructed to use 81", "passing", "passing", "passing", "Black took 131 function evals when instructed to use 131", "passing", "passing", "passing", "passing", "passing", "passing", "passing", "passing", "passing", "passing", "passing", "passing", "passing", "passing", "passing", "passing", "Black took 82 function evals when instructed to use 81", "passing", "Black took 601 function evals when instructed to use 600", "passing", "Black took 601 function evals when instructed to use 600", "passing", "passing", "passing", "passing", "passing", "passing", "passing", "passing", "passing", "not yet run", "passing", "passing", "passing", "passing", "passing", "passing", "passing", "passing", "passing", "passing", "passing", "passing", "passing", "passing", "passing", "passing", "passing", "passing", "passing", "passing", "passing", "passing", "passing", "passing"], "active": [true, true, true, true, true, true, true, true, true, true, true, true, true, true, true, true, true, true, true, true, true, true, true, true, true, true, true, true, true, true, true, true, true, true, true, true, true, true, true, true, true, true, true, true, true, true, true, true, true, true, true, true, true, true, true, true, true, true, true, true, true, true, true, true, true, false, false, true, true]}