{"name": ["shgo_slsqp_sobol_cube", "shgo_powell_sobol_cube", "shgo_nelder_sobol_cube", "scipy_slsqp_cube", "scipy_powell_cube", "scipy_lbfgsb_cube", "pysot_ei_cube", "pysot_lcb_cube", "pysot_random_cube", "pysot_srbf_cube", "pysot_dycors_cube", "ax_default_cube", "optuna_cmaes_cube", "optuna_tpe_cube", "optuna_random_cube", "optuna_random_cube_clone", "optuna_random_cube_clone_1", "optuna_random_cube_clone_2", "platypus_genetic_cube", "platypus_evolutionary_cube", "platypus_nsgaii_cube", "platypus_cmaes_cube", "platypus_gde3_cube", "platypus_ibea_cube", "platypus_moead_cube", "platypus_omopso_cube", "platypus_smpso_cube", "platypus_spea2_cube", "platypus_epsmoea_cube", "nevergrad_ngopt_cube", "nevergrad_ngopt4_cube", "nevergrad_de_cube", "nevergrad_portfolio_cube", "nevergrad_oneplus_cube", "nevergrad_hammersley_cube", "nevergrad_ngopt8_cube", "hyperopt_tpe_cube", "hyperopt_atpe_cube", "hyperopt_rand_cube", "pymoo_nelder_cube", "pymoo_nsga3_cube", "pymoo_unsga3_cube", "pymoo_pattern_cube", "pymoo_nsga2_cube", "pymoo_unsga3_cube", "skopt_gp_default_cube", "bayesopt_ucb_cube", "bayesopt_ei_cube", "bayesopt_poi_cube", "nlopt_direct_cube", "nlopt_ags_cube", "nlopt_esch_cube", "nlopt_isres_cube", "nlopt_crs2lm_cube", "nlopt_directr_cube", "nlopt_directo_cube", "nlopt_directl_cube", "bobyqa_default_cube", "bobyqa_noise_cube", "ultraopt_random_cube", "ultraopt_forest_cube", "ultraopt_gbrt_cube", "ultraopt_etpe_cube", "dlib_cube", "dlib_default_cube", "hebo_cube_sequential", "hebo_cube_batch", "hebo_sequential_cube", "hebo_batch_cube"], "count": [184, 180, 211, 686, 97, 248, 602, 605, 590, 616, 612, 467, 570, 1007, 967, 1029, 996, 974, 744, 758, 733, 463, 746, 733, 1011, 731, 744, 756, 784, 980, 1000, 999, 1004, 964, 1033, 1025, 996, 1025, 1044, 814, 1061, 2095, 835, 749, 0, 590, 610, 589, 594, 1002, 574, 1013, 995, 1015, 949, 954, 999, 962, 941, 721, 745, 450, 739, 627, 624, 353, 403, 67, 180], "rating": [2052.0993441826754, 2208.8197028260797, 2107.7634798979307, 1551.7800572667675, 1204.647667831919, 1229.3729442003014, 2276.3746012031893, 2235.0503861918087, 1328.3430568520243, 2551.1554199130824, 2444.3638989074548, 2285.857667948787, 2083.1911915694927, 2161.043514423603, 1600, 1600, 1600, 1600, 1452.1219161878994, 1501.5532135346891, 1501.099697588479, 1313.249749649289, 1241.8804923362975, 1414.3199907720682, 1269.0166890320193, 1707.414443413871, 1557.8955129388874, 1316.0780360851684, 1678.3781216195316, 2334.603082394962, 2458.2960697118237, 1886.5107793985655, 1440.6324073909063, 2506.4102442395338, 1713.2707206755078, 2431.1830855142143, 1856.1252235902207, 1810.1871384294402, 1897.3017692678666, 1925.5421686750044, 1698.7926138895, 1661.332349028814, 2116.7381593252667, 1342.7092766016372, 1600, 2454.813690702851, 2405.8394350517997, 2507.9699284335165, 2460.576538848281, 1941.9889730859388, 2338.041315492917, 1879.7500626388262, 1158.1612517615768, 1565.063875455692, 2745.526696764546, 1517.9719852935857, 1889.5738666718669, 2493.054449000419, 2552.5518877109366, 1311.2766654021873, 1919.7397288376383, 1916.9500768768735, 2249.1857386192287, 2378.96689428896, 2554.762757757296, 2478.7315066681213, 2327.579393042241, 2119.8342537938715, 2149.723830930676], "traceback": ["passing", "passing", "passing", "passing", "passing", "passing", "Black took 81 function evals when instructed to use 81", "passing", "passing", "passing", "passing", "passing", "passing", "passing", "passing", "passing", "passing", "passing", "passing", "passing", "passing", "passing", "passing", "Black took 600 function evals when instructed to use 578", "passing", "passing", "passing", "passing", "passing", "passing", "passing", "passing", "passing", "passing", "Black took 82 function evals when instructed to use 81", "passing", "passing", "passing", "passing", "passing", "passing", "passing", "passing", "passing", "not yet run", "passing", "passing", "passing", "passing", "passing", "Traceback (most recent call last):\n  File \"/opt/hostedtoolcache/Python/3.8.10/x64/lib/python3.8/site-packages/humpday/comparison/eloratings.py\", line 41, in optimizer_game\n    white_best_val, white_best_x, white_feval_count = white(objective, n_trials=n_white_trials, n_dim=n_dim,\n  File \"/opt/hostedtoolcache/Python/3.8.10/x64/lib/python3.8/site-packages/humpday/optimizers/nloptcube.py\", line 43, in nlopt_ags_cube\n    return nlopt_cube_factory(objective=objective,n_trials=n_trials, n_dim=n_dim, with_count=with_count, method='gn_ags')\n  File \"/opt/hostedtoolcache/Python/3.8.10/x64/lib/python3.8/site-packages/humpday/optimizers/nloptcube.py\", line 32, in nlopt_cube_factory\n    best_x = opt.optimize([0.5] * n_dim)\n  File \"/opt/hostedtoolcache/Python/3.8.10/x64/lib/python3.8/site-packages/nlopt/nlopt.py\", line 334, in optimize\n    return _nlopt.opt_optimize(self, *args)\nValueError: nlopt invalid argument\n", "passing", "passing", "passing", "passing", "passing", "passing", "passing", "passing", "passing", "passing", "passing", "passing", "passing", "Traceback (most recent call last):\n  File \"/opt/hostedtoolcache/Python/3.8.10/x64/lib/python3.8/site-packages/humpday/comparison/eloratings.py\", line 41, in optimizer_game\n    white_best_val, white_best_x, white_feval_count = white(objective, n_trials=n_white_trials, n_dim=n_dim,\n  File \"/opt/hostedtoolcache/Python/3.8.10/x64/lib/python3.8/site-packages/humpday/optimizers/dlibcube.py\", line 28, in dlib_default_cube\n    best_x, best_val = find_min_global(_objective, lb, ub, n_trials)\nRuntimeError: \n\nError detected at line 63.\nError detected in file /tmp/pip-install-2bre4n4z/dlib_60ca61f9d00a48babd8b144b1a0b5939/tools/python/src/global_optimization.cpp.\nError detected in function double call_func(pybind11::object, const dlib::matrix<double, 0, 1>&).\n\nFailing expression was 0 < num && num < 35.\nFunctions being optimized must take between 1 and 35 scalar arguments.\n\n", "passing", "passing", "passing", "passing"], "active": [true, true, true, true, true, true, true, true, true, true, true, false, true, true, true, true, true, true, true, true, true, true, true, true, true, true, true, true, true, true, true, true, true, true, true, true, true, true, true, true, true, true, true, true, true, true, true, true, true, true, true, true, true, true, true, true, true, true, true, true, true, true, true, true, true, false, false, true, true]}