{"name": ["shgo_slsqp_sobol_cube", "shgo_powell_sobol_cube", "shgo_nelder_sobol_cube", "scipy_slsqp_cube", "scipy_powell_cube", "scipy_lbfgsb_cube", "pysot_ei_cube", "pysot_lcb_cube", "pysot_random_cube", "pysot_srbf_cube", "pysot_dycors_cube", "ax_default_cube", "optuna_cmaes_cube", "optuna_tpe_cube", "optuna_random_cube", "optuna_random_cube_clone", "optuna_random_cube_clone_1", "optuna_random_cube_clone_2", "platypus_genetic_cube", "platypus_evolutionary_cube", "platypus_nsgaii_cube", "platypus_cmaes_cube", "platypus_gde3_cube", "platypus_ibea_cube", "platypus_moead_cube", "platypus_omopso_cube", "platypus_smpso_cube", "platypus_spea2_cube", "platypus_epsmoea_cube", "nevergrad_ngopt_cube", "nevergrad_ngopt4_cube", "nevergrad_de_cube", "nevergrad_portfolio_cube", "nevergrad_oneplus_cube", "nevergrad_hammersley_cube", "nevergrad_ngopt8_cube", "hyperopt_tpe_cube", "hyperopt_atpe_cube", "hyperopt_rand_cube", "pymoo_nelder_cube", "pymoo_nsga3_cube", "pymoo_unsga3_cube", "pymoo_pattern_cube", "pymoo_nsga2_cube", "pymoo_unsga3_cube", "skopt_gp_default_cube", "bayesopt_ucb_cube", "bayesopt_ei_cube", "bayesopt_poi_cube", "nlopt_direct_cube", "nlopt_ags_cube", "nlopt_esch_cube", "nlopt_isres_cube", "nlopt_crs2lm_cube", "nlopt_directr_cube", "nlopt_directo_cube", "nlopt_directl_cube", "bobyqa_default_cube", "bobyqa_noise_cube", "ultraopt_random_cube", "ultraopt_forest_cube", "ultraopt_gbrt_cube", "ultraopt_etpe_cube", "dlib_cube", "dlib_default_cube", "hebo_cube_sequential", "hebo_cube_batch", "hebo_sequential_cube", "hebo_batch_cube"], "count": [117, 122, 143, 424, 69, 144, 430, 473, 423, 459, 430, 433, 411, 642, 622, 663, 630, 607, 453, 461, 439, 313, 456, 438, 651, 405, 463, 434, 480, 634, 615, 639, 619, 607, 661, 644, 639, 647, 667, 498, 668, 1303, 528, 439, 0, 441, 422, 421, 447, 616, 409, 624, 609, 629, 592, 602, 634, 586, 611, 345, 346, 289, 370, 349, 337, 353, 403, 17, 27], "rating": [1780.0435690090087, 1863.2151205900343, 1869.4305977888446, 1485.6616274863595, 1213.3735556280474, 1001.4485730684047, 2375.6203925670475, 2212.795733688901, 1154.9232051711917, 2578.30953770482, 2598.071212978142, 2417.620123078544, 1788.9776525357308, 1933.1209898748973, 1600, 1600, 1600, 1600, 1371.4888962165644, 1299.9720741301717, 1426.144432007397, 1035.5066852328807, 1100.413457340952, 1299.6354893408259, 1307.22967522831, 1444.2922123166945, 1257.1277550542036, 1098.20155172906, 1427.1047509874181, 2146.5593596357053, 2209.697451582638, 1542.4322580236878, 1549.0035247705061, 2330.664073375999, 1381.5150193871036, 2144.1852034000076, 1664.7130792792377, 1733.0690543836965, 1788.7834249171694, 1968.3311545908741, 1593.8791747106507, 1663.2125857748688, 2269.2822145058267, 1321.754875594763, 1600, 2500.92594051913, 2406.6539869976277, 2490.2594140387564, 2724.250198454655, 2003.7437971074617, 2219.9812069043146, 1740.254361222726, 1118.9832596689707, 1543.5022651617523, 2391.7301468604455, 1613.5143011736436, 1772.7424287058427, 2356.093041716209, 2379.6848692359704, 1230.4686266084207, 2005.2433660077097, 2122.4820767000037, 2255.355036974258, 2380.644942152448, 2229.1498770819676, 2478.7315066681213, 2327.579393042241, 1839.9082721514428, 1852.8554895783786], "traceback": ["passing", "passing", "passing", "passing", "passing", "passing", "passing", "passing", "passing", "passing", "passing", "passing", "passing", "passing", "passing", "passing", "passing", "passing", "passing", "passing", "passing", "passing", "passing", "passing", "passing", "passing", "passing", "passing", "Black took 574 function evals when instructed to use 573", "passing", "passing", "passing", "passing", "passing", "passing", "passing", "passing", "Black took 600 function evals when instructed to use 600", "passing", "Black took 552 function evals when instructed to use 551", "passing", "passing", "passing", "passing", "not yet run", "passing", "passing", "passing", "passing", "passing", "passing", "passing", "Black took 81 function evals when instructed to use 81", "passing", "passing", "passing", "passing", "Black took 54 function evals when instructed to use 137", "Traceback (most recent call last):\n  File \"/opt/hostedtoolcache/Python/3.8.8/x64/lib/python3.8/site-packages/humpday/comparison/eloratings.py\", line 76, in optimizer_game\n    black_best_val, black_best_x, black_feval_count = black(objective, n_trials=n_black_trials,\n  File \"/opt/hostedtoolcache/Python/3.8.8/x64/lib/python3.8/site-packages/humpday/optimizers/bobyqacube.py\", line 39, in bobyqa_noise_cube\n    return bobyqa_cube_factory(objective=objective, n_trials=n_trials, n_dim=n_dim,\n  File \"/opt/hostedtoolcache/Python/3.8.8/x64/lib/python3.8/site-packages/humpday/optimizers/bobyqacube.py\", line 28, in bobyqa_cube_factory\n    soln = solve(_objective, x0, bounds=(lb, ub), maxfun=n_trials, do_logging=False)\n  File \"/opt/hostedtoolcache/Python/3.8.8/x64/lib/python3.8/site-packages/pybobyqa/solver.py\", line 809, in solve\n    solve_main(objfun, x0, args, xl, xu, npt, rhobeg, rhoend, maxfun, nruns, nf, nx, nsamples, params,\n  File \"/opt/hostedtoolcache/Python/3.8.8/x64/lib/python3.8/site-packages/pybobyqa/solver.py\", line 390, in solve_main\n    f_list, num_samples_run, exit_info = control.evaluate_objective(x, number_of_samples, params)\n  File \"/opt/hostedtoolcache/Python/3.8.8/x64/lib/python3.8/site-packages/pybobyqa/controller.py\", line 349, in evaluate_objective\n    f_list[i] = eval_objective(self.objfun, remove_scaling(x, self.scaling_changes), self.args, eval_num=self.nf, pt_num=self.nx,\n  File \"/opt/hostedtoolcache/Python/3.8.8/x64/lib/python3.8/site-packages/pybobyqa/util.py\", line 51, in eval_objective\n    f = objfun(x, *args)\n  File \"/opt/hostedtoolcache/Python/3.8.8/x64/lib/python3.8/site-packages/humpday/optimizers/bobyqacube.py\", line 26, in _objective\n    return objective(u)\n  File \"/opt/hostedtoolcache/Python/3.8.8/x64/lib/python3.8/site-packages/humpday/objectives/portfolio.py\", line 174, in markowitz_return_on_cube\n    return realized_something_factory(g=g,u=u, adjust=True)\n  File \"/opt/hostedtoolcache/Python/3.8.8/x64/lib/python3.8/site-packages/humpday/objectives/portfolio.py\", line 121, in realized_something_factory\n    w = cube_to_weights(u)\n  File \"/opt/hostedtoolcache/Python/3.8.8/x64/lib/python3.8/site-packages/humpday/objectives/portfolio.py\", line 108, in cube_to_weights\n    raise ValueError(\"u should be in hypercube\")\nValueError: u should be in hypercube\n", "passing", "passing", "passing", "Black took 551 function evals when instructed to use 551", "passing", "passing", "passing", "passing", "passing", "passing"], "active": [true, true, true, true, true, true, true, true, true, true, true, true, true, true, true, true, true, true, true, true, true, true, true, true, true, true, true, true, true, true, true, true, true, true, true, true, true, true, true, true, true, true, true, true, true, true, true, true, true, true, true, true, true, true, true, true, true, true, true, true, true, true, true, true, true, false, false, true, true]}