{"name": ["shgo_slsqp_sobol_cube", "shgo_powell_sobol_cube", "shgo_nelder_sobol_cube", "scipy_slsqp_cube", "scipy_powell_cube", "scipy_lbfgsb_cube", "pysot_ei_cube", "pysot_lcb_cube", "pysot_random_cube", "pysot_srbf_cube", "pysot_dycors_cube", "ax_default_cube", "optuna_cmaes_cube", "optuna_tpe_cube", "optuna_random_cube", "optuna_random_cube_clone", "optuna_random_cube_clone_1", "optuna_random_cube_clone_2", "platypus_genetic_cube", "platypus_evolutionary_cube", "platypus_nsgaii_cube", "platypus_cmaes_cube", "platypus_gde3_cube", "platypus_ibea_cube", "platypus_moead_cube", "platypus_omopso_cube", "platypus_smpso_cube", "platypus_spea2_cube", "platypus_epsmoea_cube", "nevergrad_ngopt_cube", "nevergrad_ngopt4_cube", "nevergrad_de_cube", "nevergrad_portfolio_cube", "nevergrad_oneplus_cube", "nevergrad_hammersley_cube", "nevergrad_ngopt8_cube", "hyperopt_tpe_cube", "hyperopt_atpe_cube", "hyperopt_rand_cube", "pymoo_nelder_cube", "pymoo_nsga3_cube", "pymoo_unsga3_cube", "pymoo_pattern_cube", "pymoo_nsga2_cube", "pymoo_unsga3_cube", "skopt_gp_default_cube", "bayesopt_ucb_cube", "bayesopt_ei_cube", "bayesopt_poi_cube", "nlopt_direct_cube", "nlopt_ags_cube", "nlopt_esch_cube", "nlopt_isres_cube", "nlopt_crs2lm_cube", "nlopt_directr_cube", "nlopt_directo_cube", "nlopt_directl_cube", "bobyqa_default_cube", "bobyqa_noise_cube", "ultraopt_random_cube", "ultraopt_forest_cube", "ultraopt_gbrt_cube", "ultraopt_etpe_cube", "dlib_cube", "dlib_default_cube", "hebo_cube_sequential", "hebo_cube_batch", "hebo_sequential_cube", "hebo_batch_cube"], "count": [209, 195, 237, 787, 114, 295, 674, 662, 652, 674, 678, 467, 634, 1137, 1101, 1158, 1129, 1110, 866, 869, 856, 503, 856, 834, 1141, 864, 843, 874, 874, 1101, 1170, 1130, 1130, 1097, 1190, 1168, 1119, 1158, 1173, 921, 1219, 2357, 951, 856, 0, 652, 679, 654, 666, 1115, 628, 1139, 1124, 1154, 1099, 1064, 1140, 1094, 1094, 880, 874, 516, 890, 749, 728, 353, 403, 79, 211], "rating": [2025.177104898672, 2129.709305523136, 2093.833821065012, 1771.685106412535, 1208.4303188180133, 1207.5256251233247, 2316.1243443397193, 2110.612761132453, 1406.0549241011993, 2387.4352120133562, 2508.1106332732106, 2285.857667948787, 2255.71192896107, 2085.47803571177, 1600, 1600, 1600, 1600, 1491.3294740977638, 1528.038403892134, 1499.0700246928157, 1382.1221098726137, 1221.021921109768, 1500.5707135497378, 1417.163920592585, 1681.3308955411383, 1514.6401404402598, 1278.649175769145, 1816.6879998598406, 2367.3713351211054, 2511.9632059872365, 1931.0115119068353, 1720.2000893023526, 2569.505712814871, 1833.6532454016522, 2369.5266100308504, 1856.9163007194581, 1708.118010401473, 1882.9728892673306, 1945.3587980397317, 1601.8974587887083, 1904.2437536204193, 2216.2038074087304, 1330.7034241262224, 1600, 2431.583571292115, 2484.2471924772913, 2454.7866510274775, 2527.8352898884536, 2032.226488006616, 2218.4635356806334, 1839.167536819685, 1397.3999181561328, 1673.1078273132655, 2724.279616885825, 1602.4188965510625, 1894.2241125491257, 2649.253064186964, 2585.629803499077, 1440.8705045489478, 2080.8695374762096, 2083.3260209084856, 2154.477390766863, 2538.613353555651, 2628.530945676375, 2478.7315066681213, 2327.579393042241, 2176.8472776464696, 2175.661952000583], "traceback": ["passing", "passing", "passing", "passing", "Traceback (most recent call last):\n  File \"/opt/hostedtoolcache/Python/3.8.11/x64/lib/python3.8/site-packages/humpday/comparison/eloratings.py\", line 41, in optimizer_game\n    white_best_val, white_best_x, white_feval_count = white(objective, n_trials=n_white_trials, n_dim=n_dim,\n  File \"/opt/hostedtoolcache/Python/3.8.11/x64/lib/python3.8/site-packages/humpday/optimizers/scipycube.py\", line 40, in scipy_powell_cube\n    return scipy_cube(objective=objective, n_trials=n_trials, n_dim=n_dim, with_count=with_count, method='powell')\n  File \"/opt/hostedtoolcache/Python/3.8.11/x64/lib/python3.8/site-packages/humpday/optimizers/scipycube.py\", line 29, in scipy_cube\n    result = minimize(_objective, x0=[0]*n_dim, method=options['method'],bounds=bounds, options=options)\n  File \"/opt/hostedtoolcache/Python/3.8.11/x64/lib/python3.8/site-packages/scipy/optimize/_minimize.py\", line 614, in minimize\n    return _minimize_powell(fun, x0, args, callback, bounds, **options)\n  File \"/opt/hostedtoolcache/Python/3.8.11/x64/lib/python3.8/site-packages/scipy/optimize/optimize.py\", line 3059, in _minimize_powell\n    fx2 = squeeze(func(x2))\n  File \"/opt/hostedtoolcache/Python/3.8.11/x64/lib/python3.8/site-packages/scipy/optimize/optimize.py\", line 464, in function_wrapper\n    return function(np.copy(x), *(wrapper_args + args))\n  File \"/opt/hostedtoolcache/Python/3.8.11/x64/lib/python3.8/site-packages/humpday/optimizers/scipycube.py\", line 27, in _objective\n    return objective(list(x))\n  File \"/opt/hostedtoolcache/Python/3.8.11/x64/lib/python3.8/site-packages/humpday/objectives/portfolio.py\", line 87, in markowitz_analytic_on_cube\n    assert all([ 0<=ui<=1 for ui in u])\nAssertionError\n", "passing", "passing", "passing", "passing", "passing", "Black took 212 function evals when instructed to use 212", "passing", "passing", "passing", "passing", "passing", "passing", "passing", "passing", "passing", "passing", "passing", "passing", "passing", "passing", "passing", "passing", "Black took 600 function evals when instructed to use 551", "passing", "Black took 601 function evals when instructed to use 600", "passing", "passing", "passing", "passing", "passing", "passing", "Black took 211 function evals when instructed to use 211", "passing", "passing", "passing", "passing", "passing", "passing", "passing", "not yet run", "passing", "passing", "passing", "passing", "passing", "passing", "passing", "passing", "passing", "passing", "passing", "passing", "passing", "Black took 341 function evals when instructed to use 341", "passing", "Black took 82 function evals when instructed to use 82", "passing", "passing", "Traceback (most recent call last):\n  File \"/opt/hostedtoolcache/Python/3.8.11/x64/lib/python3.8/site-packages/humpday/comparison/eloratings.py\", line 41, in optimizer_game\n    white_best_val, white_best_x, white_feval_count = white(objective, n_trials=n_white_trials, n_dim=n_dim,\n  File \"/opt/hostedtoolcache/Python/3.8.11/x64/lib/python3.8/site-packages/humpday/optimizers/dlibcube.py\", line 32, in dlib_cube\n    return dlib_default_cube(objective=objective, n_trials=n_trials, n_dim=n_dim, with_count=with_count)  # It is useful to have a clone of one of the better algos\n  File \"/opt/hostedtoolcache/Python/3.8.11/x64/lib/python3.8/site-packages/humpday/optimizers/dlibcube.py\", line 27, in dlib_default_cube\n    best_x, best_val = find_min_global(_objective, lb, ub, n_trials)\nRuntimeError: \n\nError detected at line 63.\nError detected in file /tmp/pip-install-cjdh7h7g/dlib_2a10f8093a92499ea222647edf813112/tools/python/src/global_optimization.cpp.\nError detected in function double call_func(pybind11::object, const dlib::matrix<double, 0, 1>&).\n\nFailing expression was 0 < num && num < 35.\nFunctions being optimized must take between 1 and 35 scalar arguments.\n\n", "Black took 81 function evals when instructed to use 81", "passing", "passing", "Traceback (most recent call last):\n  File \"/opt/hostedtoolcache/Python/3.8.10/x64/lib/python3.8/site-packages/hebo/acq_optimizers/evolution_optimizer.py\", line 119, in optimize\n    res   = minimize(prob, algo, ('n_gen', self.iter), verbose = self.verbose)\n  File \"/opt/hostedtoolcache/Python/3.8.10/x64/lib/python3.8/site-packages/pymoo/optimize.py\", line 85, in minimize\n    res = algorithm.solve()\n  File \"/opt/hostedtoolcache/Python/3.8.10/x64/lib/python3.8/site-packages/pymoo/model/algorithm.py\", line 226, in solve\n    self._solve(self.problem)\n  File \"/opt/hostedtoolcache/Python/3.8.10/x64/lib/python3.8/site-packages/pymoo/model/algorithm.py\", line 321, in _solve\n    self.next()\n  File 