{"name": ["shgo_slsqp_sobol_cube", "shgo_powell_sobol_cube", "shgo_nelder_sobol_cube", "scipy_slsqp_cube", "scipy_powell_cube", "scipy_nelder_cube", "scipy_lbfgsb_cube", "pysot_ei_cube", "pysot_lcb_cube", "pysot_random_cube", "pysot_srbf_cube", "pysot_dycors_cube", "ax_default_cube", "optuna_cmaes_cube", "optuna_tpe_cube", "optuna_random_cube", "optuna_random_cube_clone", "optuna_random_cube_clone_1", "optuna_random_cube_clone_2", "platypus_genetic_cube", "platypus_evolutionary_cube", "platypus_nsgaii_cube", "platypus_cmaes_cube", "platypus_gde3_cube", "platypus_ibea_cube", "platypus_moead_cube", "platypus_omopso_cube", "platypus_smpso_cube", "platypus_spea2_cube", "platypus_epsmoea_cube", "nevergrad_ngopt_cube", "nevergrad_ngopt4_cube", "nevergrad_ngopt8_cube", "nevergrad_de_cube", "nevergrad_portfolio_cube", "nevergrad_oneplus_cube", "nevergrad_hammersley_cube", "hyperopt_atpe_cube", "hyperopt_rand_cube", "hyperopt_tpe_cube", "pymoo_nelder_cube", "pymoo_nsga3_cube", "pymoo_unsga3_cube", "pymoo_pattern_cube", "pymoo_nsga2_cube", "skopt_gp_default_cube", "ultraopt_random_cube", "ultraopt_etpe_cube", "bayesopt_ucb_cube", "bayesopt_ei_cube", "bayesopt_poi_cube", "dlib_cube", "nlopt_direct_cube", "nlopt_ags_cube", "nlopt_esch_cube", "nlopt_isres_cube", "nlopt_crs2lm_cube", "nlopt_directr_cube", "nlopt_directo_cube"], "count": [122, 121, 139, 168, 146, 191, 152, 168, 187, 181, 178, 214, 179, 232, 170, 204, 204, 233, 169, 108, 98, 105, 116, 107, 132, 189, 121, 114, 122, 100, 202, 182, 194, 191, 184, 197, 217, 201, 187, 195, 199, 199, 179, 196, 103, 199, 199, 186, 152, 197, 179, 194, 63, 55, 56, 55, 66, 61, 52], "rating": [1885.7804889009465, 1998.3128321180995, 1979.1779609231378, 1371.1893296896715, 2104.473937960074, 1158.9733427859478, 1634.6246559927301, 1765.1567103062782, 1826.7307954317369, 1451.346226753753, 2040.1047261454391, 2127.773644584801, 2052.338722005113, 2057.2116881444203, 1806.558212714099, 1600, 1600, 1600, 1600, 1250.2873614732791, 1279.3557353031267, 1309.586935776914, 1284.6076117085568, 1461.9543511456598, 1295.3037867527955, 1514.059677012959, 1528.623569469211, 1476.4680089906856, 1111.4205114713102, 1298.2040777995676, 1954.650314957397, 2051.366250187721, 2090.112998053572, 1439.431983153131, 1435.763662137553, 1646.4168788454956, 1290.824680679557, 1535.5795471534136, 1646.05409103981, 1640.3018410625123, 1860.5192040187412, 1787.8624100508907, 1734.1780013275518, 2040.12193855744, 1306.2822300984392, 2005.365521804987, 1207.4808237982747, 1921.5558451805464, 1770.7891303947945, 1889.8805830167853, 1874.724605986044, 2202.0039892699847, 1888.1533864915446, 1491.7383838830742, 1588.2059849209036, 1576.6896003512466, 1721.6874137121786, 1988.5577716398984, 1694.4027486998195], "traceback": ["passing", "passing", "Traceback (most recent call last):\n  File \"/Users/petercotton/virtual-envs/optimizer-elo-ratings/lib/python3.7/site-packages/humpday/comparison/eloratings.py\", line 79, in optimizer_game\n    with_count=True)\n  File \"/Users/petercotton/virtual-envs/optimizer-elo-ratings/lib/python3.7/site-packages/humpday/optimizers/shgocube.py\", line 35, in shgo_nelder_sobol_cube\n    local_method='nelder', sampling_method='sobol')\n  File \"/Users/petercotton/virtual-envs/optimizer-elo-ratings/lib/python3.7/site-packages/humpday/optimizers/shgocube.py\", line 77, in shgo_cube\n    sampling_method=sampling_method)\n  File \"/Users/petercotton/virtual-envs/optimizer-elo-ratings/lib/python3.7/site-packages/scipy/optimize/_shgo.py\", line 421, in shgo\n    shc.construct_complex()\n  File \"/Users/petercotton/virtual-envs/optimizer-elo-ratings/lib/python3.7/site-packages/scipy/optimize/_shgo.py\", line 733, in construct_complex\n    self.find_minima()\n  File \"/Users/petercotton/virtual-envs/optimizer-elo-ratings/lib/python3.7/site-packages/scipy/optimize/_shgo.py\", line 742, in find_minima\n    self.minimizers()\n  File \"/Users/petercotton/virtual-envs/optimizer-elo-ratings/lib/python3.7/site-packages/scipy/optimize/_shgo.py\", line 1261, in delaunay_complex_minimisers\n    self.delaunay_triangulation(grow=True, n_prc=self.n_prc)\n  File \"/Users/petercotton/virtual-envs/optimizer-elo-ratings/lib/python3.7/site-packages/scipy/optimize/_shgo.py\", line 1538, in delaunay_triangulation\n    self.Tri = spatial.Delaunay(self.C, incremental=True)\n  File \"qhull.pyx\", line 1840, in scipy.spatial.qhull.Delaunay.__init__\n  File \"qhull.pyx\", line 356, in scipy.spatial.qhull._Qhull.__init__\nscipy.spatial.qhull.QhullError: QH6239 Qhull precision error: initial Delaunay input sites are cocircular or cospherical.  Use option 'Qz' for the Delaunay triangulation or Voronoi diagram of cocircular/cospherical points; it adds a point \"at infinity\".  Alternatively use option 'QJ' to joggle the input.  Use option 'Qs' to search all points for the initial simplex.\n\ninput sites with last coordinate projected to a paraboloid\n- p1(v10):   0.5   0.5   0.5   0.5   0.5   0.5   0.5   0.5     2\n- p3(v9):  0.25  0.75  0.25  0.75  0.25  0.75  0.25  0.75   2.5\n- p2(v8):  0.75  0.25  0.75  0.25  0.75  0.25  0.75  0.25   2.5\n- p8(v7):  0.19  0.31  0.31  0.69  0.56  0.19 0.062  0.94   1.9\n- p4(v6):  0.38  0.38  0.62  0.12  0.88  0.88  0.12  0.62   2.6\n- p9(v5):  0.69  0.81  0.81  0.19 0.062  0.69  0.56  0.44   2.8\n- p6(v4):  0.62  0.12  0.38  0.38  0.12  0.62  0.88  0.88   2.6\n- p7(v3):  0.12  0.62  0.88  0.88  0.62  0.12  0.38  0.38   2.6\n- p5(v2):  0.88  0.88  0.12  0.62  0.38  0.38  0.62  0.12   2.6\n- p0(v1):     0     0     0     0     0     0     0     0     0\n\nWhile executing:  | qhull d Q11 Qc Qt Qx\nOptions selected for Qhull 2019.1.r 2019/06/21:\n  run-id 107665515  delaunay  Q11-trinormals Qtriangulate  Qcoplanar-keep\n  Qtriangulate  Qxact-merge  _zero-centrum  Qinterior-keep\n  Q3-no-merge-vertices-dim-high  Pgood  _max-width 2.8  Error-roundoff 1.8e-14\n  _one-merge 3.4e-13  Visible-distance 1.1e-13  U-max-coplanar 1.1e-13\n  Width-outside 2.1e-13  _wide-facet 6.4e-13  _maxoutside 3.5e-13\n\n", "passing", "passing", "passing", "passing", "passing", "passing", "passing", "passing", "passing", "passing", "passing", "passing", "passing", "passing", "passing", "passing", "passing", "passing", "passing", "passing", "passing", "passing", "passing", "passing", "passing", "passing", "passing", "passing", "passing", "passing", "passing", "passing", "passing", "passing", "passing", "passing", "passing", "passing", "passing", "passing", "passing", "passing", "passing", "passing", "passing", "passing", "passing", "passing", "passing", "passing", "passing", "passing", "passing", "passing", "passing", "passing"], "active": [true, true, true, true, true, true, true, true, true, true, true, true, true, true, true, true, true, true, true, true, true, true, true, true, true, true, true, true, true, true, true, true, true, true, true, true, true, true, true, true, true, true, true, true, true, true, true, true, true, true, true, true, true, true, true, true, true, true, true]}