{"name": ["shgo_slsqp_sobol_cube", "shgo_powell_sobol_cube", "shgo_nelder_sobol_cube", "scipy_slsqp_cube", "scipy_powell_cube", "scipy_lbfgsb_cube", "pysot_ei_cube", "pysot_lcb_cube", "pysot_random_cube", "pysot_srbf_cube", "pysot_dycors_cube", "ax_default_cube", "optuna_cmaes_cube", "optuna_tpe_cube", "optuna_random_cube", "optuna_random_cube_clone", "optuna_random_cube_clone_1", "optuna_random_cube_clone_2", "platypus_genetic_cube", "platypus_evolutionary_cube", "platypus_nsgaii_cube", "platypus_cmaes_cube", "platypus_gde3_cube", "platypus_ibea_cube", "platypus_moead_cube", "platypus_omopso_cube", "platypus_smpso_cube", "platypus_spea2_cube", "platypus_epsmoea_cube", "nevergrad_ngopt_cube", "nevergrad_ngopt4_cube", "nevergrad_de_cube", "nevergrad_portfolio_cube", "nevergrad_oneplus_cube", "nevergrad_hammersley_cube", "nevergrad_ngopt8_cube", "hyperopt_tpe_cube", "hyperopt_atpe_cube", "hyperopt_rand_cube", "pymoo_nelder_cube", "pymoo_nsga3_cube", "pymoo_unsga3_cube", "pymoo_pattern_cube", "pymoo_nsga2_cube", "pymoo_unsga3_cube", "skopt_gp_default_cube", "bayesopt_ucb_cube", "bayesopt_ei_cube", "bayesopt_poi_cube", "nlopt_direct_cube", "nlopt_ags_cube", "nlopt_esch_cube", "nlopt_isres_cube", "nlopt_crs2lm_cube", "nlopt_directr_cube", "nlopt_directo_cube", "nlopt_directl_cube", "bobyqa_default_cube", "bobyqa_noise_cube", "ultraopt_random_cube", "ultraopt_forest_cube", "ultraopt_gbrt_cube", "ultraopt_etpe_cube", "dlib_cube", "dlib_default_cube", "hebo_cube_sequential", "hebo_cube_batch", "hebo_sequential_cube", "hebo_batch_cube"], "count": [155, 155, 176, 540, 81, 177, 507, 529, 495, 528, 508, 467, 482, 795, 769, 826, 767, 741, 584, 579, 560, 371, 589, 556, 806, 540, 577, 563, 621, 779, 788, 786, 782, 767, 849, 808, 792, 827, 825, 626, 839, 1644, 664, 563, 0, 511, 507, 491, 515, 783, 488, 780, 776, 802, 732, 765, 794, 732, 745, 514, 520, 352, 528, 465, 461, 353, 403, 38, 104], "rating": [1952.4344957981446, 2097.917680354947, 2105.348318227055, 1549.2350552527846, 1180.790778016118, 1031.266330734004, 2259.675059337642, 2100.0665952688714, 1203.263446705172, 2470.390748813327, 2519.4160866763264, 2285.857667948787, 1900.4193835983192, 2061.230212407455, 1600, 1600, 1600, 1600, 1373.05589487079, 1446.0740145490395, 1420.9764209933783, 1296.013625308849, 1165.056524004942, 1284.4566783820628, 1283.019068782103, 1600.6452007604923, 1520.9808363204768, 1225.3160478515942, 1613.2200744440925, 2287.949226338513, 2302.124490270133, 1698.6370679003626, 1446.9431916395529, 2433.190882925149, 1642.9994320718672, 2384.8259704325114, 1740.1773045842715, 1920.7140772538191, 1656.4985098158447, 1773.7800884203675, 1482.995883465191, 1842.2995852377883, 2087.698595988826, 1340.301058961064, 1600, 2558.576440122877, 2456.140606491219, 2438.7944692334563, 2580.4131005106324, 2081.78395852281, 2301.822364316109, 1731.2878981626122, 1285.9294203275263, 1497.032273468154, 2528.53833121983, 1536.517420912613, 1702.6705721531052, 2417.188931427258, 2434.107643562412, 1296.8056461869012, 1920.1643152727631, 2004.3201868187139, 2111.782172480459, 2407.0215646963015, 2347.987904059026, 2478.7315066681213, 2327.579393042241, 1974.0532721440777, 2076.8176649779216], "traceback": ["passing", "passing", "passing", "Black took 149 function evals when instructed to use 218", "passing", "passing", "passing", "passing", "passing", "passing", "passing", "passing", "passing", "Black took 211 function evals when instructed to use 211", "passing", "passing", "passing", "passing", "passing", "passing", "passing", "passing", "passing", "passing", "passing", "passing", "passing", "passing", "passing", "passing", "passing", "passing", "passing", "passing", "passing", "passing", "passing", "passing", "passing", "passing", "passing", "passing", "Black took 89 function evals when instructed to use 84", "passing", "not yet run", "passing", "passing", "passing", "passing", "passing", "passing", "Black took 563 function evals when instructed to use 563", "passing", "passing", "passing", "passing", "passing", "passing", "passing", "passing", "passing", "passing", "passing", "passing", "Traceback (most recent call last):\n  File \"/opt/hostedtoolcache/Python/3.8.9/x64/lib/python3.8/site-packages/humpday/comparison/eloratings.py\", line 76, in optimizer_game\n    black_best_val, black_best_x, black_feval_count = black(objective, n_trials=n_black_trials,\n  File \"/opt/hostedtoolcache/Python/3.8.9/x64/lib/python3.8/site-packages/humpday/optimizers/dlibcube.py\", line 28, in dlib_default_cube\n    best_x, best_val = find_min_global(_objective, lb, ub, n_trials)\nRuntimeError: \n\nError detected at line 63.\nError detected in file /tmp/pip-install-bpdgqao3/dlib_3b5ff8500d2845c3883394fc74a53bbd/tools/python/src/global_optimization.cpp.\nError detected in function double call_func(pybind11::object, const dlib::matrix<double, 0, 1>&).\n\nFailing expression was 0 < num && num < 35.\nFunctions being optimized must take between 1 and 35 scalar arguments.\n\n", "passing", "passing", "passing", "passing"], "active": [true, true, true, true, true, true, true, true, true, true, true, false, true, true, true, true, true, true, true, true, true, true, true, true, true, true, true, true, true, true, true, true, true, true, true, true, true, true, true, true, true, true, true, true, true, true, true, true, true, true, true, true, true, true, true, true, true, true, true, true, true, true, true, true, true, false, false, true, true]}