{"name": ["shgo_slsqp_sobol_cube", "shgo_powell_sobol_cube", "shgo_nelder_sobol_cube", "scipy_slsqp_cube", "scipy_powell_cube", "scipy_lbfgsb_cube", "pysot_ei_cube", "pysot_lcb_cube", "pysot_random_cube", "pysot_srbf_cube", "pysot_dycors_cube", "ax_default_cube", "optuna_cmaes_cube", "optuna_tpe_cube", "optuna_random_cube", "optuna_random_cube_clone", "optuna_random_cube_clone_1", "optuna_random_cube_clone_2", "platypus_genetic_cube", "platypus_evolutionary_cube", "platypus_nsgaii_cube", "platypus_cmaes_cube", "platypus_gde3_cube", "platypus_ibea_cube", "platypus_moead_cube", "platypus_omopso_cube", "platypus_smpso_cube", "platypus_spea2_cube", "platypus_epsmoea_cube", "nevergrad_ngopt_cube", "nevergrad_ngopt4_cube", "nevergrad_de_cube", "nevergrad_portfolio_cube", "nevergrad_oneplus_cube", "nevergrad_hammersley_cube", "nevergrad_ngopt8_cube", "hyperopt_tpe_cube", "hyperopt_atpe_cube", "hyperopt_rand_cube", "pymoo_nelder_cube", "pymoo_nsga3_cube", "pymoo_unsga3_cube", "pymoo_pattern_cube", "pymoo_nsga2_cube", "pymoo_unsga3_cube", "skopt_gp_default_cube", "bayesopt_ucb_cube", "bayesopt_ei_cube", "bayesopt_poi_cube", "nlopt_direct_cube", "nlopt_ags_cube", "nlopt_esch_cube", "nlopt_isres_cube", "nlopt_crs2lm_cube", "nlopt_directr_cube", "nlopt_directo_cube", "nlopt_directl_cube", "bobyqa_default_cube", "bobyqa_noise_cube", "ultraopt_random_cube", "ultraopt_forest_cube", "ultraopt_gbrt_cube", "ultraopt_etpe_cube", "dlib_cube", "dlib_default_cube", "hebo_cube_sequential", "hebo_cube_batch", "hebo_sequential_cube", "hebo_batch_cube"], "count": [195, 191, 228, 744, 109, 275, 640, 632, 625, 643, 646, 467, 598, 1081, 1030, 1085, 1059, 1044, 811, 826, 798, 485, 803, 777, 1074, 790, 795, 809, 831, 1044, 1090, 1059, 1061, 1035, 1108, 1094, 1061, 1088, 1117, 870, 1148, 2222, 910, 805, 0, 624, 646, 621, 629, 1060, 594, 1082, 1062, 1086, 1018, 1001, 1064, 1012, 1018, 809, 810, 486, 814, 689, 671, 353, 403, 77, 206], "rating": [2075.6075535575064, 2157.171006153287, 2121.8981064396926, 1703.9057180331959, 1217.6729461096738, 1205.5446881738635, 2253.5965082432276, 2169.5585476507763, 1411.0939614654296, 2495.0695641894886, 2436.8479754806804, 2285.857667948787, 2104.982727484897, 2090.8768034389336, 1600, 1600, 1600, 1600, 1581.2970747584484, 1572.3768535507518, 1456.0442957556236, 1314.452290235824, 1210.8812042032791, 1446.40713978236, 1329.1609813187983, 1711.9918092886571, 1384.062415273326, 1261.6876013414646, 1766.95998940605, 2294.301067608866, 2459.2731769952934, 1984.4207306919207, 1687.5837893130904, 2536.3486675121203, 1848.2478262782004, 2445.2521698416685, 1813.2174447673437, 1813.5058975162328, 1813.4519665952175, 1999.3679238314894, 1682.8563039899936, 1805.0168702189467, 2203.505480911822, 1328.6465979856578, 1600, 2514.458291955452, 2447.131964719675, 2468.1903382570263, 2443.5318416046316, 1968.1918248267425, 2280.9846721990807, 1786.8420813816172, 1317.916792600728, 1603.186108367536, 2673.824285958002, 1557.1240740298626, 1833.5982816464093, 2578.905039566156, 2588.5776018002266, 1412.179547127768, 1891.5174302483317, 1998.467639732341, 2268.944736012904, 2324.3764981922536, 2682.132328191152, 2478.7315066681213, 2327.579393042241, 2162.77469577148, 2202.7071335111223], "traceback": ["passing", "passing", "passing", "passing", "Traceback (most recent call last):\n  File \"/opt/hostedtoolcache/Python/3.8.10/x64/lib/python3.8/site-packages/humpday/comparison/eloratings.py\", line 76, in optimizer_game\n    black_best_val, black_best_x, black_feval_count = black(objective, n_trials=n_black_trials,\n  File \"/opt/hostedtoolcache/Python/3.8.10/x64/lib/python3.8/site-packages/humpday/optimizers/scipycube.py\", line 40, in scipy_powell_cube\n    return scipy_cube(objective=objective, n_trials=n_trials, n_dim=n_dim, with_count=with_count, method='powell')\n  File \"/opt/hostedtoolcache/Python/3.8.10/x64/lib/python3.8/site-packages/humpday/optimizers/scipycube.py\", line 29, in scipy_cube\n    result = minimize(_objective, x0=[0]*n_dim, method=options['method'],bounds=bounds, options=options)\n  File \"/opt/hostedtoolcache/Python/3.8.10/x64/lib/python3.8/site-packages/scipy/optimize/_minimize.py\", line 610, in minimize\n    return _minimize_powell(fun, x0, args, callback, bounds, **options)\n  File \"/opt/hostedtoolcache/Python/3.8.10/x64/lib/python3.8/site-packages/scipy/optimize/optimize.py\", line 2993, in _minimize_powell\n    fx2 = squeeze(func(x2))\n  File \"/opt/hostedtoolcache/Python/3.8.10/x64/lib/python3.8/site-packages/scipy/optimize/optimize.py\", line 461, in function_wrapper\n    return function(*(wrapper_args + args))\n  File \"/opt/hostedtoolcache/Python/3.8.10/x64/lib/python3.8/site-packages/humpday/optimizers/scipycube.py\", line 27, in _objective\n    return objective(list(x))\n  File \"/opt/hostedtoolcache/Python/3.8.10/x64/lib/python3.8/site-packages/humpday/objectives/portfolio.py\", line 146, in markowitz_realized_on_cube\n    return realized_something_factory(g=g,u=u)\n  File \"/opt/hostedtoolcache/Python/3.8.10/x64/lib/python3.8/site-packages/humpday/objectives/portfolio.py\", line 121, in realized_something_factory\n    w = cube_to_weights(u)\n  File \"/opt/hostedtoolcache/Python/3.8.10/x64/lib/python3.8/site-packages/humpday/objectives/portfolio.py\", line 108, in cube_to_weights\n    raise ValueError(\"u should be in hypercube\")\nValueError: u should be in hypercube\n", "passing", "passing", "passing", "Black took 132 function evals when instructed to use 132", "passing", "passing", "passing", "passing", "passing", "Black took 211 function evals when instructed to use 211", "passing", "Black took 341 function evals when instructed to use 341", "passing", "passing", "passing", "passing", "passing", "passing", "passing", "passing", "passing", "passing", "passing", "passing", "passing", "passing", "passing", "passing", "passing", "passing", "passing", "passing", "Black took 600 function evals when instructed to use 600", "passing", "passing", "Black took 215 function evals when instructed to use 215", "passing", "passing", "passing", "not yet run", "passing", "passing", "passing", "passing", "Black took 211 function evals when instructed to use 211", "passing", "passing", "Black took 81 function evals when instructed to use 81", "passing", "passing", "passing", "passing", "passing", "passing", "passing", "passing", "passing", "passing", "passing", "passing", "passing", "passing", "passing", "passing"], "active": [true, true, true, true, true, true, true, true, true, true, true, false, true, true, true, true, true, true, true, true, true, true, true, true, true, true, true, true, true, true, true, true, true, true, true, true, true, true, true, true, true, true, true, true, true, true, true, true, true, true, true, true, true, true, true, true, true, true, true, true, true, true, true, true, true, false, false, true, true]}