{"name": ["shgo_slsqp_sobol_cube", "shgo_powell_sobol_cube", "shgo_nelder_sobol_cube", "scipy_slsqp_cube", "scipy_powell_cube", "scipy_lbfgsb_cube", "pysot_ei_cube", "pysot_lcb_cube", "pysot_random_cube", "pysot_srbf_cube", "pysot_dycors_cube", "ax_default_cube", "optuna_cmaes_cube", "optuna_tpe_cube", "optuna_random_cube", "optuna_random_cube_clone", "optuna_random_cube_clone_1", "optuna_random_cube_clone_2", "platypus_genetic_cube", "platypus_evolutionary_cube", "platypus_nsgaii_cube", "platypus_cmaes_cube", "platypus_gde3_cube", "platypus_ibea_cube", "platypus_moead_cube", "platypus_omopso_cube", "platypus_smpso_cube", "platypus_spea2_cube", "platypus_epsmoea_cube", "nevergrad_ngopt_cube", "nevergrad_ngopt4_cube", "nevergrad_de_cube", "nevergrad_portfolio_cube", "nevergrad_oneplus_cube", "nevergrad_hammersley_cube", "nevergrad_ngopt8_cube", "hyperopt_tpe_cube", "hyperopt_atpe_cube", "hyperopt_rand_cube", "pymoo_nelder_cube", "pymoo_nsga3_cube", "pymoo_unsga3_cube", "pymoo_pattern_cube", "pymoo_nsga2_cube", "pymoo_unsga3_cube", "skopt_gp_default_cube", "bayesopt_ucb_cube", "bayesopt_ei_cube", "bayesopt_poi_cube", "nlopt_direct_cube", "nlopt_ags_cube", "nlopt_esch_cube", "nlopt_isres_cube", "nlopt_crs2lm_cube", "nlopt_directr_cube", "nlopt_directo_cube", "nlopt_directl_cube", "bobyqa_default_cube", "bobyqa_noise_cube", "ultraopt_random_cube", "ultraopt_forest_cube", "ultraopt_gbrt_cube", "ultraopt_etpe_cube", "dlib_cube", "dlib_default_cube", "hebo_cube_sequential", "hebo_cube_batch", "hebo_sequential_cube", "hebo_batch_cube"], "count": [117, 121, 143, 420, 69, 142, 429, 470, 420, 457, 430, 432, 409, 637, 617, 655, 623, 607, 450, 459, 436, 310, 456, 436, 648, 404, 461, 434, 477, 630, 612, 635, 616, 605, 656, 643, 633, 645, 665, 494, 665, 1298, 525, 436, 0, 439, 419, 417, 445, 613, 406, 623, 608, 626, 589, 599, 630, 582, 610, 339, 341, 289, 366, 346, 333, 353, 403, 16, 27], "rating": [1780.0435690090087, 1839.9372834491235, 1869.4305977888446, 1471.337429124663, 1213.3735556280474, 986.9464886347525, 2371.9044043607073, 2188.502184144833, 1166.4956266132167, 2585.8933530074137, 2598.071212978142, 2411.8672502809877, 1787.0917308633336, 1956.1321417014701, 1600, 1600, 1600, 1600, 1357.9089333489978, 1293.0849711090589, 1425.227234562911, 1019.7007012717761, 1100.413457340952, 1280.359742017739, 1297.9929025588133, 1460.9447596542964, 1261.3659773771292, 1098.20155172906, 1427.382276314353, 2145.670708668109, 2202.1743487560475, 1535.2628713287854, 1542.6339399837325, 2328.5908060086995, 1342.3187178125786, 2139.935719514089, 1653.19583160651, 1742.7293470390186, 1769.5044524685018, 1989.753984851006, 1554.1500668311169, 1615.2741949951505, 2289.011657881374, 1343.313156031875, 1600, 2516.311190407994, 2377.7046358599127, 2491.0121026802317, 2729.095692350274, 2031.797167401314, 2182.4476075092252, 1719.8764615273953, 1130.146935225614, 1554.3111243810483, 2370.6267697470084, 1637.7792493330073, 1751.4278445222583, 2392.9254947854874, 2370.250865340039, 1250.2485948291467, 2050.588399178153, 2122.4820767000037, 2245.9896459767474, 2407.2787095866543, 2230.227244255965, 2478.7315066681213, 2327.579393042241, 1828.7701040860186, 1852.8554895783786], "traceback": ["passing", "passing", "passing", "passing", "passing", "passing", "passing", "passing", "passing", "Black took 131 function evals when instructed to use 131", "passing", "passing", "passing", "passing", "passing", "passing", "passing", "passing", "passing", "passing", "passing", "passing", "passing", "passing", "passing", "passing", "passing", "passing", "passing", "passing", "passing", "passing", "passing", "passing", "passing", "passing", "passing", "passing", "passing", "passing", "passing", "Black took 81 function evals when instructed to use 81", "passing", "passing", "not yet run", "passing", "passing", "Black took 81 function evals when instructed to use 81", "passing", "Black took 211 function evals when instructed to use 211", "passing", "passing", "passing", "passing", "passing", "passing", "passing", "passing", "passing", "passing", "passing", "passing", "passing", "passing", "passing", "passing", "passing", "passing", "passing"], "active": [true, true, true, true, true, true, true, true, true, true, true, true, true, true, true, true, true, true, true, true, true, true, true, true, true, true, true, true, true, true, true, true, true, true, true, true, true, true, true, true, true, true, true, true, true, true, true, true, true, true, true, true, true, true, true, true, true, true, true, true, true, true, true, true, true, false, false, true, true]}