{"name": ["shgo_slsqp_sobol_cube", "shgo_powell_sobol_cube", "shgo_nelder_sobol_cube", "scipy_slsqp_cube", "scipy_powell_cube", "scipy_lbfgsb_cube", "pysot_ei_cube", "pysot_lcb_cube", "pysot_random_cube", "pysot_srbf_cube", "pysot_dycors_cube", "ax_default_cube", "optuna_cmaes_cube", "optuna_tpe_cube", "optuna_random_cube", "optuna_random_cube_clone", "optuna_random_cube_clone_1", "optuna_random_cube_clone_2", "platypus_genetic_cube", "platypus_evolutionary_cube", "platypus_nsgaii_cube", "platypus_cmaes_cube", "platypus_gde3_cube", "platypus_ibea_cube", "platypus_moead_cube", "platypus_omopso_cube", "platypus_smpso_cube", "platypus_spea2_cube", "platypus_epsmoea_cube", "nevergrad_ngopt_cube", "nevergrad_ngopt4_cube", "nevergrad_de_cube", "nevergrad_portfolio_cube", "nevergrad_oneplus_cube", "nevergrad_hammersley_cube", "nevergrad_ngopt8_cube", "hyperopt_tpe_cube", "hyperopt_atpe_cube", "hyperopt_rand_cube", "pymoo_nelder_cube", "pymoo_nsga3_cube", "pymoo_unsga3_cube", "pymoo_pattern_cube", "pymoo_nsga2_cube", "pymoo_unsga3_cube", "skopt_gp_default_cube", "bayesopt_ucb_cube", "bayesopt_ei_cube", "bayesopt_poi_cube", "nlopt_direct_cube", "nlopt_ags_cube", "nlopt_esch_cube", "nlopt_isres_cube", "nlopt_crs2lm_cube", "nlopt_directr_cube", "nlopt_directo_cube", "nlopt_directl_cube", "bobyqa_default_cube", "bobyqa_noise_cube", "ultraopt_random_cube", "ultraopt_forest_cube", "ultraopt_gbrt_cube", "ultraopt_etpe_cube", "dlib_cube", "dlib_default_cube", "hebo_cube_sequential", "hebo_cube_batch", "hebo_sequential_cube", "hebo_batch_cube"], "count": [180, 176, 202, 662, 93, 231, 580, 590, 572, 604, 594, 467, 551, 965, 921, 994, 946, 934, 711, 725, 699, 442, 721, 707, 961, 694, 708, 706, 756, 929, 953, 959, 964, 925, 1001, 981, 965, 980, 1003, 776, 1015, 1991, 792, 716, 0, 578, 593, 561, 574, 950, 560, 962, 962, 963, 902, 917, 961, 917, 907, 682, 700, 428, 700, 599, 592, 353, 403, 60, 158], "rating": [2047.032888893345, 2179.9196846683626, 2105.3048568941626, 1539.4244693355877, 1216.6451606680118, 1252.15772212378, 2228.28715571956, 2219.541979757827, 1341.363597531188, 2539.163624421639, 2442.6555595038853, 2285.857667948787, 2077.1199622740696, 2154.260017349604, 1600, 1600, 1600, 1600, 1528.0593975684055, 1398.5260695371398, 1524.121276203866, 1262.563232229331, 1217.7845623382916, 1457.879231125921, 1333.516548415892, 1643.3814706771295, 1546.8421181236183, 1107.1029933227162, 1696.483288350535, 2316.1647905673954, 2449.888524557179, 1849.5381208814106, 1466.3053072764815, 2511.2467964570196, 1719.2498217839866, 2434.24962485771, 1934.6949310283603, 1844.7986818186519, 1813.1428220595383, 1913.4814491429572, 1658.2287495221858, 1691.5048183030317, 2166.170992516792, 1330.8538855628954, 1600, 2485.954396246785, 2470.1107284820655, 2442.218111788029, 2463.4525406148496, 1869.0929700081579, 2249.4862197419975, 1724.0593273935892, 1193.31785528063, 1417.3282982430342, 2775.9378940659562, 1458.4330445794474, 1940.539653802021, 2425.6156867261943, 2505.4572231415987, 1356.8436512911474, 1996.0418213412804, 2001.3903976624467, 2172.5292384100017, 2410.3303037929695, 2464.128807697501, 2478.7315066681213, 2327.579393042241, 2094.6988533171466, 2144.9841034952965], "traceback": ["Traceback (most recent call last):\n  File \"/opt/hostedtoolcache/Python/3.8.10/x64/lib/python3.8/site-packages/humpday/comparison/eloratings.py\", line 76, in optimizer_game\n    black_best_val, black_best_x, black_feval_count = black(objective, n_trials=n_black_trials,\n  File \"/opt/hostedtoolcache/Python/3.8.10/x64/lib/python3.8/site-packages/humpday/optimizers/shgocube.py\", line 14, in shgo_slsqp_sobol_cube\n    return shgo_cube(objective=objective, n_trials=n_trials, n_dim=n_dim, with_count=with_count,\n  File \"/opt/hostedtoolcache/Python/3.8.10/x64/lib/python3.8/site-packages/humpday/optimizers/shgocube.py\", line 73, in shgo_cube\n    result = shgo(_objective, bounds, n=n, iters=n_iters, options={'maxfev': n_trials_reduced,\n  File \"/opt/hostedtoolcache/Python/3.8.10/x64/lib/python3.8/site-packages/scipy/optimize/_shgo.py\", line 421, in shgo\n    shc.construct_complex()\n  File \"/opt/hostedtoolcache/Python/3.8.10/x64/lib/python3.8/site-packages/scipy/optimize/_shgo.py\", line 733, in construct_complex\n    self.find_minima()\n  File \"/opt/hostedtoolcache/Python/3.8.10/x64/lib/python3.8/site-packages/scipy/optimize/_shgo.py\", line 742, in find_minima\n    self.minimizers()\n  File \"/opt/hostedtoolcache/Python/3.8.10/x64/lib/python3.8/site-packages/scipy/optimize/_shgo.py\", line 1261, in delaunay_complex_minimisers\n    self.delaunay_triangulation(grow=True, n_prc=self.n_prc)\n  File \"/opt/hostedtoolcache/Python/3.8.10/x64/lib/python3.8/site-packages/scipy/optimize/_shgo.py\", line 1538, in delaunay_triangulation\n    self.Tri = spatial.Delaunay(self.C, incremental=True)\n  File \"qhull.pyx\", line 1840, in scipy.spatial.qhull.Delaunay.__init__\n  File \"qhull.pyx\", line 356, in scipy.spatial.qhull._Qhull.__init__\nscipy.spatial.qhull.QhullError: QH6239 Qhull precision error: initial Delaunay input sites are cocircular or cospherical.  Use option 'Qz' for the Delaunay triangulation or Voronoi diagram of cocircular/cospherical points; it adds a point \"at infinity\".  Alternatively use option 'QJ' to joggle the input.  Use option 'Qs' to search all points for the initial simplex.\n\ninput sites with last coordinate projected to a paraboloid\n- p1(v10):   0.5   0.5   0.5   0.5   0.5   0.5   0.5   0.5     2\n- p3(v9):  0.25  0.75  0.25  0.75  0.25  0.75  0.25  0.75   2.5\n- p2(v8):  0.75  0.25  0.75  0.25  0.75  0.25  0.75  0.25   2.5\n- p8(v7):  0.19  0.31  0.31  0.69  0.56  0.19 0.062  0.94   1.9\n- p4(v6):  0.38  0.38  0.62  0.12  0.88  0.88  0.12  0.62   2.6\n- p9(v5):  0.69  0.81  0.81  0.19 0.062  0.69  0.56  0.44   2.8\n- p6(v4):  0.62  0.12  0.38  0.38  0.12  0.62  0.88  0.88   2.6\n- p7(v3):  0.12  0.62  0.88  0.88  0.62  0.12  0.38  0.38   2.6\n- p5(v2):  0.88  0.88  0.12  0.62  0.38  0.38  0.62  0.12   2.6\n- p0(v1):     0     0     0     0     0     0     0     0     0\n\nWhile executing:  | qhull d Qx Qt Q11 Qc\nOptions selected for Qhull 2019.1.r 2019/06/21:\n  run-id 1337507142  delaunay  Qxact-merge  Qtriangulate\n  Q11-trinormals Qtriangulate  Qcoplanar-keep  _zero-centrum  Qinterior-keep\n  Q3-no-merge-vertices-dim-high  Pgood  _max-width 2.8  Error-roundoff 1.8e-14\n  _one-merge 3.4e-13  Visible-distance 1.1e-13  U-max-coplanar 1.1e-13\n  Width-outside 2.1e-13  _wide-facet 6.4e-13  _maxoutside 3.5e-13\n\n", "passing", "passing", "passing", "passing", "passing", "passing", "passing", "passing", "Black took 211 function evals when instructed to use 211", "passing", "passing", "passing", "passing", "passing", "passing", "passing", "passing", "passing", "passing", "passing", "passing", "passing", "Black took 600 function evals when instructed to use 600", "passing", "passing", "passing", "passing", "passing", "passing", "Black took 212 function evals when instructed to use 211", "passing", "passing", "passing", "passing", "passing", "passing", "passing", "passing", "passing", "Black took 81 function evals when instructed to use 81", "passing", "passing", "passing", "not yet run", "passing", "passing", "passing", "Black took 211 function evals when instructed to use 211", "passing", "passing", "passing", "passing", "passing", "passing", "passing", "passing", "passing", "passing", "passing", "passing", "passing", "passing", "Traceback (most recent call last):\n  File \"/opt/hostedtoolcache/Python/3.8.10/x64/lib/python3.8/site-packages/humpday/comparison/eloratings.py\", line 76, in optimizer_game\n    black_best_val, black_best_x, black_feval_count = black(objective, n_trials=n_black_trials,\n  File \"/opt/hostedtoolcache/Python/3.8.10/x64/lib/python3.8/site-packages/humpday/optimizers/dlibcube.py\", line 33, in dlib_cube\n    return dlib_default_cube(objective=objective, n_trials=n_trials, n_dim=n_dim, with_count=with_count)  # It is useful to have a clone of 