{"name": ["shgo_slsqp_sobol_cube", "shgo_powell_sobol_cube", "shgo_nelder_sobol_cube", "scipy_slsqp_cube", "scipy_powell_cube", "scipy_lbfgsb_cube", "pysot_ei_cube", "pysot_lcb_cube", "pysot_random_cube", "pysot_srbf_cube", "pysot_dycors_cube", "ax_default_cube", "optuna_cmaes_cube", "optuna_tpe_cube", "optuna_random_cube", "optuna_random_cube_clone", "optuna_random_cube_clone_1", "optuna_random_cube_clone_2", "platypus_genetic_cube", "platypus_evolutionary_cube", "platypus_nsgaii_cube", "platypus_cmaes_cube", "platypus_gde3_cube", "platypus_ibea_cube", "platypus_moead_cube", "platypus_omopso_cube", "platypus_smpso_cube", "platypus_spea2_cube", "platypus_epsmoea_cube", "nevergrad_ngopt_cube", "nevergrad_ngopt4_cube", "nevergrad_de_cube", "nevergrad_portfolio_cube", "nevergrad_oneplus_cube", "nevergrad_hammersley_cube", "nevergrad_ngopt8_cube", "hyperopt_tpe_cube", "hyperopt_atpe_cube", "hyperopt_rand_cube", "pymoo_nelder_cube", "pymoo_nsga3_cube", "pymoo_unsga3_cube", "pymoo_pattern_cube", "pymoo_nsga2_cube", "pymoo_unsga3_cube", "skopt_gp_default_cube", "bayesopt_ucb_cube", "bayesopt_ei_cube", "bayesopt_poi_cube", "nlopt_direct_cube", "nlopt_ags_cube", "nlopt_esch_cube", "nlopt_isres_cube", "nlopt_crs2lm_cube", "nlopt_directr_cube", "nlopt_directo_cube", "nlopt_directl_cube", "bobyqa_default_cube", "bobyqa_noise_cube", "ultraopt_random_cube", "ultraopt_forest_cube", "ultraopt_gbrt_cube", "ultraopt_etpe_cube", "dlib_cube", "dlib_default_cube", "hebo_cube_sequential", "hebo_cube_batch", "hebo_sequential_cube", "hebo_batch_cube"], "count": [170, 166, 192, 606, 89, 207, 547, 566, 534, 570, 547, 467, 525, 875, 854, 920, 864, 842, 656, 656, 637, 417, 649, 649, 889, 629, 648, 637, 698, 868, 878, 884, 880, 842, 921, 917, 882, 910, 927, 697, 938, 1816, 744, 652, 0, 546, 552, 529, 545, 869, 528, 884, 885, 890, 824, 844, 882, 830, 834, 604, 618, 400, 619, 544, 525, 353, 403, 49, 135], "rating": [1962.3482512451328, 2134.6115957564157, 2055.5388171774375, 1622.7360926483477, 1204.4816399416788, 1212.1984779874701, 2190.788573805206, 2116.0913260970246, 1277.0648720655556, 2506.530850135551, 2502.079833142578, 2285.857667948787, 2070.215409453465, 2101.9993527888505, 1600, 1600, 1600, 1600, 1465.6327437959667, 1417.7360962417758, 1421.5492367825195, 1236.4516276468478, 1116.5227591952328, 1450.7596858000738, 1220.058120115688, 1503.611631098146, 1527.7206887278476, 1221.7916561067004, 1780.3657690467073, 2424.3765484801393, 2355.2534442145347, 1859.0556442055615, 1522.0553446832587, 2465.764998200558, 1623.4334248313094, 2387.6332273784933, 1755.5241180848773, 1941.3545207109883, 1916.48295608117, 1932.2610213287342, 1652.9650863137726, 1630.288446463357, 2066.018795921868, 1180.2321259593527, 1600, 2490.7066945938204, 2526.038551087931, 2380.5071209471994, 2502.7277837950105, 1999.5613090548145, 2179.1141334135623, 1702.4471799852774, 1244.9460866516695, 1576.1100980781898, 2745.535608900237, 1574.7151198708086, 1684.2891094155486, 2459.3140547829307, 2538.456383393343, 1465.6265987248983, 1891.2704584478863, 2041.941081827308, 2053.1079627292233, 2429.0949427619653, 2398.7504181462828, 2478.7315066681213, 2327.579393042241, 2089.8213009097353, 2060.878716441547], "traceback": ["passing", "passing", "passing", "Black took 5 function evals when instructed to use 81", "passing", "passing", "passing", "Black took 81 function evals when instructed to use 81", "passing", "passing", "Black took 131 function evals when instructed to use 131", "passing", "passing", "passing", "passing", "passing", "passing", "passing", "passing", "passing", "passing", "passing", "passing", "passing", "passing", "passing", "passing", "passing", "passing", "passing", "passing", "passing", "passing", "passing", "passing", "passing", "Black took 600 function evals when instructed to use 600", "passing", "passing", "passing", "passing", "Black took 131 function evals when instructed to use 131", "passing", "passing", "not yet run", "Black took 131 function evals when instructed to use 131", "passing", "passing", "passing", "passing", "Traceback (most recent call last):\n  File \"/opt/hostedtoolcache/Python/3.8.10/x64/lib/python3.8/site-packages/humpday/comparison/eloratings.py\", line 76, in optimizer_game\n    black_best_val, black_best_x, black_feval_count = black(objective, n_trials=n_black_trials,\n  File \"/opt/hostedtoolcache/Python/3.8.10/x64/lib/python3.8/site-packages/humpday/optimizers/nloptcube.py\", line 43, in nlopt_ags_cube\n    return nlopt_cube_factory(objective=objective,n_trials=n_trials, n_dim=n_dim, with_count=with_count, method='gn_ags')\n  File \"/opt/hostedtoolcache/Python/3.8.10/x64/lib/python3.8/site-packages/humpday/optimizers/nloptcube.py\", line 32, in nlopt_cube_factory\n    best_x = opt.optimize([0.5] * n_dim)\n  File \"/opt/hostedtoolcache/Python/3.8.10/x64/lib/python3.8/site-packages/nlopt/nlopt.py\", line 334, in optimize\n    return _nlopt.opt_optimize(self, *args)\nValueError: nlopt invalid argument\n", "passing", "passing", "passing", "passing", "passing", "passing", "passing", "passing", "passing", "passing", "Black took 131 function evals when instructed to use 131", "Black took 356 function evals when instructed to use 356", "passing", "Traceback (most recent call last):\n  File \"/opt/hostedtoolcache/Python/3.8.10/x64/lib/python3.8/site-packages/humpday/comparison/eloratings.py\", line 41, in optimizer_game\n    white_best_val, white_best_x, white_feval_count = white(objective, n_trials=n_white_trials, n_dim=n_dim,\n  File \"/opt/hostedtoolcache/Python/3.8.10/x64/lib/python3.8/site-packages/humpday/optimizers/dlibcube.py\", line 28, in dlib_default_cube\n    best_x, best_val = find_min_global(_objective, lb, ub, n_trials)\nRuntimeError: \n\nError detected at line 63.\nError detected in file /tmp/pip-install-0377l16i/dlib_70358c217bab4805809fe92d9e89bedb/tools/python/src/global_optimization.cpp.\nError detected in function double call_func(pybind11::object, const dlib::matrix<double, 0, 1>&).\n\nFailing expression was 0 < num && num < 35.\nFunctions being optimized must take between 1 and 35 scalar arguments.\n\n", "passing", "passing", "passing", "passing"], "active": [true, true, true, true, true, true, true, true, true, true, true, false, true, true, true, true, true, true, true, true, true, true, true, true, true, true, true, true, true, true, true, true, true, true, true, true, true, true, true, true, true, true, true, true, true, true, true, true, true, true, true, true, true, true, true, true, true, true, true, true, true, true, true, true, true, false, false, true, true]}