{"name": ["shgo_slsqp_sobol_cube", "shgo_powell_sobol_cube", "shgo_nelder_sobol_cube", "scipy_slsqp_cube", "scipy_powell_cube", "scipy_lbfgsb_cube", "pysot_ei_cube", "pysot_lcb_cube", "pysot_random_cube", "pysot_srbf_cube", "pysot_dycors_cube", "ax_default_cube", "optuna_cmaes_cube", "optuna_tpe_cube", "optuna_random_cube", "optuna_random_cube_clone", "optuna_random_cube_clone_1", "optuna_random_cube_clone_2", "platypus_genetic_cube", "platypus_evolutionary_cube", "platypus_nsgaii_cube", "platypus_cmaes_cube", "platypus_gde3_cube", "platypus_ibea_cube", "platypus_moead_cube", "platypus_omopso_cube", "platypus_smpso_cube", "platypus_spea2_cube", "platypus_epsmoea_cube", "nevergrad_ngopt_cube", "nevergrad_ngopt4_cube", "nevergrad_de_cube", "nevergrad_portfolio_cube", "nevergrad_oneplus_cube", "nevergrad_hammersley_cube", "nevergrad_ngopt8_cube", "hyperopt_tpe_cube", "hyperopt_atpe_cube", "hyperopt_rand_cube", "pymoo_nelder_cube", "pymoo_nsga3_cube", "pymoo_unsga3_cube", "pymoo_pattern_cube", "pymoo_nsga2_cube", "pymoo_unsga3_cube", "skopt_gp_default_cube", "bayesopt_ucb_cube", "bayesopt_ei_cube", "bayesopt_poi_cube", "nlopt_direct_cube", "nlopt_ags_cube", "nlopt_esch_cube", "nlopt_isres_cube", "nlopt_crs2lm_cube", "nlopt_directr_cube", "nlopt_directo_cube", "nlopt_directl_cube", "bobyqa_default_cube", "bobyqa_noise_cube", "ultraopt_random_cube", "ultraopt_forest_cube", "ultraopt_gbrt_cube", "ultraopt_etpe_cube", "dlib_cube", "dlib_default_cube", "hebo_cube_sequential", "hebo_cube_batch", "hebo_sequential_cube", "hebo_batch_cube"], "count": [116, 117, 140, 404, 67, 135, 423, 458, 410, 443, 423, 427, 402, 623, 601, 638, 604, 590, 432, 447, 417, 304, 437, 417, 631, 384, 443, 416, 463, 617, 594, 621, 598, 590, 635, 630, 614, 626, 639, 479, 641, 1268, 507, 424, 0, 430, 409, 410, 439, 595, 392, 605, 595, 613, 573, 577, 610, 559, 588, 320, 326, 282, 347, 334, 316, 353, 403, 10, 21], "rating": [1778.974121408122, 1809.7269087178815, 1866.6192813459584, 1408.4588941915886, 1190.449347434485, 969.1384760055087, 2373.4892288113597, 2204.349071779461, 1215.2800529464178, 2614.990333731653, 2583.174944229449, 2455.3130808621845, 1831.4905102809948, 1972.7871253274595, 1600, 1600, 1600, 1600, 1226.2971198354787, 1243.8232698322497, 1442.7065740264775, 1007.0748814222461, 1073.3989836951137, 1253.4385231896429, 1248.2693647133312, 1379.174312271256, 1170.6826750897471, 1131.052751757209, 1353.474687780254, 2097.2562406827847, 2203.667681872476, 1495.849816192851, 1536.211537441524, 2311.8326783145467, 1302.72245838713, 2073.9337875316805, 1655.8484811929995, 1747.8970407145875, 1821.5031686034504, 1971.4149553092902, 1637.1738333350322, 1594.600059337928, 2276.884635983049, 1318.8209992926918, 1600, 2530.5097829639953, 2410.6487006176944, 2449.3347961773316, 2724.126127361803, 2049.5092113929686, 2231.3674510875594, 1631.8528635355642, 1171.5430034380718, 1591.4969085517494, 2342.845527943709, 1609.7894382628594, 1844.8546199605607, 2400.6491511028207, 2417.4986472435135, 1275.6084991607627, 2088.046396895497, 2107.3643330620503, 2276.7065948091954, 2376.482492861734, 2163.2743412033415, 2478.7315066681213, 2327.579393042241, 1855.0561294060562, 1851.101852885135], "traceback": ["passing", "passing", "passing", "passing", "passing", "passing", "passing", "passing", "passing", "passing", "passing", "passing", "passing", "passing", "passing", "passing", "passing", "passing", "passing", "passing", "passing", "passing", "passing", "passing", "passing", "passing", "passing", "passing", "passing", "Black took 212 function evals when instructed to use 211", "Black took 223 function evals when instructed to use 222", "passing", "passing", "passing", "passing", "passing", "passing", "passing", "passing", "passing", "passing", "passing", "Black took 350 function evals when instructed to use 343", "passing", "not yet run", "passing", "passing", "passing", "passing", "passing", "passing", "passing", "passing", "passing", "Black took 131 function evals when instructed to use 131", "passing", "passing", "passing", "passing", "passing", "passing", "passing", "passing", "passing", "passing", "passing", "passing", "passing", "passing"], "active": [true, true, true, true, true, true, true, true, true, true, true, true, true, true, true, true, true, true, true, true, true, true, true, true, true, true, true, true, true, true, true, true, true, true, true, true, true, true, true, true, true, true, true, true, true, true, true, true, true, true, true, true, true, true, true, true, true, true, true, true, true, true, true, true, true, false, false, true, true]}