{"name": ["shgo_slsqp_sobol_cube", "shgo_powell_sobol_cube", "shgo_nelder_sobol_cube", "scipy_slsqp_cube", "scipy_powell_cube", "scipy_lbfgsb_cube", "pysot_ei_cube", "pysot_lcb_cube", "pysot_random_cube", "pysot_srbf_cube", "pysot_dycors_cube", "ax_default_cube", "optuna_cmaes_cube", "optuna_tpe_cube", "optuna_random_cube", "optuna_random_cube_clone", "optuna_random_cube_clone_1", "optuna_random_cube_clone_2", "platypus_genetic_cube", "platypus_evolutionary_cube", "platypus_nsgaii_cube", "platypus_cmaes_cube", "platypus_gde3_cube", "platypus_ibea_cube", "platypus_moead_cube", "platypus_omopso_cube", "platypus_smpso_cube", "platypus_spea2_cube", "platypus_epsmoea_cube", "nevergrad_ngopt_cube", "nevergrad_ngopt4_cube", "nevergrad_de_cube", "nevergrad_portfolio_cube", "nevergrad_oneplus_cube", "nevergrad_hammersley_cube", "nevergrad_ngopt8_cube", "hyperopt_tpe_cube", "hyperopt_atpe_cube", "hyperopt_rand_cube", "pymoo_nelder_cube", "pymoo_nsga3_cube", "pymoo_unsga3_cube", "pymoo_pattern_cube", "pymoo_nsga2_cube", "pymoo_unsga3_cube", "skopt_gp_default_cube", "bayesopt_ucb_cube", "bayesopt_ei_cube", "bayesopt_poi_cube", "nlopt_direct_cube", "nlopt_ags_cube", "nlopt_esch_cube", "nlopt_isres_cube", "nlopt_crs2lm_cube", "nlopt_directr_cube", "nlopt_directo_cube", "nlopt_directl_cube", "bobyqa_default_cube", "bobyqa_noise_cube", "ultraopt_random_cube", "ultraopt_forest_cube", "ultraopt_gbrt_cube", "ultraopt_etpe_cube", "dlib_cube", "dlib_default_cube", "hebo_cube_sequential", "hebo_cube_batch", "hebo_sequential_cube", "hebo_batch_cube"], "count": [140, 133, 158, 486, 71, 156, 467, 500, 455, 493, 464, 458, 443, 707, 685, 741, 701, 666, 518, 528, 498, 335, 518, 495, 727, 471, 520, 495, 545, 696, 691, 709, 695, 675, 749, 729, 718, 742, 734, 558, 738, 1452, 599, 503, 0, 478, 463, 458, 474, 693, 444, 698, 686, 700, 653, 679, 707, 660, 674, 417, 423, 321, 442, 407, 391, 353, 403, 30, 60], "rating": [1862.2916076570482, 1928.3954573857036, 2001.69315925984, 1447.0947678171567, 1202.495684019823, 1028.0037476195264, 2242.8446351283324, 2102.0675156959396, 1158.017216854189, 2452.920707807808, 2592.190531397847, 2254.989553436365, 1833.5029612071091, 1850.1779910638998, 1600, 1600, 1600, 1600, 1318.010381381444, 1332.0846228995324, 1518.7415183998737, 1106.489113395323, 1294.101881183995, 1339.1191071197165, 1347.096186649252, 1608.7462339783215, 1430.1081236935313, 999.791498792819, 1567.4815272606204, 2189.7143986471865, 2374.7089748692933, 1659.9154812012152, 1525.4276941341232, 2500.0746939173596, 1636.240978423202, 2263.0314211272944, 1795.5145914348104, 1824.4118576674962, 1756.3514606263586, 1805.021313252252, 1562.538876219046, 1694.6247211945872, 2211.180030848924, 1305.416055569348, 1600, 2559.6057794200933, 2482.183257758135, 2414.34357691697, 2666.5842338241655, 2012.4731903778522, 2209.684437365778, 1770.9958525219213, 1246.6875858673732, 1345.4919177393836, 2463.3954222320995, 1551.6335704491555, 1722.619675665277, 2394.2931229578335, 2456.120473414926, 1399.108019421387, 1948.7959748247388, 2035.13952911515, 2094.5564809665084, 2381.056336582198, 2348.7803872577647, 2478.7315066681213, 2327.579393042241, 1931.304613026648, 1903.8680330722584], "traceback": ["passing", "passing", "passing", "passing", "passing", "passing", "Black took 131 function evals when instructed to use 131", "passing", "passing", "Black took 211 function evals when instructed to use 211", "passing", "passing", "passing", "passing", "passing", "passing", "passing", "Black took 81 function evals when instructed to use 81", "passing", "passing", "passing", "passing", "passing", "passing", "passing", "passing", "passing", "passing", "passing", "passing", "passing", "passing", "passing", "passing", "Black took 601 function evals when instructed to use 600", "passing", "passing", "passing", "passing", "passing", "passing", "passing", "passing", "passing", "not yet run", "passing", "passing", "passing", "passing", "passing", "passing", "passing", "Black took 81 function evals when instructed to use 81", "passing", "passing", "passing", "passing", "passing", "Black took 81 function evals when instructed to use 81", "passing", "passing", "Black took 211 function evals when instructed to use 211", "passing", "passing", "passing", "passing", "passing", "passing", "passing"], "active": [true, true, true, true, true, true, true, true, true, true, true, true, true, true, true, true, true, true, true, true, true, true, true, true, true, true, true, true, true, true, true, true, true, true, true, true, true, true, true, true, true, true, true, true, true, true, true, true, true, true, true, true, true, true, true, true, true, true, true, true, true, true, true, true, true, false, false, true, true]}