{"name": ["shgo_slsqp_sobol_cube", "shgo_powell_sobol_cube", "shgo_nelder_sobol_cube", "scipy_slsqp_cube", "scipy_powell_cube", "scipy_nelder_cube", "scipy_lbfgsb_cube", "pysot_ei_cube", "pysot_lcb_cube", "pysot_random_cube", "pysot_srbf_cube", "pysot_dycors_cube", "ax_default_cube", "optuna_cmaes_cube", "optuna_tpe_cube", "optuna_random_cube", "optuna_random_cube_clone", "optuna_random_cube_clone_1", "optuna_random_cube_clone_2", "platypus_genetic_cube", "platypus_evolutionary_cube", "platypus_nsgaii_cube", "platypus_cmaes_cube", "platypus_gde3_cube", "platypus_ibea_cube", "platypus_moead_cube", "platypus_omopso_cube", "platypus_smpso_cube", "platypus_spea2_cube", "platypus_epsmoea_cube", "nevergrad_ngopt_cube", "nevergrad_ngopt4_cube", "nevergrad_ngopt8_cube", "nevergrad_de_cube", "nevergrad_portfolio_cube", "nevergrad_oneplus_cube", "nevergrad_hammersley_cube", "hyperopt_atpe_cube", "hyperopt_rand_cube", "hyperopt_tpe_cube", "pymoo_nelder_cube", "pymoo_nsga3_cube", "pymoo_unsga3_cube", "pymoo_pattern_cube", "pymoo_nsga2_cube", "skopt_gp_default_cube", "ultraopt_random_cube", "ultraopt_etpe_cube", "bayesopt_ucb_cube", "bayesopt_ei_cube", "bayesopt_poi_cube", "dlib_cube", "nlopt_direct_cube", "nlopt_ags_cube", "nlopt_esch_cube", "nlopt_isres_cube", "nlopt_crs2lm_cube", "nlopt_directr_cube", "nlopt_directo_cube", "ultraopt_forest_cube", "ultraopt_gbrt_cube", "dlib_default_cube"], "count": [131, 128, 147, 177, 154, 204, 165, 176, 200, 190, 189, 221, 188, 242, 181, 209, 217, 239, 179, 115, 103, 113, 123, 110, 137, 197, 127, 122, 128, 105, 217, 189, 200, 202, 189, 211, 230, 215, 200, 204, 208, 216, 187, 205, 114, 208, 206, 203, 161, 204, 186, 207, 73, 63, 68, 63, 78, 71, 64, 3, 0, 2], "rating": [1863.2890621531567, 2030.3709335742983, 1939.5531954013907, 1387.6058856224731, 2129.233240057534, 1150.3971683276943, 1750.8452464789866, 1758.8040174727157, 1845.8155879270846, 1380.343727846998, 2065.893720197197, 2075.316772852504, 1977.3795298201105, 2097.3168469696416, 1867.1386284971852, 1600, 1600, 1600, 1600, 1235.254453906223, 1271.2942513754047, 1327.2039978422763, 1242.2263709173756, 1436.6085465250508, 1329.797148848305, 1523.321221062826, 1511.4863551578387, 1478.9714572050636, 1125.4636097967805, 1319.5901237390833, 2060.037023389169, 2087.6009238249367, 2131.447812338255, 1352.6479210418593, 1413.1155410595345, 1645.2142516454676, 1296.410846928158, 1631.8520083387712, 1686.8415081928085, 1625.7263994759721, 1857.0033868944695, 1843.615527241111, 1724.168216896533, 2035.4016122642633, 1268.9299061273487, 2048.5377565053586, 1246.8481131210588, 1887.065850217802, 1796.6540642037287, 1909.2145917007797, 1820.0534723179335, 2201.5498173577316, 1862.1538071282566, 1456.0429305238035, 1565.634088442248, 1556.6312866486342, 1701.5825809998119, 1965.3269172556788, 1654.354968479281, 1626.7764826715122, 1600, 1657.5632949615963], "traceback": ["passing", "passing", "passing", "passing", "passing", "passing", "passing", "passing", "passing", "passing", "passing", "passing", "passing", "passing", "passing", "passing", "passing", "passing", "passing", "passing", "passing", "passing", "passing", "passing", "passing", "passing", "passing", "passing", "passing", "passing", "passing", "passing", "passing", "passing", "passing", "passing", "passing", "passing", "passing", "passing", "passing", "passing", "Black took 51 function evals when instructed to use 51", "passing", "passing", "passing", "passing", "passing", "Black took 86 function evals when instructed to use 86", "passing", "passing", "passing", "passing", "passing", "Black took 342 function evals when instructed to use 342", "passing", "passing", "passing", "passing", "passing", "not yet run", "passing"], "active": [true, true, true, true, true, true, true, true, true, true, true, true, true, true, true, true, true, true, true, true, true, true, true, true, true, true, true, true, true, true, true, true, true, true, true, true, true, true, true, true, true, true, true, true, true, true, true, true, true, true, true, true, true, true, true, true, true, true, true, true, true, true]}