{"name": ["shgo_slsqp_sobol_cube", "shgo_powell_sobol_cube", "shgo_nelder_sobol_cube", "scipy_slsqp_cube", "scipy_powell_cube", "scipy_lbfgsb_cube", "pysot_ei_cube", "pysot_lcb_cube", "pysot_random_cube", "pysot_srbf_cube", "pysot_dycors_cube", "ax_default_cube", "optuna_cmaes_cube", "optuna_tpe_cube", "optuna_random_cube", "optuna_random_cube_clone", "optuna_random_cube_clone_1", "optuna_random_cube_clone_2", "platypus_genetic_cube", "platypus_evolutionary_cube", "platypus_nsgaii_cube", "platypus_cmaes_cube", "platypus_gde3_cube", "platypus_ibea_cube", "platypus_moead_cube", "platypus_omopso_cube", "platypus_smpso_cube", "platypus_spea2_cube", "platypus_epsmoea_cube", "nevergrad_ngopt_cube", "nevergrad_ngopt4_cube", "nevergrad_de_cube", "nevergrad_portfolio_cube", "nevergrad_oneplus_cube", "nevergrad_hammersley_cube", "nevergrad_ngopt8_cube", "hyperopt_tpe_cube", "hyperopt_atpe_cube", "hyperopt_rand_cube", "pymoo_nelder_cube", "pymoo_nsga3_cube", "pymoo_unsga3_cube", "pymoo_pattern_cube", "pymoo_nsga2_cube", "pymoo_unsga3_cube", "skopt_gp_default_cube", "bayesopt_ucb_cube", "bayesopt_ei_cube", "bayesopt_poi_cube", "nlopt_direct_cube", "nlopt_ags_cube", "nlopt_esch_cube", "nlopt_isres_cube", "nlopt_crs2lm_cube", "nlopt_directr_cube", "nlopt_directo_cube", "nlopt_directl_cube", "bobyqa_default_cube", "bobyqa_noise_cube", "ultraopt_random_cube", "ultraopt_forest_cube", "ultraopt_gbrt_cube", "ultraopt_etpe_cube", "dlib_cube", "dlib_default_cube", "hebo_cube_sequential", "hebo_cube_batch", "hebo_sequential_cube", "hebo_batch_cube"], "count": [135, 130, 152, 472, 70, 151, 460, 492, 447, 480, 457, 451, 432, 692, 662, 725, 678, 656, 502, 515, 483, 331, 502, 482, 716, 455, 509, 482, 537, 688, 678, 693, 674, 658, 734, 715, 698, 719, 715, 539, 720, 1417, 588, 488, 0, 472, 453, 451, 473, 678, 437, 681, 670, 684, 637, 659, 684, 644, 658, 399, 405, 311, 420, 391, 376, 353, 403, 28, 53], "rating": [1857.7910776290164, 1914.742082203193, 1964.3232189604769, 1418.7868159010368, 1204.3273943777026, 1000.2811327165379, 2256.136494206132, 2145.946262535617, 1148.8259294506367, 2531.333986179041, 2611.597271908225, 2282.29623043955, 1864.6125343258554, 1894.262228241401, 1600, 1600, 1600, 1600, 1293.1618163377623, 1333.1148715292472, 1499.9522809094653, 1054.7037541502953, 1211.871703142262, 1236.5422417463874, 1272.3724973319634, 1529.835753267714, 1382.558412621241, 1031.6588933489716, 1605.9460385167424, 2198.239646123845, 2343.633484210376, 1644.820430816072, 1446.5531591831175, 2480.6781300660955, 1661.8434415240522, 2286.142535253229, 1749.5578134612267, 1821.6666580392452, 1739.8265517588986, 1920.2604389480814, 1549.0536471203557, 1703.3405427445832, 2212.538322071601, 1368.4281238045141, 1600, 2582.9789036592388, 2459.7859080597073, 2393.7837291265378, 2665.4205962659903, 1922.5785305954728, 2248.866513262745, 1788.583058275131, 1209.4480470751394, 1395.3596331266144, 2469.1335074919925, 1586.848169626476, 1703.4733163501244, 2383.1658374372664, 2425.563252203799, 1364.7409381767957, 1935.0903441064308, 2074.5997284936207, 2064.36632998731, 2386.145096965545, 2381.0311507720344, 2478.7315066681213, 2327.579393042241, 1947.0777177154037, 1931.3873412498858], "traceback": ["passing", "passing", "passing", "passing", "passing", "passing", "passing", "passing", "passing", "passing", "Black took 131 function evals when instructed to use 131", "passing", "passing", "passing", "passing", "Black took 341 function evals when instructed to use 341", "passing", "passing", "passing", "passing", "passing", "passing", "passing", "passing", "passing", "passing", "passing", "passing", "Black took 212 function evals when instructed to use 211", "passing", "passing", "passing", "Black took 132 function evals when instructed to use 131", "passing", "passing", "passing", "passing", "passing", "Black took 211 function evals when instructed to use 211", "passing", "passing", "passing", "passing", "passing", "not yet run", "passing", "passing", "passing", "passing", "passing", "passing", "passing", "passing", "passing", "passing", "passing", "passing", "passing", "Black took 60 function evals when instructed to use 131", "passing", "passing", "passing", "passing", "passing", "passing", "passing", "passing", "passing", "passing"], "active": [true, true, true, true, true, true, true, true, true, true, true, true, true, true, true, true, true, true, true, true, true, true, true, true, true, true, true, true, true, true, true, true, true, true, true, true, true, true, true, true, true, true, true, true, true, true, true, true, true, true, true, true, true, true, true, true, true, true, true, true, true, true, true, true, true, false, false, true, true]}