{"name": ["shgo_slsqp_sobol_cube", "shgo_powell_sobol_cube", "shgo_nelder_sobol_cube", "scipy_slsqp_cube", "scipy_powell_cube", "scipy_lbfgsb_cube", "pysot_ei_cube", "pysot_lcb_cube", "pysot_random_cube", "pysot_srbf_cube", "pysot_dycors_cube", "ax_default_cube", "optuna_cmaes_cube", "optuna_tpe_cube", "optuna_random_cube", "optuna_random_cube_clone", "optuna_random_cube_clone_1", "optuna_random_cube_clone_2", "platypus_genetic_cube", "platypus_evolutionary_cube", "platypus_nsgaii_cube", "platypus_cmaes_cube", "platypus_gde3_cube", "platypus_ibea_cube", "platypus_moead_cube", "platypus_omopso_cube", "platypus_smpso_cube", "platypus_spea2_cube", "platypus_epsmoea_cube", "nevergrad_ngopt_cube", "nevergrad_ngopt4_cube", "nevergrad_de_cube", "nevergrad_portfolio_cube", "nevergrad_oneplus_cube", "nevergrad_hammersley_cube", "nevergrad_ngopt8_cube", "hyperopt_tpe_cube", "hyperopt_atpe_cube", "hyperopt_rand_cube", "pymoo_nelder_cube", "pymoo_nsga3_cube", "pymoo_unsga3_cube", "pymoo_pattern_cube", "pymoo_nsga2_cube", "pymoo_unsga3_cube", "skopt_gp_default_cube", "bayesopt_ucb_cube", "bayesopt_ei_cube", "bayesopt_poi_cube", "nlopt_direct_cube", "nlopt_ags_cube", "nlopt_esch_cube", "nlopt_isres_cube", "nlopt_crs2lm_cube", "nlopt_directr_cube", "nlopt_directo_cube", "nlopt_directl_cube", "bobyqa_default_cube", "bobyqa_noise_cube", "ultraopt_random_cube", "ultraopt_forest_cube", "ultraopt_gbrt_cube", "ultraopt_etpe_cube", "dlib_cube", "dlib_default_cube", "hebo_cube_sequential", "hebo_cube_batch", "hebo_sequential_cube", "hebo_batch_cube"], "count": [143, 138, 158, 494, 72, 160, 478, 506, 461, 497, 471, 464, 450, 724, 703, 763, 716, 677, 535, 541, 505, 340, 537, 509, 744, 482, 531, 505, 563, 709, 707, 724, 705, 694, 767, 744, 728, 758, 744, 571, 756, 1489, 611, 515, 0, 486, 474, 468, 482, 711, 451, 717, 700, 714, 664, 698, 729, 676, 688, 435, 443, 331, 461, 421, 397, 353, 403, 31, 64], "rating": [1874.2235303390448, 1951.8647275982812, 2001.69315925984, 1489.1451806514845, 1215.0634343406189, 1013.0468573798503, 2229.5167888517562, 2094.6530562345074, 1215.1586556155273, 2477.267343201762, 2558.333251695396, 2290.9194608271882, 1865.546433001767, 1868.0958228430159, 1600, 1600, 1600, 1600, 1332.380523774278, 1389.3679562104198, 1515.1728527464961, 1111.7850480165018, 1234.3055003373568, 1359.5780133254525, 1324.137946947553, 1594.1767563646654, 1463.748308417122, 978.9313165910772, 1605.6323912859264, 2294.210144442307, 2402.1907278936014, 1652.1567345134633, 1484.6528356608674, 2455.352287956099, 1574.1508933381276, 2246.9101727942502, 1848.9549477548464, 1855.700019365583, 1800.4042550948895, 1775.9754344524154, 1604.167890499349, 1673.1918109824908, 2204.911785984778, 1279.2792812858515, 1600, 2561.5465234402564, 2498.8375590711466, 2428.1754052955343, 2669.1857257086785, 1995.3164363416765, 2193.3334282197306, 1793.9348825502093, 1255.385632358176, 1310.462357163161, 2499.521527662951, 1491.4024468328246, 1643.521742381522, 2388.8234443755, 2478.939292692868, 1366.5008707799066, 2002.7771539246721, 1999.0123343930939, 2117.958252441518, 2325.502957369017, 2350.100624173848, 2478.7315066681213, 2327.579393042241, 1939.464121303092, 1876.3553601844433], "traceback": ["passing", "passing", "passing", "passing", "Traceback (most recent call last):\n  File \"/opt/hostedtoolcache/Python/3.8.8/x64/lib/python3.8/site-packages/humpday/comparison/eloratings.py\", line 76, in optimizer_game\n    black_best_val, black_best_x, black_feval_count = black(objective, n_trials=n_black_trials,\n  File \"/opt/hostedtoolcache/Python/3.8.8/x64/lib/python3.8/site-packages/humpday/optimizers/scipycube.py\", line 40, in scipy_powell_cube\n    return scipy_cube(objective=objective, n_trials=n_trials, n_dim=n_dim, with_count=with_count, method='powell')\n  File \"/opt/hostedtoolcache/Python/3.8.8/x64/lib/python3.8/site-packages/humpday/optimizers/scipycube.py\", line 29, in scipy_cube\n    result = minimize(_objective, x0=[0]*n_dim, method=options['method'],bounds=bounds, options=options)\n  File \"/opt/hostedtoolcache/Python/3.8.8/x64/lib/python3.8/site-packages/scipy/optimize/_minimize.py\", line 610, in minimize\n    return _minimize_powell(fun, x0, args, callback, bounds, **options)\n  File \"/opt/hostedtoolcache/Python/3.8.8/x64/lib/python3.8/site-packages/scipy/optimize/optimize.py\", line 2993, in _minimize_powell\n    fx2 = squeeze(func(x2))\n  File \"/opt/hostedtoolcache/Python/3.8.8/x64/lib/python3.8/site-packages/scipy/optimize/optimize.py\", line 461, in function_wrapper\n    return function(*(wrapper_args + args))\n  File \"/opt/hostedtoolcache/Python/3.8.8/x64/lib/python3.8/site-packages/humpday/optimizers/scipycube.py\", line 27, in _objective\n    return objective(list(x))\n  File \"/opt/hostedtoolcache/Python/3.8.8/x64/lib/python3.8/site-packages/humpday/objectives/portfolio.py\", line 87, in markowitz_analytic_on_cube\n    assert all([ 0<=ui<=1 for ui in u])\nAssertionError\n", "passing", "passing", "passing", "passing", "passing", "passing", "passing", "passing", "passing", "passing", "passing", "Black took 211 function evals when instructed to use 211", "passing", "passing", "passing", "passing", "passing", "passing", "passing", "passing", "passing", "passing", "passing", "passing", "passing", "passing", "Black took 212 function evals when instructed to use 211", "passing", "passing", "passing", "passing", "passing", "passing", "passing", "passing", "passing", "passing", "passing", "passing", "not yet run", "passing", "passing", "passing", "passing", "passing", "passing", "passing", "passing", "passing", "passing", "passing", "passing", "passing", "passing", "passing", "passing", "passing", "passing", "passing", "Traceback (most recent call last):\n  File \"/opt/hostedtoolcache/Python/3.8.8/x64/lib/python3.8/site-packages/humpday/comparison/eloratings.py\", line 41, in optimizer_game\n    white_best_val, white_best_x, white_feval_count = white(objective, n_trials=n_white_trials, n_dim=n_dim,\n  File \"/opt/hostedtoolcache/Python/3.8.8/x64/lib/python3.8/site-packages/humpday/optimizers/dlibcube.py\", line 28, in dlib_default_cube\n    best_x, best_val = find_min_global(_objective, lb, ub, n_trials)\nRuntimeError: \n\nError detected at line 63.\nError detected in file /tmp/pip-install-wna8cbxv/dlib_1bfa18147096418cba1081392c734172/tools/python/src/global_optimization.cpp.\nError detected in function double call_func(pybind11::object, const dlib::matrix<double, 0, 1>&).\n\nFailing expression was 0 < num && num < 35.\nFunctions being optimized must take between 1 and 35 scalar arguments.\n\n", "passing", "passing", "passing", "passing"], "active": [true, true, true, true, true, true, true, true, true, true, true, true, true, true, true, true, true, true, true, true, true, true, true, true, true, true, true, true, true, true, true, true, true, true, true, true, true, true, true, true, true, true, true, true, true, true, true, true, true, true, true, true, true, true, true, true, true, true, true, true, true, true, true, true, true, false, false, true, true]}