{"name": ["shgo_slsqp_sobol_cube", "shgo_powell_sobol_cube", "shgo_nelder_sobol_cube", "scipy_slsqp_cube", "scipy_powell_cube", "scipy_lbfgsb_cube", "pysot_ei_cube", "pysot_lcb_cube", "pysot_random_cube", "pysot_srbf_cube", "pysot_dycors_cube", "ax_default_cube", "optuna_cmaes_cube", "optuna_tpe_cube", "optuna_random_cube", "optuna_random_cube_clone", "optuna_random_cube_clone_1", "optuna_random_cube_clone_2", "platypus_genetic_cube", "platypus_evolutionary_cube", "platypus_nsgaii_cube", "platypus_cmaes_cube", "platypus_gde3_cube", "platypus_ibea_cube", "platypus_moead_cube", "platypus_omopso_cube", "platypus_smpso_cube", "platypus_spea2_cube", "platypus_epsmoea_cube", "nevergrad_ngopt_cube", "nevergrad_ngopt4_cube", "nevergrad_de_cube", "nevergrad_portfolio_cube", "nevergrad_oneplus_cube", "nevergrad_hammersley_cube", "nevergrad_ngopt8_cube", "hyperopt_tpe_cube", "hyperopt_atpe_cube", "hyperopt_rand_cube", "pymoo_nelder_cube", "pymoo_nsga3_cube", "pymoo_unsga3_cube", "pymoo_pattern_cube", "pymoo_nsga2_cube", "pymoo_unsga3_cube", "skopt_gp_default_cube", "bayesopt_ucb_cube", "bayesopt_ei_cube", "bayesopt_poi_cube", "nlopt_direct_cube", "nlopt_ags_cube", "nlopt_esch_cube", "nlopt_isres_cube", "nlopt_crs2lm_cube", "nlopt_directr_cube", "nlopt_directo_cube", "nlopt_directl_cube", "bobyqa_default_cube", "bobyqa_noise_cube", "ultraopt_random_cube", "ultraopt_forest_cube", "ultraopt_gbrt_cube", "ultraopt_etpe_cube", "dlib_cube", "dlib_default_cube", "hebo_cube_sequential", "hebo_cube_batch", "hebo_sequential_cube", "hebo_batch_cube"], "count": [143, 138, 158, 494, 73, 160, 478, 506, 462, 497, 473, 465, 450, 724, 703, 763, 717, 679, 535, 542, 506, 341, 538, 509, 744, 483, 531, 505, 563, 710, 707, 724, 705, 694, 767, 744, 728, 758, 745, 571, 758, 1489, 611, 516, 0, 486, 474, 469, 482, 711, 452, 718, 700, 714, 664, 698, 729, 676, 688, 435, 443, 333, 462, 421, 397, 353, 403, 31, 64], "rating": [1874.2235303390448, 1951.8647275982812, 2001.69315925984, 1489.1451806514845, 1206.366905857625, 1013.0468573798503, 2229.5167888517562, 2094.6530562345074, 1210.9921402062243, 2477.267343201762, 2569.867685132068, 2280.3969531548355, 1865.546433001767, 1868.0958228430159, 1600, 1600, 1600, 1600, 1332.380523774278, 1401.8542806674684, 1509.9700038513006, 1110.7731222521825, 1231.901464547367, 1359.5780133254525, 1324.137946947553, 1609.2773187129162, 1463.748308417122, 978.9313165910772, 1605.6323912859264, 2296.614180232297, 2402.1907278936014, 1652.1567345134633, 1484.6528356608674, 2455.352287956099, 1574.1508933381276, 2246.9101727942502, 1848.9549477548464, 1855.700019365583, 1815.292535054896, 1775.9754344524154, 1605.720858260185, 1673.1918109824908, 2204.911785984778, 1299.579227105245, 1600, 2561.5465234402564, 2498.8375590711466, 2415.6890808384856, 2669.1857257086785, 1995.3164363416765, 2198.536277114926, 1779.0466025902028, 1255.385632358176, 1310.462357163161, 2499.521527662951, 1491.4024468328246, 1643.521742381522, 2388.8234443755, 2478.939292692868, 1366.5008707799066, 2002.7771539246721, 2011.7351693069747, 2125.101813163676, 2325.502957369017, 2350.100624173848, 2478.7315066681213, 2327.579393042241, 1939.464121303092, 1876.3553601844433], "traceback": ["passing", "passing", "passing", "passing", "passing", "passing", "passing", "passing", "passing", "passing", "passing", "passing", "passing", "passing", "passing", "passing", "passing", "passing", "passing", "passing", "passing", "passing", "passing", "passing", "passing", "passing", "passing", "passing", "passing", "passing", "passing", "Black took 212 function evals when instructed to use 211", "passing", "passing", "passing", "passing", "passing", "passing", "passing", "passing", "passing", "passing", "passing", "passing", "not yet run", "passing", "passing", "passing", "passing", "passing", "passing", "passing", "passing", "passing", "passing", "passing", "passing", "passing", "passing", "passing", "passing", "passing", "passing", "passing", "Traceback (most recent call last):\n  File \"/opt/hostedtoolcache/Python/3.8.8/x64/lib/python3.8/site-packages/humpday/comparison/eloratings.py\", line 41, in optimizer_game\n    white_best_val, white_best_x, white_feval_count = white(objective, n_trials=n_white_trials, n_dim=n_dim,\n  File \"/opt/hostedtoolcache/Python/3.8.8/x64/lib/python3.8/site-packages/humpday/optimizers/dlibcube.py\", line 28, in dlib_default_cube\n    best_x, best_val = find_min_global(_objective, lb, ub, n_trials)\nRuntimeError: \n\nError detected at line 63.\nError detected in file /tmp/pip-install-wna8cbxv/dlib_1bfa18147096418cba1081392c734172/tools/python/src/global_optimization.cpp.\nError detected in function double call_func(pybind11::object, const dlib::matrix<double, 0, 1>&).\n\nFailing expression was 0 < num && num < 35.\nFunctions being optimized must take between 1 and 35 scalar arguments.\n\n", "passing", "passing", "passing", "passing"], "active": [true, true, true, true, true, true, true, true, true, true, true, true, true, true, true, true, true, true, true, true, true, true, true, true, true, true, true, true, true, true, true, true, true, true, true, true, true, true, true, true, true, true, true, true, true, true, true, true, true, true, true, true, true, true, true, true, true, true, true, true, true, true, true, true, true, false, false, true, true]}