{"name": ["shgo_slsqp_sobol_cube", "shgo_powell_sobol_cube", "shgo_nelder_sobol_cube", "scipy_slsqp_cube", "scipy_powell_cube", "scipy_lbfgsb_cube", "pysot_ei_cube", "pysot_lcb_cube", "pysot_random_cube", "pysot_srbf_cube", "pysot_dycors_cube", "ax_default_cube", "optuna_cmaes_cube", "optuna_tpe_cube", "optuna_random_cube", "optuna_random_cube_clone", "optuna_random_cube_clone_1", "optuna_random_cube_clone_2", "platypus_genetic_cube", "platypus_evolutionary_cube", "platypus_nsgaii_cube", "platypus_cmaes_cube", "platypus_gde3_cube", "platypus_ibea_cube", "platypus_moead_cube", "platypus_omopso_cube", "platypus_smpso_cube", "platypus_spea2_cube", "platypus_epsmoea_cube", "nevergrad_ngopt_cube", "nevergrad_ngopt4_cube", "nevergrad_de_cube", "nevergrad_portfolio_cube", "nevergrad_oneplus_cube", "nevergrad_hammersley_cube", "nevergrad_ngopt8_cube", "hyperopt_tpe_cube", "hyperopt_atpe_cube", "hyperopt_rand_cube", "pymoo_nelder_cube", "pymoo_nsga3_cube", "pymoo_unsga3_cube", "pymoo_pattern_cube", "pymoo_nsga2_cube", "pymoo_unsga3_cube", "skopt_gp_default_cube", "bayesopt_ucb_cube", "bayesopt_ei_cube", "bayesopt_poi_cube", "nlopt_direct_cube", "nlopt_ags_cube", "nlopt_esch_cube", "nlopt_isres_cube", "nlopt_crs2lm_cube", "nlopt_directr_cube", "nlopt_directo_cube", "nlopt_directl_cube", "bobyqa_default_cube", "bobyqa_noise_cube", "ultraopt_random_cube", "ultraopt_forest_cube", "ultraopt_gbrt_cube", "ultraopt_etpe_cube", "dlib_cube", "dlib_default_cube", "hebo_cube_sequential", "hebo_cube_batch", "hebo_sequential_cube", "hebo_batch_cube"], "count": [165, 163, 188, 591, 86, 199, 538, 556, 522, 559, 538, 467, 516, 852, 831, 901, 837, 821, 647, 636, 608, 403, 628, 633, 873, 605, 632, 615, 673, 846, 863, 848, 856, 820, 906, 895, 855, 890, 890, 673, 916, 1773, 727, 631, 0, 540, 543, 518, 538, 848, 522, 858, 865, 868, 797, 832, 870, 806, 813, 584, 587, 388, 600, 527, 506, 353, 403, 46, 130], "rating": [1952.1567692818167, 2114.365991572999, 2097.7643175423796, 1581.8357696331275, 1202.687971941194, 1136.319116687641, 2181.662238989156, 2158.8329418666544, 1280.8664012654879, 2478.955877757663, 2496.9652338591254, 2285.857667948787, 1970.5508409512333, 2132.7223957440647, 1594.8682764223556, 1600, 1600, 1600, 1485.6080341977242, 1457.021501581251, 1417.5837266837411, 1204.9267521717443, 1143.4559160271353, 1395.4809024130461, 1175.7078172174733, 1558.208059442267, 1546.9654071583466, 1224.712367325091, 1691.1560110022729, 2394.077398091884, 2290.5141547980575, 1778.914283010646, 1555.6497919388446, 2528.924520584511, 1598.2014061840673, 2348.1074517014454, 1739.7606654079652, 1917.4267167874239, 1878.9512340070992, 1788.487742621704, 1636.6749724055378, 1646.4844507023984, 1984.3956621021123, 1242.6737392869377, 1600, 2533.830009488828, 2482.800667776399, 2410.2527732314093, 2527.7354503897413, 2066.9048951127506, 2166.1349690639117, 1930.2374205911024, 1226.5865737620884, 1638.5471402277656, 2667.375305176771, 1510.4377047156522, 1681.7805122147565, 2427.5512757323295, 2548.229680320894, 1421.2057805894594, 1888.6522113537774, 2010.8688335338175, 2010.5087495807309, 2430.2159658773567, 2487.563107615939, 2478.7315066681213, 2327.579393042241, 2058.1535469885553, 2083.073605777107], "traceback": ["passing", "passing", "passing", "passing", "passing", "passing", "passing", "passing", "passing", "passing", "passing", "passing", "passing", "Black took 131 function evals when instructed to use 131", "Black took 131 function evals when instructed to use 131", "passing", "passing", "passing", "passing", "passing", "passing", "passing", "passing", "passing", "passing", "passing", "passing", "passing", "passing", "passing", "passing", "passing", "passing", "passing", "passing", "passing", "passing", "passing", "Black took 81 function evals when instructed to use 81", "passing", "passing", "passing", "passing", "passing", "not yet run", "passing", "passing", "passing", "passing", "passing", "passing", "Black took 213 function evals when instructed to use 213", "passing", "passing", "passing", "passing", "passing", "passing", "passing", "passing", "passing", "passing", "passing", "Black took 211 function evals when instructed to use 211", "passing", "passing", "passing", "passing", "passing"], "active": [true, true, true, true, true, true, true, true, true, true, true, false, true, true, true, true, true, true, true, true, true, true, true, true, true, true, true, true, true, true, true, true, true, true, true, true, true, true, true, true, true, true, true, true, true, true, true, true, true, true, true, true, true, true, true, true, true, true, true, true, true, true, true, true, true, false, false, true, true]}