{"name": ["shgo_slsqp_sobol_cube", "shgo_powell_sobol_cube", "shgo_nelder_sobol_cube", "scipy_slsqp_cube", "scipy_powell_cube", "scipy_lbfgsb_cube", "pysot_ei_cube", "pysot_lcb_cube", "pysot_random_cube", "pysot_srbf_cube", "pysot_dycors_cube", "ax_default_cube", "optuna_cmaes_cube", "optuna_tpe_cube", "optuna_random_cube", "optuna_random_cube_clone", "optuna_random_cube_clone_1", "optuna_random_cube_clone_2", "platypus_genetic_cube", "platypus_evolutionary_cube", "platypus_nsgaii_cube", "platypus_cmaes_cube", "platypus_gde3_cube", "platypus_ibea_cube", "platypus_moead_cube", "platypus_omopso_cube", "platypus_smpso_cube", "platypus_spea2_cube", "platypus_epsmoea_cube", "nevergrad_ngopt_cube", "nevergrad_ngopt4_cube", "nevergrad_de_cube", "nevergrad_portfolio_cube", "nevergrad_oneplus_cube", "nevergrad_hammersley_cube", "nevergrad_ngopt8_cube", "hyperopt_tpe_cube", "hyperopt_atpe_cube", "hyperopt_rand_cube", "pymoo_nelder_cube", "pymoo_nsga3_cube", "pymoo_unsga3_cube", "pymoo_pattern_cube", "pymoo_nsga2_cube", "pymoo_unsga3_cube", "skopt_gp_default_cube", "bayesopt_ucb_cube", "bayesopt_ei_cube", "bayesopt_poi_cube", "nlopt_direct_cube", "nlopt_ags_cube", "nlopt_esch_cube", "nlopt_isres_cube", "nlopt_crs2lm_cube", "nlopt_directr_cube", "nlopt_directo_cube", "nlopt_directl_cube", "bobyqa_default_cube", "bobyqa_noise_cube", "ultraopt_random_cube", "ultraopt_forest_cube", "ultraopt_gbrt_cube", "ultraopt_etpe_cube", "dlib_cube", "dlib_default_cube", "hebo_cube_sequential", "hebo_cube_batch", "hebo_sequential_cube", "hebo_batch_cube"], "count": [182, 179, 207, 674, 94, 243, 600, 603, 583, 611, 605, 467, 562, 995, 952, 1017, 978, 959, 732, 749, 724, 459, 740, 725, 994, 721, 737, 745, 775, 968, 989, 988, 989, 958, 1023, 1012, 989, 1011, 1034, 804, 1047, 2061, 824, 741, 0, 585, 603, 584, 593, 981, 571, 999, 986, 1002, 934, 943, 990, 950, 938, 713, 730, 438, 723, 619, 617, 353, 403, 64, 175], "rating": [2042.4293365460403, 2197.675522584609, 2093.380584423544, 1567.937182817988, 1214.747720459861, 1241.4627314091542, 2263.6043915726805, 2227.802995768004, 1348.0533747504462, 2560.0785544054293, 2428.035251629359, 2285.857667948787, 2065.083988122236, 2141.7122567766132, 1600, 1600, 1600, 1600, 1530.6575980853495, 1364.1928315072664, 1508.3757819818672, 1342.0051363679925, 1241.4928671740201, 1419.7953554339572, 1252.526361444406, 1642.521243670788, 1523.502467691857, 1279.5806009577964, 1661.175101188244, 2338.1181333240133, 2424.577791914553, 1890.5761913426302, 1482.9655988519094, 2497.5550832256713, 1716.7091047929566, 2422.170445860229, 1930.6491597890279, 1905.6470669732562, 1843.2173820467158, 1898.1264621304113, 1626.994101748516, 1687.1610258369628, 2122.307260431097, 1301.1049054337025, 1600, 2428.0643425358157, 2438.4885275199044, 2473.479995037098, 2486.4908934160194, 1983.4106507399686, 2309.360529595242, 1843.5309982588599, 1158.057439125234, 1503.6182295284984, 2731.7918828273914, 1538.2528375842003, 1883.581199516712, 2430.8532248863557, 2536.3536703137206, 1308.299338439745, 2010.3332325351691, 1960.5782245326743, 2191.955503843907, 2422.101849618682, 2507.3383643382153, 2478.7315066681213, 2327.579393042241, 2128.757869500669, 2151.864002324822], "traceback": ["passing", "passing", "passing", "passing", "passing", "passing", "passing", "passing", "Black took 135 function evals when instructed to use 135", "passing", "passing", "passing", "passing", "passing", "passing", "passing", "passing", "passing", "passing", "passing", "passing", "passing", "passing", "passing", "passing", "passing", "passing", "passing", "passing", "passing", "passing", "passing", "passing", "passing", "passing", "passing", "passing", "passing", "passing", "passing", "passing", "Black took 211 function evals when instructed to use 211", "passing", "passing", "not yet run", "passing", "passing", "passing", "passing", "passing", "Traceback (most recent call last):\n  File \"/opt/hostedtoolcache/Python/3.8.10/x64/lib/python3.8/site-packages/humpday/comparison/eloratings.py\", line 76, in optimizer_game\n    black_best_val, black_best_x, black_feval_count = black(objective, n_trials=n_black_trials,\n  File \"/opt/hostedtoolcache/Python/3.8.10/x64/lib/python3.8/site-packages/humpday/optimizers/nloptcube.py\", line 43, in nlopt_ags_cube\n    return nlopt_cube_factory(objective=objective,n_trials=n_trials, n_dim=n_dim, with_count=with_count, method='gn_ags')\n  File \"/opt/hostedtoolcache/Python/3.8.10/x64/lib/python3.8/site-packages/humpday/optimizers/nloptcube.py\", line 32, in nlopt_cube_factory\n    best_x = opt.optimize([0.5] * n_dim)\n  File \"/opt/hostedtoolcache/Python/3.8.10/x64/lib/python3.8/site-packages/nlopt/nlopt.py\", line 334, in optimize\n    return _nlopt.opt_optimize(self, *args)\nValueError: nlopt invalid argument\n", "passing", "passing", "Black took 216 function evals when instructed to use 211", "passing", "passing", "Black took 84 function evals when instructed to use 84", "passing", "passing", "passing", "passing", "passing", "passing", "passing", "passing", "passing", "passing", "passing", "passing"], "active": [true, true, true, true, true, true, true, true, true, true, true, false, true, true, true, true, true, true, true, true, true, true, true, true, true, true, true, true, true, true, true, true, true, true, true, true, true, true, true, true, true, true, true, true, true, true, true, true, true, true, true, true, true, true, true, true, true, true, true, true, true, true, true, true, true, false, false, true, true]}