{"name": ["shgo_slsqp_sobol_cube", "shgo_powell_sobol_cube", "shgo_nelder_sobol_cube", "scipy_slsqp_cube", "scipy_powell_cube", "scipy_lbfgsb_cube", "pysot_ei_cube", "pysot_lcb_cube", "pysot_random_cube", "pysot_srbf_cube", "pysot_dycors_cube", "ax_default_cube", "optuna_cmaes_cube", "optuna_tpe_cube", "optuna_random_cube", "optuna_random_cube_clone", "optuna_random_cube_clone_1", "optuna_random_cube_clone_2", "platypus_genetic_cube", "platypus_evolutionary_cube", "platypus_nsgaii_cube", "platypus_cmaes_cube", "platypus_gde3_cube", "platypus_ibea_cube", "platypus_moead_cube", "platypus_omopso_cube", "platypus_smpso_cube", "platypus_spea2_cube", "platypus_epsmoea_cube", "nevergrad_ngopt_cube", "nevergrad_ngopt4_cube", "nevergrad_de_cube", "nevergrad_portfolio_cube", "nevergrad_oneplus_cube", "nevergrad_hammersley_cube", "nevergrad_ngopt8_cube", "hyperopt_tpe_cube", "hyperopt_atpe_cube", "hyperopt_rand_cube", "pymoo_nelder_cube", "pymoo_nsga3_cube", "pymoo_unsga3_cube", "pymoo_pattern_cube", "pymoo_nsga2_cube", "pymoo_unsga3_cube", "skopt_gp_default_cube", "bayesopt_ucb_cube", "bayesopt_ei_cube", "bayesopt_poi_cube", "nlopt_direct_cube", "nlopt_ags_cube", "nlopt_esch_cube", "nlopt_isres_cube", "nlopt_crs2lm_cube", "nlopt_directr_cube", "nlopt_directo_cube", "nlopt_directl_cube", "bobyqa_default_cube", "bobyqa_noise_cube", "ultraopt_random_cube", "ultraopt_forest_cube", "ultraopt_gbrt_cube", "ultraopt_etpe_cube", "dlib_cube", "dlib_default_cube", "hebo_cube_sequential", "hebo_cube_batch", "hebo_sequential_cube", "hebo_batch_cube"], "count": [168, 164, 190, 599, 88, 206, 543, 562, 528, 565, 543, 467, 522, 866, 848, 911, 857, 830, 651, 649, 628, 411, 645, 643, 883, 621, 640, 632, 690, 862, 873, 870, 871, 837, 914, 913, 876, 903, 915, 687, 935, 1800, 737, 643, 0, 543, 546, 524, 543, 860, 526, 877, 879, 883, 816, 841, 878, 825, 829, 596, 603, 396, 612, 539, 518, 353, 403, 49, 133], "rating": [2000.4803443249505, 2106.070663260885, 2071.712111017387, 1605.887823502965, 1211.402991840464, 1192.1007244925067, 2181.2832071838443, 2147.1675020907305, 1306.8503509590098, 2518.829424280799, 2489.250182432326, 2285.857667948787, 2038.7591935089022, 2113.817202996693, 1600, 1600, 1600, 1600, 1479.4433744160308, 1385.2081512775271, 1423.8962051721019, 1202.9982513093585, 1132.262725567933, 1452.2539213545722, 1170.585630559164, 1558.0984687480423, 1494.760800336617, 1185.0118550034897, 1781.1595839998672, 2405.117818973345, 2320.7061955158556, 1846.7796107598203, 1529.4212710903253, 2494.9617365129643, 1620.8486389012928, 2367.228522564436, 1726.4504207979412, 1980.4059912337916, 1832.4508703189051, 1862.442402294605, 1624.8881410981244, 1681.041204655905, 2062.872367682933, 1229.968974669803, 1600, 2525.9983304474495, 2486.5081857834152, 2350.9681858014947, 2513.66227844256, 2039.0695655890052, 2189.2443060432547, 1804.524602029802, 1231.2978318988853, 1616.858013126379, 2738.996718782541, 1524.4544626752, 1703.9019708887724, 2428.890616705112, 2554.7894732628515, 1473.4489651860983, 1826.785642769626, 2059.291093911101, 2037.48826513343, 2421.759305155639, 2425.063995641026, 2478.7315066681213, 2327.579393042241, 2089.8213009097353, 2064.8117197497036], "traceback": ["passing", "passing", "passing", "passing", "passing", "passing", "passing", "passing", "passing", "passing", "passing", "passing", "passing", "passing", "passing", "passing", "Black took 131 function evals when instructed to use 131", "passing", "passing", "passing", "passing", "passing", "passing", "passing", "passing", "passing", "passing", "passing", "passing", "passing", "passing", "passing", "passing", "passing", "passing", "passing", "Black took 341 function evals when instructed to use 341", "passing", "passing", "passing", "passing", "passing", "passing", "passing", "not yet run", "passing", "passing", "passing", "passing", "passing", "passing", "passing", "passing", "passing", "passing", "passing", "passing", "passing", "passing", "passing", "passing", "passing", "Black took 600 function evals when instructed to use 600", "passing", "passing", "passing", "passing", "passing", "passing"], "active": [true, true, true, true, true, true, true, true, true, true, true, false, true, true, true, true, true, true, true, true, true, true, true, true, true, true, true, true, true, true, true, true, true, true, true, true, true, true, true, true, true, true, true, true, true, true, true, true, true, true, true, true, true, true, true, true, true, true, true, true, true, true, true, true, true, false, false, true, true]}