{"name": ["shgo_slsqp_sobol_cube", "shgo_powell_sobol_cube", "shgo_nelder_sobol_cube", "scipy_slsqp_cube", "scipy_powell_cube", "scipy_lbfgsb_cube", "pysot_ei_cube", "pysot_lcb_cube", "pysot_random_cube", "pysot_srbf_cube", "pysot_dycors_cube", "ax_default_cube", "optuna_cmaes_cube", "optuna_tpe_cube", "optuna_random_cube", "optuna_random_cube_clone", "optuna_random_cube_clone_1", "optuna_random_cube_clone_2", "platypus_genetic_cube", "platypus_evolutionary_cube", "platypus_nsgaii_cube", "platypus_cmaes_cube", "platypus_gde3_cube", "platypus_ibea_cube", "platypus_moead_cube", "platypus_omopso_cube", "platypus_smpso_cube", "platypus_spea2_cube", "platypus_epsmoea_cube", "nevergrad_ngopt_cube", "nevergrad_ngopt4_cube", "nevergrad_de_cube", "nevergrad_portfolio_cube", "nevergrad_oneplus_cube", "nevergrad_hammersley_cube", "nevergrad_ngopt8_cube", "hyperopt_tpe_cube", "hyperopt_atpe_cube", "hyperopt_rand_cube", "pymoo_nelder_cube", "pymoo_nsga3_cube", "pymoo_unsga3_cube", "pymoo_pattern_cube", "pymoo_nsga2_cube", "pymoo_unsga3_cube", "skopt_gp_default_cube", "bayesopt_ucb_cube", "bayesopt_ei_cube", "bayesopt_poi_cube", "nlopt_direct_cube", "nlopt_ags_cube", "nlopt_esch_cube", "nlopt_isres_cube", "nlopt_crs2lm_cube", "nlopt_directr_cube", "nlopt_directo_cube", "nlopt_directl_cube", "bobyqa_default_cube", "bobyqa_noise_cube", "ultraopt_random_cube", "ultraopt_forest_cube", "ultraopt_gbrt_cube", "ultraopt_etpe_cube", "dlib_cube", "dlib_default_cube", "hebo_cube_sequential", "hebo_cube_batch", "hebo_sequential_cube", "hebo_batch_cube"], "count": [176, 173, 198, 642, 90, 221, 567, 579, 557, 592, 573, 467, 540, 932, 895, 962, 907, 889, 688, 696, 677, 437, 691, 674, 932, 669, 685, 671, 737, 900, 921, 926, 928, 895, 979, 960, 931, 950, 973, 745, 982, 1929, 771, 692, 0, 565, 574, 551, 561, 923, 545, 932, 932, 937, 870, 889, 928, 883, 885, 657, 671, 417, 663, 575, 563, 353, 403, 54, 148], "rating": [2008.2735895902742, 2148.7373097307172, 2100.2260644458756, 1632.8351287810701, 1202.8220188102493, 1268.3245733353453, 2181.068522440684, 2142.256456877518, 1293.5432156038733, 2529.8703566351596, 2507.087603736053, 2285.857667948787, 2112.1638172456182, 2081.3233584075733, 1600, 1600, 1600, 1600, 1469.5002529911606, 1476.0568947308252, 1546.538195836804, 1259.7006159252626, 1152.2934181189976, 1395.6358497309914, 1349.5712208531954, 1623.0603183498226, 1541.8530443989832, 1170.9073623485904, 1727.9718606203112, 2353.8954305599027, 2398.903028387613, 1820.5189954101504, 1484.2836903555508, 2449.636204325312, 1650.704929407716, 2402.6884681858655, 1860.4686257794774, 1861.8154851939819, 1860.6665471052586, 1931.4042862888589, 1661.8872954406154, 1758.6262705011707, 2148.7412305422004, 1261.1207696270178, 1600, 2427.6966840190876, 2443.367848572917, 2442.3378021347344, 2507.8466586438935, 1875.121500381261, 2196.543141050943, 1797.8791400423418, 1211.806841366599, 1456.4604111576962, 2725.843066025562, 1475.6647268411605, 1864.0713698650757, 2426.5278044972815, 2541.073191222002, 1417.6449587485197, 1869.3422960353125, 2035.1400282861866, 2104.055052086226, 2411.9940025924693, 2453.550941541202, 2478.7315066681213, 2327.579393042241, 2091.7958045005284, 2160.9494310131636], "traceback": ["passing", "passing", "passing", "Black took 7 function evals when instructed to use 81", "passing", "passing", "passing", "passing", "passing", "passing", "passing", "passing", "passing", "passing", "passing", "passing", "passing", "passing", "passing", "passing", "passing", "passing", "passing", "passing", "passing", "passing", "passing", "passing", "passing", "passing", "passing", "passing", "passing", "passing", "passing", "passing", "passing", "passing", "passing", "passing", "passing", "Black took 131 function evals when instructed to use 131", "passing", "passing", "not yet run", "passing", "passing", "passing", "passing", "passing", "Traceback (most recent call last):\n  File \"/opt/hostedtoolcache/Python/3.8.10/x64/lib/python3.8/site-packages/humpday/comparison/eloratings.py\", line 41, in optimizer_game\n    white_best_val, white_best_x, white_feval_count = white(objective, n_trials=n_white_trials, n_dim=n_dim,\n  File \"/opt/hostedtoolcache/Python/3.8.10/x64/lib/python3.8/site-packages/humpday/optimizers/nloptcube.py\", line 43, in nlopt_ags_cube\n    return nlopt_cube_factory(objective=objective,n_trials=n_trials, n_dim=n_dim, with_count=with_count, method='gn_ags')\n  File \"/opt/hostedtoolcache/Python/3.8.10/x64/lib/python3.8/site-packages/humpday/optimizers/nloptcube.py\", line 32, in nlopt_cube_factory\n    best_x = opt.optimize([0.5] * n_dim)\n  File \"/opt/hostedtoolcache/Python/3.8.10/x64/lib/python3.8/site-packages/nlopt/nlopt.py\", line 334, in optimize\n    return _nlopt.opt_optimize(self, *args)\nValueError: nlopt invalid argument\n", "passing", "Black took 131 function evals when instructed to use 131", "Black took 81 function evals when instructed to use 81", "passing", "passing", "passing", "Black took 148 function evals when instructed to use 211", "passing", "passing", "passing", "passing", "passing", "passing", "passing", "passing", "passing", "passing", "passing"], "active": [true, true, true, true, true, true, true, true, true, true, true, false, true, true, true, true, true, true, true, true, true, true, true, true, true, true, true, true, true, true, true, true, true, true, true, true, true, true, true, true, true, true, true, true, true, true, true, true, true, true, true, true, true, true, true, true, true, true, true, true, true, true, true, true, true, false, false, true, true]}