{"name": ["shgo_slsqp_sobol_cube", "shgo_powell_sobol_cube", "shgo_nelder_sobol_cube", "scipy_slsqp_cube", "scipy_powell_cube", "scipy_lbfgsb_cube", "pysot_ei_cube", "pysot_lcb_cube", "pysot_random_cube", "pysot_srbf_cube", "pysot_dycors_cube", "ax_default_cube", "optuna_cmaes_cube", "optuna_tpe_cube", "optuna_random_cube", "optuna_random_cube_clone", "optuna_random_cube_clone_1", "optuna_random_cube_clone_2", "platypus_genetic_cube", "platypus_evolutionary_cube", "platypus_nsgaii_cube", "platypus_cmaes_cube", "platypus_gde3_cube", "platypus_ibea_cube", "platypus_moead_cube", "platypus_omopso_cube", "platypus_smpso_cube", "platypus_spea2_cube", "platypus_epsmoea_cube", "nevergrad_ngopt_cube", "nevergrad_ngopt4_cube", "nevergrad_de_cube", "nevergrad_portfolio_cube", "nevergrad_oneplus_cube", "nevergrad_hammersley_cube", "nevergrad_ngopt8_cube", "hyperopt_tpe_cube", "hyperopt_atpe_cube", "hyperopt_rand_cube", "pymoo_nelder_cube", "pymoo_nsga3_cube", "pymoo_unsga3_cube", "pymoo_pattern_cube", "pymoo_nsga2_cube", "pymoo_unsga3_cube", "skopt_gp_default_cube", "bayesopt_ucb_cube", "bayesopt_ei_cube", "bayesopt_poi_cube", "nlopt_direct_cube", "nlopt_ags_cube", "nlopt_esch_cube", "nlopt_isres_cube", "nlopt_crs2lm_cube", "nlopt_directr_cube", "nlopt_directo_cube", "nlopt_directl_cube", "bobyqa_default_cube", "bobyqa_noise_cube", "ultraopt_random_cube", "ultraopt_forest_cube", "ultraopt_gbrt_cube", "ultraopt_etpe_cube", "dlib_cube", "dlib_default_cube", "hebo_cube_sequential", "hebo_cube_batch", "hebo_sequential_cube", "hebo_batch_cube"], "count": [164, 161, 186, 584, 86, 198, 532, 550, 515, 555, 531, 467, 508, 843, 821, 891, 826, 808, 638, 622, 600, 398, 624, 623, 864, 594, 626, 609, 666, 835, 847, 840, 844, 813, 896, 879, 848, 875, 879, 665, 905, 1747, 717, 620, 0, 536, 532, 512, 534, 839, 517, 848, 845, 856, 789, 824, 858, 797, 799, 573, 574, 382, 589, 520, 498, 353, 403, 45, 129], "rating": [1943.5535963825123, 2100.6141440943816, 2104.7536727728598, 1558.7433664496818, 1202.687971941194, 1139.6189925620783, 2181.1161599574048, 2131.0650492196455, 1268.7884621650628, 2460.8564254403195, 2542.1809970216527, 2285.857667948787, 1983.9195740855419, 2073.323836602563, 1600, 1600, 1600, 1600, 1526.662623117319, 1445.665262194813, 1336.241731782399, 1233.2412932800037, 1101.7501071654867, 1386.8319156087935, 1209.1590824086747, 1648.2336139899057, 1552.452480701186, 1232.6435101399172, 1688.1322016512474, 2385.434703615933, 2325.438675466546, 1724.5442594089986, 1498.0221197810195, 2496.748773292814, 1602.4813600700834, 2381.095261006344, 1741.5892050149696, 1865.1799225648726, 1829.5809580595696, 1848.8809311657822, 1623.6147516546714, 1578.9888110412453, 2072.5044207013734, 1267.4478780853337, 1600, 2511.6291260041753, 2507.5267192065776, 2451.5161786985873, 2514.5554722893235, 2038.3747800699655, 2172.2537556854704, 1927.6623849351954, 1274.9048782830314, 1544.9137886847313, 2634.4976431340083, 1500.0828380184648, 1688.1694668387472, 2434.7305180079943, 2531.5456906191403, 1405.1906775036935, 1904.0451776855473, 2010.9744721157974, 2071.489757084513, 2401.015572743339, 2517.6087011182726, 2478.7315066681213, 2327.579393042241, 2035.7299085296472, 2090.640241161748], "traceback": ["passing", "passing", "passing", "passing", "passing", "passing", "passing", "passing", "passing", "passing", "passing", "passing", "passing", "passing", "passing", "Black took 211 function evals when instructed to use 211", "passing", "passing", "passing", "passing", "passing", "passing", "passing", "passing", "Black took 211 function evals when instructed to use 211", "passing", "passing", "passing", "passing", "passing", "passing", "passing", "passing", "passing", "passing", "passing", "passing", "passing", "passing", "passing", "passing", "passing", "passing", "passing", "not yet run", "passing", "passing", "passing", "passing", "passing", "passing", "passing", "passing", "passing", "passing", "passing", "Black took 139 function evals when instructed to use 139", "passing", "passing", "passing", "passing", "passing", "passing", "passing", "passing", "passing", "passing", "passing", "passing"], "active": [true, true, true, true, true, true, true, true, true, true, true, false, true, true, true, true, true, true, true, true, true, true, true, true, true, true, true, true, true, true, true, true, true, true, true, true, true, true, true, true, true, true, true, true, true, true, true, true, true, true, true, true, true, true, true, true, true, true, true, true, true, true, true, true, true, false, false, true, true]}