{"name": ["shgo_slsqp_sobol_cube", "shgo_powell_sobol_cube", "shgo_nelder_sobol_cube", "scipy_slsqp_cube", "scipy_powell_cube", "scipy_lbfgsb_cube", "pysot_ei_cube", "pysot_lcb_cube", "pysot_random_cube", "pysot_srbf_cube", "pysot_dycors_cube", "ax_default_cube", "optuna_cmaes_cube", "optuna_tpe_cube", "optuna_random_cube", "optuna_random_cube_clone", "optuna_random_cube_clone_1", "optuna_random_cube_clone_2", "platypus_genetic_cube", "platypus_evolutionary_cube", "platypus_nsgaii_cube", "platypus_cmaes_cube", "platypus_gde3_cube", "platypus_ibea_cube", "platypus_moead_cube", "platypus_omopso_cube", "platypus_smpso_cube", "platypus_spea2_cube", "platypus_epsmoea_cube", "nevergrad_ngopt_cube", "nevergrad_ngopt4_cube", "nevergrad_de_cube", "nevergrad_portfolio_cube", "nevergrad_oneplus_cube", "nevergrad_hammersley_cube", "nevergrad_ngopt8_cube", "hyperopt_tpe_cube", "hyperopt_atpe_cube", "hyperopt_rand_cube", "pymoo_nelder_cube", "pymoo_nsga3_cube", "pymoo_unsga3_cube", "pymoo_pattern_cube", "pymoo_nsga2_cube", "pymoo_unsga3_cube", "skopt_gp_default_cube", "bayesopt_ucb_cube", "bayesopt_ei_cube", "bayesopt_poi_cube", "nlopt_direct_cube", "nlopt_ags_cube", "nlopt_esch_cube", "nlopt_isres_cube", "nlopt_crs2lm_cube", "nlopt_directr_cube", "nlopt_directo_cube", "nlopt_directl_cube", "bobyqa_default_cube", "bobyqa_noise_cube", "ultraopt_random_cube", "ultraopt_forest_cube", "ultraopt_gbrt_cube", "ultraopt_etpe_cube", "dlib_cube", "dlib_default_cube", "hebo_cube_sequential", "hebo_cube_batch", "hebo_sequential_cube", "hebo_batch_cube"], "count": [171, 170, 192, 624, 89, 213, 557, 569, 544, 581, 558, 467, 529, 895, 874, 937, 879, 858, 672, 680, 649, 429, 663, 660, 910, 648, 662, 648, 713, 876, 896, 897, 899, 862, 940, 931, 902, 925, 949, 715, 954, 1859, 759, 666, 0, 556, 565, 539, 553, 889, 533, 906, 904, 911, 843, 858, 907, 857, 848, 625, 643, 407, 632, 560, 540, 353, 403, 51, 140], "rating": [1970.9274475173547, 2143.0245126571713, 2055.5388171774375, 1505.2242070286313, 1204.4816399416788, 1295.4846032476216, 2213.130156865341, 2111.7665996706655, 1263.8276482405392, 2542.0677042172833, 2514.257864583306, 2285.857667948787, 2101.406778104849, 1982.9095912802181, 1600, 1600, 1600, 1600, 1468.7149448340604, 1468.5105151806222, 1434.593014982133, 1281.9026910302312, 1085.970205251002, 1437.527985222609, 1301.7083224661592, 1570.5415824925024, 1549.2432549484836, 1163.0594784962236, 1794.8371652007497, 2420.0676836888483, 2392.8091476343316, 1815.199874245282, 1563.6189560827918, 2441.599582190135, 1636.7762870341962, 2410.959872427015, 1731.9039654303629, 1895.5883882804058, 1886.593856746208, 1903.0931104408621, 1696.1885498851668, 1674.1869134833923, 2137.0866947931722, 1145.6741380913986, 1600, 2458.8273791347337, 2497.2931807098726, 2388.4400715441934, 2558.6977952192938, 1980.923980675914, 2230.108598988835, 1791.0709897206145, 1239.8593680274257, 1544.821026173424, 2748.7217153797524, 1534.4355198053272, 1771.2680708215676, 2495.222199002157, 2526.151607056411, 1404.2799154630293, 1837.2570657933625, 2010.2764767295594, 2040.826511050451, 2416.2982195941313, 2412.1175094632067, 2478.7315066681213, 2327.579393042241, 2101.765737599341, 2104.5286739409785], "traceback": ["passing", "passing", "passing", "passing", "passing", "passing", "passing", "passing", "passing", "passing", "passing", "passing", "passing", "passing", "passing", "passing", "passing", "passing", "passing", "passing", "passing", "passing", "passing", "passing", "passing", "passing", "passing", "passing", "passing", "passing", "passing", "passing", "passing", "passing", "passing", "passing", "passing", "passing", "passing", "passing", "passing", "passing", "Black took 212 function evals when instructed to use 211", "passing", "not yet run", "passing", "passing", "passing", "passing", "passing", "Traceback (most recent call last):\n  File \"/opt/hostedtoolcache/Python/3.8.10/x64/lib/python3.8/site-packages/humpday/comparison/eloratings.py\", line 41, in optimizer_game\n    white_best_val, white_best_x, white_feval_count = white(objective, n_trials=n_white_trials, n_dim=n_dim,\n  File \"/opt/hostedtoolcache/Python/3.8.10/x64/lib/python3.8/site-packages/humpday/optimizers/nloptcube.py\", line 43, in nlopt_ags_cube\n    return nlopt_cube_factory(objective=objective,n_trials=n_trials, n_dim=n_dim, with_count=with_count, method='gn_ags')\n  File \"/opt/hostedtoolcache/Python/3.8.10/x64/lib/python3.8/site-packages/humpday/optimizers/nloptcube.py\", line 32, in nlopt_cube_factory\n    best_x = opt.optimize([0.5] * n_dim)\n  File \"/opt/hostedtoolcache/Python/3.8.10/x64/lib/python3.8/site-packages/nlopt/nlopt.py\", line 334, in optimize\n    return _nlopt.opt_optimize(self, *args)\nValueError: nlopt invalid argument\n", "passing", "passing", "Black took 228 function evals when instructed to use 226", "passing", "passing", "passing", "passing", "passing", "passing", "passing", "passing", "passing", "passing", "passing", "passing", "passing", "passing", "passing"], "active": [true, true, true, true, true, true, true, true, true, true, true, false, true, true, true, true, true, true, true, true, true, true, true, true, true, true, true, true, true, true, true, true, true, true, true, true, true, true, true, true, true, true, true, true, true, true, true, true, true, true, true, true, true, true, true, true, true, true, true, true, true, true, true, true, true, false, false, true, true]}