{"name": ["shgo_slsqp_sobol_cube", "shgo_powell_sobol_cube", "shgo_nelder_sobol_cube", "scipy_slsqp_cube", "scipy_powell_cube", "scipy_lbfgsb_cube", "pysot_ei_cube", "pysot_lcb_cube", "pysot_random_cube", "pysot_srbf_cube", "pysot_dycors_cube", "ax_default_cube", "optuna_cmaes_cube", "optuna_tpe_cube", "optuna_random_cube", "optuna_random_cube_clone", "optuna_random_cube_clone_1", "optuna_random_cube_clone_2", "platypus_genetic_cube", "platypus_evolutionary_cube", "platypus_nsgaii_cube", "platypus_cmaes_cube", "platypus_gde3_cube", "platypus_ibea_cube", "platypus_moead_cube", "platypus_omopso_cube", "platypus_smpso_cube", "platypus_spea2_cube", "platypus_epsmoea_cube", "nevergrad_ngopt_cube", "nevergrad_ngopt4_cube", "nevergrad_de_cube", "nevergrad_portfolio_cube", "nevergrad_oneplus_cube", "nevergrad_hammersley_cube", "nevergrad_ngopt8_cube", "hyperopt_tpe_cube", "hyperopt_atpe_cube", "hyperopt_rand_cube", "pymoo_nelder_cube", "pymoo_nsga3_cube", "pymoo_unsga3_cube", "pymoo_pattern_cube", "pymoo_nsga2_cube", "pymoo_unsga3_cube", "skopt_gp_default_cube", "bayesopt_ucb_cube", "bayesopt_ei_cube", "bayesopt_poi_cube", "nlopt_direct_cube", "nlopt_ags_cube", "nlopt_esch_cube", "nlopt_isres_cube", "nlopt_crs2lm_cube", "nlopt_directr_cube", "nlopt_directo_cube", "nlopt_directl_cube", "bobyqa_default_cube", "bobyqa_noise_cube", "ultraopt_random_cube", "ultraopt_forest_cube", "ultraopt_gbrt_cube", "ultraopt_etpe_cube", "dlib_cube", "dlib_default_cube", "hebo_cube_sequential", "hebo_cube_batch", "hebo_sequential_cube", "hebo_batch_cube"], "count": [112, 111, 132, 375, 66, 122, 408, 442, 392, 421, 396, 419, 382, 573, 561, 592, 568, 549, 388, 425, 381, 290, 399, 383, 595, 355, 420, 376, 428, 573, 551, 576, 558, 549, 601, 587, 566, 580, 589, 451, 618, 1173, 480, 396, 0, 417, 394, 396, 425, 558, 379, 572, 543, 582, 526, 547, 563, 516, 552, 277, 293, 263, 301, 294, 283, 353, 403, 2, 2], "rating": [1733.324924780787, 1747.5101585704488, 1883.353469465369, 1226.5857603749773, 1199.4254915369145, 882.4976345061668, 2455.9169617327907, 2291.245599632804, 1149.5433468139556, 2747.0232183729668, 2602.758747451741, 2493.3567224287685, 1837.1049486456507, 1982.808348738603, 1600, 1596.5487162343952, 1600, 1600, 1183.4522211138471, 1061.975289931838, 1270.8166328866917, 1030.0313187457855, 945.5233617151625, 1147.3008571582363, 1375.3497728735617, 1353.4635341872913, 1195.9273186846397, 1184.078327812345, 1212.3615493478335, 1951.7354207580674, 2089.176366188938, 1498.387904523925, 1430.045919908077, 2146.508111684395, 1180.624212905187, 1908.976762902388, 1595.9719952183104, 1725.0236794012094, 1768.956081774552, 2197.327860582745, 1749.3346941049458, 1790.6757666381902, 2212.8122739548626, 1266.7923565746057, 1600, 2489.514140756957, 2440.2227760499914, 2472.917114894943, 2807.132184148062, 2139.5223716995574, 2209.7977886717467, 1600.4378515207638, 1175.0142872220415, 1616.2466010457604, 2291.2569938091956, 1629.5397456480407, 2196.3331103205946, 2425.2037023928497, 2454.238696732264, 1282.4399782301414, 2133.9094097272796, 2149.207977122684, 2392.5325953889324, 2378.904767549469, 2120.803861581861, 2478.7315066681213, 2327.579393042241, 1695.9395863016462, 1627.352796966555], "traceback": ["passing", "passing", "passing", "passing", "passing", "passing", "passing", "passing", "passing", "passing", "Black took 81 function evals when instructed to use 81", "passing", "passing", "passing", "passing", "passing", "passing", "passing", "passing", "passing", "passing", "passing", "passing", "passing", "passing", "passing", "passing", "passing", "passing", "passing", "Black took 342 function evals when instructed to use 341", "passing", "passing", "passing", "passing", "passing", "passing", "passing", "passing", "passing", "passing", "passing", "passing", "passing", "not yet run", "passing", "passing", "passing", "passing", "passing", "passing", "passing", "passing", "passing", "passing", "passing", "passing", "passing", "passing", "passing", "passing", "passing", "passing", "passing", "Traceback (most recent call last):\n  File \"/opt/hostedtoolcache/Python/3.8.8/x64/lib/python3.8/site-packages/humpday/comparison/eloratings.py\", line 41, in optimizer_game\n    white_best_val, white_best_x, white_feval_count = white(objective, n_trials=n_white_trials, n_dim=n_dim,\n  File \"/opt/hostedtoolcache/Python/3.8.8/x64/lib/python3.8/site-packages/humpday/optimizers/dlibcube.py\", line 28, in dlib_default_cube\n    best_x, best_val = find_min_global(_objective, lb, ub, n_trials)\nRuntimeError: \n\nError detected at line 63.\nError detected in file /tmp/pip-install-wwi1eh53/dlib_db4050cfd27e420483a0f2682d8151c9/tools/python/src/global_optimization.cpp.\nError detected in function double call_func(pybind11::object, const dlib::matrix<double, 0, 1>&).\n\nFailing expression was 0 < num && num < 35.\nFunctions being optimized must take between 1 and 35 scalar arguments.\n\n", "passing", "passing", "passing", "passing"], "active": [true, true, true, true, true, true, true, true, true, true, true, true, true, true, true, true, true, true, true, true, true, true, true, true, true, true, true, true, true, true, true, true, true, true, true, true, true, true, true, true, true, true, true, true, true, true, true, true, true, true, true, true, true, true, true, true, true, true, true, true, true, true, true, true, true, false, false, true, true]}