{"name": ["shgo_slsqp_sobol_cube", "shgo_powell_sobol_cube", "shgo_nelder_sobol_cube", "scipy_slsqp_cube", "scipy_powell_cube", "scipy_lbfgsb_cube", "pysot_ei_cube", "pysot_lcb_cube", "pysot_random_cube", "pysot_srbf_cube", "pysot_dycors_cube", "ax_default_cube", "optuna_cmaes_cube", "optuna_tpe_cube", "optuna_random_cube", "optuna_random_cube_clone", "optuna_random_cube_clone_1", "optuna_random_cube_clone_2", "platypus_genetic_cube", "platypus_evolutionary_cube", "platypus_nsgaii_cube", "platypus_cmaes_cube", "platypus_gde3_cube", "platypus_ibea_cube", "platypus_moead_cube", "platypus_omopso_cube", "platypus_smpso_cube", "platypus_spea2_cube", "platypus_epsmoea_cube", "nevergrad_ngopt_cube", "nevergrad_ngopt4_cube", "nevergrad_de_cube", "nevergrad_portfolio_cube", "nevergrad_oneplus_cube", "nevergrad_hammersley_cube", "nevergrad_ngopt8_cube", "hyperopt_tpe_cube", "hyperopt_atpe_cube", "hyperopt_rand_cube", "pymoo_nelder_cube", "pymoo_nsga3_cube", "pymoo_unsga3_cube", "pymoo_pattern_cube", "pymoo_nsga2_cube", "pymoo_unsga3_cube", "skopt_gp_default_cube", "bayesopt_ucb_cube", "bayesopt_ei_cube", "bayesopt_poi_cube", "nlopt_direct_cube", "nlopt_ags_cube", "nlopt_esch_cube", "nlopt_isres_cube", "nlopt_crs2lm_cube", "nlopt_directr_cube", "nlopt_directo_cube", "nlopt_directl_cube", "bobyqa_default_cube", "bobyqa_noise_cube", "ultraopt_random_cube", "ultraopt_forest_cube", "ultraopt_gbrt_cube", "ultraopt_etpe_cube", "dlib_cube", "dlib_default_cube", "hebo_cube_sequential", "hebo_cube_batch", "hebo_sequential_cube", "hebo_batch_cube"], "count": [168, 164, 190, 599, 88, 205, 543, 561, 528, 565, 543, 467, 522, 865, 846, 910, 856, 830, 651, 645, 628, 410, 645, 643, 882, 620, 640, 628, 689, 862, 873, 869, 870, 834, 914, 910, 872, 903, 913, 686, 934, 1798, 737, 642, 0, 543, 545, 523, 543, 858, 525, 877, 879, 881, 814, 840, 876, 824, 828, 594, 601, 396, 612, 535, 516, 353, 403, 49, 133], "rating": [2000.4803443249505, 2106.070663260885, 2071.712111017387, 1605.887823502965, 1211.402991840464, 1194.0631698046218, 2181.2832071838443, 2137.067262196505, 1306.8503509590098, 2518.829424280799, 2489.250182432326, 2285.857667948787, 2038.7591935089022, 2106.274675932358, 1600, 1600, 1600, 1600, 1479.4433744160308, 1403.5111897543595, 1423.8962051721019, 1209.0056118783534, 1132.262725567933, 1452.2539213545722, 1177.8445680016202, 1568.6861382174413, 1494.760800336617, 1179.3809689387301, 1769.0425385949281, 2405.117818973345, 2320.7061955158556, 1838.6009653590281, 1539.7996136732165, 2491.050727062655, 1620.8486389012928, 2355.611476535026, 1747.3521877047322, 1980.4059912337916, 1831.9634407437318, 1866.050080053571, 1632.4306681624596, 1677.3197833706352, 2062.872367682933, 1231.7826944280366, 1600, 2525.9983304474495, 2481.936221626363, 2349.0057404893796, 2513.66227844256, 2035.7040351333628, 2183.031225581304, 1804.524602029802, 1231.2978318988853, 1629.4443485732575, 2730.2999461800146, 1527.396455050322, 1729.424134439707, 2427.321557093849, 2551.251957105665, 1466.724089803082, 1810.3999396177398, 2059.291093911101, 2037.48826513343, 2405.6532056721794, 2418.026762652594, 2478.7315066681213, 2327.579393042241, 2089.8213009097353, 2064.8117197497036], "traceback": ["passing", "passing", "passing", "passing", "passing", "passing", "passing", "passing", "passing", "passing", "passing", "passing", "passing", "passing", "passing", "passing", "passing", "passing", "passing", "passing", "passing", "passing", "passing", "passing", "passing", "passing", "passing", "passing", "passing", "passing", "passing", "passing", "passing", "Black took 601 function evals when instructed to use 600", "passing", "passing", "passing", "passing", "passing", "Black took 81 function evals when instructed to use 81", "passing", "passing", "passing", "passing", "not yet run", "passing", "passing", "passing", "passing", "passing", "Traceback (most recent call last):\n  File \"/opt/hostedtoolcache/Python/3.8.10/x64/lib/python3.8/site-packages/humpday/comparison/eloratings.py\", line 41, in optimizer_game\n    white_best_val, white_best_x, white_feval_count = white(objective, n_trials=n_white_trials, n_dim=n_dim,\n  File \"/opt/hostedtoolcache/Python/3.8.10/x64/lib/python3.8/site-packages/humpday/optimizers/nloptcube.py\", line 43, in nlopt_ags_cube\n    return nlopt_cube_factory(objective=objective,n_trials=n_trials, n_dim=n_dim, with_count=with_count, method='gn_ags')\n  File \"/opt/hostedtoolcache/Python/3.8.10/x64/lib/python3.8/site-packages/humpday/optimizers/nloptcube.py\", line 32, in nlopt_cube_factory\n    best_x = opt.optimize([0.5] * n_dim)\n  File \"/opt/hostedtoolcache/Python/3.8.10/x64/lib/python3.8/site-packages/nlopt/nlopt.py\", line 334, in optimize\n    return _nlopt.opt_optimize(self, *args)\nValueError: nlopt invalid argument\n", "passing", "passing", "passing", "passing", "passing", "passing", "passing", "passing", "passing", "passing", "passing", "Black took 600 function evals when instructed to use 600", "passing", "Black took 215 function evals when instructed to use 215", "passing", "passing", "passing", "passing"], "active": [true, true, true, true, true, true, true, true, true, true, true, false, true, true, true, true, true, true, true, true, true, true, true, true, true, true, true, true, true, true, true, true, true, true, true, true, true, true, true, true, true, true, true, true, true, true, true, true, true, true, true, true, true, true, true, true, true, true, true, true, true, true, true, true, true, false, false, true, true]}