{"name": ["shgo_slsqp_sobol_cube", "shgo_powell_sobol_cube", "shgo_nelder_sobol_cube", "scipy_slsqp_cube", "scipy_powell_cube", "scipy_nelder_cube", "scipy_lbfgsb_cube", "pysot_ei_cube", "pysot_lcb_cube", "pysot_random_cube", "pysot_srbf_cube", "pysot_dycors_cube", "ax_default_cube", "optuna_cmaes_cube", "optuna_tpe_cube", "optuna_random_cube", "optuna_random_cube_clone", "optuna_random_cube_clone_1", "optuna_random_cube_clone_2", "platypus_genetic_cube", "platypus_evolutionary_cube", "platypus_nsgaii_cube", "platypus_cmaes_cube", "platypus_gde3_cube", "platypus_ibea_cube", "platypus_moead_cube", "platypus_omopso_cube", "platypus_smpso_cube", "platypus_spea2_cube", "platypus_epsmoea_cube", "nevergrad_ngopt_cube", "nevergrad_ngopt4_cube", "nevergrad_de_cube", "nevergrad_portfolio_cube", "nevergrad_oneplus_cube", "nevergrad_hammersley_cube", "nevergrad_ngopt8_cube", "hyperopt_tpe_cube", "hyperopt_atpe_cube", "hyperopt_rand_cube", "pymoo_nelder_cube", "pymoo_nsga3_cube", "pymoo_unsga3_cube", "pymoo_pattern_cube", "pymoo_nsga2_cube", "pymoo_unsga3_cube", "skopt_gp_default_cube", "ultraopt_random_cube", "ultraopt_forest_cube", "ultraopt_gbrt_cube", "ultraopt_etpe_cube", "bayesopt_ucb_cube", "bayesopt_ei_cube", "bayesopt_poi_cube", "dlib_cube", "dlib_default_cube", "nlopt_direct_cube", "nlopt_ags_cube", "nlopt_esch_cube", "nlopt_isres_cube", "nlopt_crs2lm_cube", "nlopt_directr_cube", "nlopt_directo_cube", "nlopt_directl_cube", "bobyqa_default_cube", "bobyqa_noise_cube", "hebo_sequential_cube", "hebo_batch_cube"], "count": [7, 8, 4, 9, 1, 0, 8, 8, 7, 8, 7, 10, 3, 11, 9, 12, 10, 9, 11, 0, 0, 0, 0, 0, 0, 8, 0, 0, 0, 0, 5, 4, 6, 3, 9, 8, 9, 7, 10, 10, 6, 8, 27, 9, 0, 0, 10, 4, 12, 10, 10, 12, 10, 5, 7, 14, 7, 5, 13, 13, 5, 10, 13, 5, 9, 4, 10, 9], "rating": [1710.4770247227702, 1734.7158783924644, 1685.2407347380222, 1417.6121002410325, 1602.6103984444612, 1600, 1413.5251557712545, 1611.011726103839, 1557.5726066367079, 1492.7355293493526, 1701.4257954923137, 1749.8866083747746, 1628.8082545130892, 1700.2772334826398, 1564.746154750225, 1600, 1600, 1600, 1600, 1600, 1600, 1600, 1600, 1600, 1600, 1523.4978346705348, 1600, 1600, 1600, 1600, 1710.6071578764047, 1599.3532069560415, 1517.3915652785413, 1567.3976067401286, 1604.8898881463579, 1448.9087486198753, 1652.2211359069759, 1517.9634292445546, 1527.7310306142556, 1447.7687975367583, 1687.4244580475877, 1552.745189077843, 1381.4684704034273, 1598.1443754239788, 1600, 1600, 1736.7071801543589, 1546.803063115202, 1666.8820839223335, 1666.0062725193407, 1463.0956304477882, 1811.294274200999, 1599.2728931712293, 1549.9157314470008, 1622.6648388293474, 1688.4735211824468, 1687.393978824388, 1578.9691508383899, 1519.3342286634324, 1539.6208049416634, 1682.5427760405164, 1698.7375333389732, 1865.9160710367325, 1684.6037123477663, 1649.968394904331, 1673.1599922528458, 1728.4900768184993, 1737.6598746217742], "traceback": ["passing", "passing", "passing", "passing", "passing", "not yet run", "passing", "passing", "passing", "passing", "passing", "passing", "passing", "passing", "passing", "passing", "passing", "passing", "Black took 86 function evals when instructed to use 86", "passing", "passing", "passing", "passing", "passing", "passing", "passing", "passing", "passing", "passing", "passing", "passing", "passing", "passing", "passing", "passing", "passing", "passing", "passing", "passing", "passing", "passing", "passing", "passing", "passing", "passing", "not yet run", "passing", "passing", "passing", "passing", "passing", "passing", "passing", "passing", "passing", "passing", "passing", "passing", "Black took 81 function evals when instructed to use 81", "passing", "passing", "passing", "passing", "passing", "passing", "passing", "passing", "passing"], "active": [true, true, true, true, true, false, true, true, true, true, true, true, false, true, true, true, true, true, true, true, true, true, true, true, true, true, true, true, true, true, true, true, true, true, true, true, true, true, true, true, true, true, true, true, true, true, true, true, true, true, true, true, true, true, true, true, true, true, true, true, true, true, true, true, true, true, true, true]}