{"name": ["shgo_slsqp_sobol_cube", "shgo_powell_sobol_cube", "shgo_nelder_sobol_cube", "scipy_slsqp_cube", "scipy_powell_cube", "scipy_nelder_cube", "scipy_lbfgsb_cube", "pysot_ei_cube", "pysot_lcb_cube", "pysot_random_cube", "pysot_srbf_cube", "pysot_dycors_cube", "ax_default_cube", "optuna_cmaes_cube", "optuna_tpe_cube", "optuna_random_cube", "optuna_random_cube_clone", "optuna_random_cube_clone_1", "optuna_random_cube_clone_2", "platypus_genetic_cube", "platypus_evolutionary_cube", "platypus_nsgaii_cube", "platypus_cmaes_cube", "platypus_gde3_cube", "platypus_ibea_cube", "platypus_moead_cube", "platypus_omopso_cube", "platypus_smpso_cube", "platypus_spea2_cube", "platypus_epsmoea_cube", "nevergrad_ngopt_cube", "nevergrad_ngopt4_cube", "nevergrad_de_cube", "nevergrad_portfolio_cube", "nevergrad_oneplus_cube", "nevergrad_hammersley_cube", "nevergrad_ngopt8_cube", "hyperopt_tpe_cube", "hyperopt_atpe_cube", "hyperopt_rand_cube", "pymoo_nelder_cube", "pymoo_nsga3_cube", "pymoo_unsga3_cube", "pymoo_pattern_cube", "pymoo_nsga2_cube", "pymoo_unsga3_cube", "skopt_gp_default_cube", "ultraopt_random_cube", "ultraopt_forest_cube", "ultraopt_gbrt_cube", "ultraopt_etpe_cube", "bayesopt_ucb_cube", "bayesopt_ei_cube", "bayesopt_poi_cube", "dlib_cube", "dlib_default_cube", "nlopt_direct_cube", "nlopt_ags_cube", "nlopt_esch_cube", "nlopt_isres_cube", "nlopt_crs2lm_cube", "nlopt_directr_cube", "nlopt_directo_cube", "nlopt_directl_cube", "bobyqa_default_cube", "bobyqa_noise_cube", "hebo_cube_sequential", "hebo_cube_batch", "hebo_sequential_cube", "hebo_batch_cube"], "count": [7, 5, 6, 57, 8, 0, 26, 63, 59, 65, 55, 58, 30, 54, 46, 47, 53, 53, 59, 0, 0, 0, 0, 0, 0, 50, 0, 0, 0, 0, 56, 59, 43, 55, 55, 47, 54, 52, 55, 63, 62, 50, 106, 50, 0, 0, 48, 45, 50, 52, 45, 52, 35, 53, 52, 54, 46, 47, 46, 60, 56, 44, 68, 66, 40, 63, 41, 23, 17, 15], "rating": [1652.163550394247, 1542.146853934322, 1516.025002601814, 1192.3523701239812, 1480.9607282779082, 1600, 1187.016113379977, 1794.5588155423063, 1799.450704955732, 1318.7424709129473, 1839.6768333966288, 1756.6137746148968, 1833.5308394280698, 1702.273799684295, 1646.621004193322, 1600, 1600, 1600, 1600, 1600, 1600, 1600, 1600, 1600, 1600, 1557.9585226521242, 1600, 1600, 1600, 1600, 1787.4340133422097, 1848.1889986942892, 1400.443163195011, 1365.132225663, 1655.9243259241698, 1229.2591853829206, 1637.8057765411559, 1469.929626803478, 1390.0827137186716, 1345.9472549473237, 1984.7826917859186, 1580.49401909216, 1727.4906599085175, 1800.2153547566834, 1600, 1600, 1900.420710200109, 1400.0070985882264, 1738.9365891440668, 1758.4767537163666, 1595.7765830952949, 1892.370867033105, 1799.7522776717078, 1932.4336831580913, 1935.7248873839885, 1831.8773306733876, 1583.7739766529137, 1735.6504106845543, 1124.7642357457717, 1189.4211214049142, 1367.1686526229118, 1910.1028675478879, 1482.5159426720518, 1775.6734950883647, 1848.5141795153586, 1945.337280505496, 1810.621561932003, 1728.7683556698032, 1728.3380572853287, 1637.736007357435], "traceback": ["passing", "passing", "passing", "passing", "Traceback (most recent call last):\n  File \"/opt/hostedtoolcache/Python/3.8.11/x64/lib/python3.8/site-packages/humpday/comparison/eloratings.py\", line 41, in optimizer_game\n    white_best_val, white_best_x, white_feval_count = white(objective, n_trials=n_white_trials, n_dim=n_dim,\n  File \"/opt/hostedtoolcache/Python/3.8.11/x64/lib/python3.8/site-packages/humpday/optimizers/scipycube.py\", line 40, in scipy_powell_cube\n    return scipy_cube(objective=objective, n_trials=n_trials, n_dim=n_dim, with_count=with_count, method='powell')\n  File \"/opt/hostedtoolcache/Python/3.8.11/x64/lib/python3.8/site-packages/humpday/optimizers/scipycube.py\", line 29, in scipy_cube\n    result = minimize(_objective, x0=[0]*n_dim, method=options['method'],bounds=bounds, options=options)\n  File \"/opt/hostedtoolcache/Python/3.8.11/x64/lib/python3.8/site-packages/scipy/optimize/_minimize.py\", line 614, in minimize\n    return _minimize_powell(fun, x0, args, callback, bounds, **options)\n  File \"/opt/hostedtoolcache/Python/3.8.11/x64/lib/python3.8/site-packages/scipy/optimize/optimize.py\", line 3059, in _minimize_powell\n    fx2 = squeeze(func(x2))\n  File \"/opt/hostedtoolcache/Python/3.8.11/x64/lib/python3.8/site-packages/scipy/optimize/optimize.py\", line 464, in function_wrapper\n    return function(np.copy(x), *(wrapper_args + args))\n  File \"/opt/hostedtoolcache/Python/3.8.11/x64/lib/python3.8/site-packages/humpday/optimizers/scipycube.py\", line 27, in _objective\n    return objective(list(x))\n  File \"/opt/hostedtoolcache/Python/3.8.11/x64/lib/python3.8/site-packages/humpday/objectives/portfolio.py\", line 158, in markowitz_skew_on_cube\n    return realized_something_factory(g=g,u=u)\n  File \"/opt/hostedtoolcache/Python/3.8.11/x64/lib/python3.8/site-packages/humpday/objectives/portfolio.py\", line 121, in realized_something_factory\n    w = cube_to_weights(u)\n  File \"/opt/hostedtoolcache/Python/3.8.11/x64/lib/python3.8/site-packages/humpday/objectives/portfolio.py\", line 108, in cube_to_weights\n    raise ValueError(\"u should be in hypercube\")\nValueError: u should be in hypercube\n", "not yet run", "passing", "passing", "passing", "passing", "passing", "passing", "passing", "passing", "passing", "passing", "passing", "passing", "passing", "passing", "passing", "passing", "passing", "passing", "passing", "passing", "passing", "passing", "passing", "passing", "passing", "Black took 82 function evals when instructed to use 81", "passing", "passing", "passing", "passing", "passing", "passing", "passing", "passing", "passing", "passing", "passing", "passing", "passing", "not yet run", "passing", "passing", "passing", "passing", "passing", "Black took 84 function evals when instructed to use 84", "passing", "passing", "passing", "passing", "Black took 81 function evals when instructed to use 81", "passing", "passing", "passing", "passing", "passing", "passing", "passing", "passing", "passing", "passing", "passing", "Traceback (most recent call last):\n  File \"/opt/hostedtoolcache/Python/3.8.10/x64/lib/python3.8/site-packages/hebo/acq_optimizers/evolution_optimizer.py\", line 119, in optimize\n    res   = minimize(prob, algo, ('n_gen', self.iter), verbose = self.verbose)\n  File \"/opt/hostedtoolcache/Python/3.8.10/x64/lib/python3.8/site-packages/pymoo/optimize.py\", line 85, in minimize\n    res = algorithm.solve()\n  File \"/opt/hostedtoolcache/Python/3.8.10/x64/lib/python3.8/site-packages/pymoo/model/algorithm.py\", line 226, in solve\n    self._solve(self.problem)\n  File \"/opt/hostedtoolcache/Python/3.8.10/x64/lib/python3.8/site-packages/pymoo/model/algorithm.py\", line 321, in _solve\n    self.next()\n  File \"/opt/hostedtoolcache/Python/3.8.10/x64/lib/python3.8/site-packages/pymoo/model/algorithm.py\", line 246, in next\n    self._next()\n  File \"/opt/hostedtoolcache/Python/3.8.10/x64/lib/python3.8/site-packages/pymoo/algorithms/genetic_algorithm.py\", line 93, in _next\n    self.off = self.mating.do(self.problem, self.pop, self.n_offsprings, algorithm=self)\n  File \"/opt/hostedtoolcache/Python/3.8.10/x64/lib/python3.8/site-packages/pymoo/model/infill.py\", line 40, in do\n    _off = self.eliminate_duplicates.do(_off, pop, off)\n  File \"/opt/hostedtoolcache/Python/3.8.10/x64/lib/python3.8/site-packages/pymoo/model/duplicate.py\", line 26, in do\n    pop = pop[~self._do(pop, None, np.full(len(pop), False))]\n  File \"/opt/hostedtoolcache/Python/3.8.10/x64/lib/python3.8/site-packages/pymoo/model/duplicate.py\", line 75, in _do\n    D = self.calc_dist(pop, other)\n  File \"/opt/hostedtoolcache/Python/3.8.10/x64/lib/python3.8/site-packages/pymoo/model/duplicate.py\", line 66, in calc_dist\n    D = cdist(X, X)\n  File \"/opt/hostedtoolcache/Python/3.8.10/x64/lib/python3.8/site-packages/pymoo/util/misc.py\", line 90, in cdist\n    return scipy.spatial.distance.cdist(A, B, **kwargs)\n  File 