{"name": ["shgo_slsqp_sobol_cube", "shgo_powell_sobol_cube", "shgo_nelder_sobol_cube", "scipy_slsqp_cube", "scipy_powell_cube", "scipy_nelder_cube", "scipy_lbfgsb_cube", "pysot_ei_cube", "pysot_lcb_cube", "pysot_random_cube", "pysot_srbf_cube", "pysot_dycors_cube", "ax_default_cube", "optuna_cmaes_cube", "optuna_tpe_cube", "optuna_random_cube", "optuna_random_cube_clone", "optuna_random_cube_clone_1", "optuna_random_cube_clone_2", "platypus_genetic_cube", "platypus_evolutionary_cube", "platypus_nsgaii_cube", "platypus_cmaes_cube", "platypus_gde3_cube", "platypus_ibea_cube", "platypus_moead_cube", "platypus_omopso_cube", "platypus_smpso_cube", "platypus_spea2_cube", "platypus_epsmoea_cube", "nevergrad_ngopt_cube", "nevergrad_ngopt4_cube", "nevergrad_de_cube", "nevergrad_portfolio_cube", "nevergrad_oneplus_cube", "nevergrad_hammersley_cube", "nevergrad_ngopt8_cube", "hyperopt_tpe_cube", "hyperopt_atpe_cube", "hyperopt_rand_cube", "pymoo_nelder_cube", "pymoo_nsga3_cube", "pymoo_unsga3_cube", "pymoo_pattern_cube", "pymoo_nsga2_cube", "pymoo_unsga3_cube", "skopt_gp_default_cube", "ultraopt_random_cube", "ultraopt_forest_cube", "ultraopt_gbrt_cube", "ultraopt_etpe_cube", "bayesopt_ucb_cube", "bayesopt_ei_cube", "bayesopt_poi_cube", "dlib_cube", "dlib_default_cube", "nlopt_direct_cube", "nlopt_ags_cube", "nlopt_esch_cube", "nlopt_isres_cube", "nlopt_crs2lm_cube", "nlopt_directr_cube", "nlopt_directo_cube", "nlopt_directl_cube", "bobyqa_default_cube", "bobyqa_noise_cube", "hebo_cube_sequential", "hebo_cube_batch", "hebo_sequential_cube", "hebo_batch_cube"], "count": [8, 10, 8, 54, 5, 0, 33, 76, 60, 66, 58, 59, 36, 57, 68, 68, 69, 59, 54, 61, 67, 39, 74, 58, 54, 85, 66, 80, 77, 64, 49, 55, 61, 53, 64, 64, 62, 64, 53, 71, 59, 56, 141, 72, 63, 0, 51, 60, 71, 63, 64, 87, 55, 65, 55, 61, 73, 60, 65, 61, 76, 68, 60, 66, 58, 62, 34, 53, 1, 19], "rating": [1488.300416197908, 1685.8592687504547, 1707.5159750284852, 1240.3085695481168, 1506.3738329820526, 1600, 1215.82448776243, 1820.39871659853, 1800.4758434683417, 1148.212595145702, 2040.4723577750879, 2022.8524539809164, 1945.223898612954, 1764.6789472801133, 1843.4229891188972, 1600, 1600, 1600, 1600, 1241.637365229686, 1215.5431152540518, 1280.761180177553, 1198.2185053207206, 1356.4345274144898, 1251.644008070539, 1377.0290969501516, 1168.3170086284536, 1267.4356472412608, 1157.900836918131, 1200.6282575201346, 1707.1641701461865, 1534.090437169097, 1421.9063038476095, 1448.3776995288267, 1853.9702508277355, 1280.8227656815245, 1692.739837501487, 1594.5031786652003, 1703.7609648258483, 1553.0133790086218, 2075.651186181561, 1610.245982689572, 1871.479940882057, 1968.716828278785, 1287.26407523324, 1600, 1851.6140737302555, 1536.7716492056302, 1996.8112222934737, 1851.5685865186272, 1933.9125262409366, 1972.3516002071874, 2048.209890580368, 1998.708690589613, 1869.0968530635291, 1850.9995808751892, 1824.8974820889925, 1799.108921650986, 1334.3034650772147, 1161.3061252715288, 1460.9329393202443, 2048.9640095010795, 1526.552010720434, 1951.5161440690345, 2055.2652130520933, 2030.6379499555987, 1924.3313457734419, 1789.4789218924404, 1630.0, 1743.0300366772235], "traceback": ["passing", "passing", "passing", "passing", "passing", "not yet run", "passing", "passing", "passing", "passing", "passing", "passing", "passing", "passing", "passing", "Black took 131 function evals when instructed to use 131", "passing", "passing", "passing", "passing", "passing", "passing", "passing", "passing", "passing", "passing", "passing", "passing", "passing", "passing", "passing", "passing", "Black took 134 function evals when instructed to use 133", "passing", "passing", "passing", "passing", "passing", "passing", "passing", "passing", "Black took 131 function evals when instructed to use 131", "passing", "passing", "passing", "not yet run", "passing", "passing", "passing", "passing", "passing", "passing", "passing", "passing", "passing", "passing", "passing", "passing", "passing", "passing", "passing", "Black took 131 function evals when instructed to use 131", "passing", "passing", "passing", "passing", "passing", "passing", "Traceback (most recent call last):\n  File \"/opt/hostedtoolcache/Python/3.8.10/x64/lib/python3.8/site-packages/hebo/acq_optimizers/evolution_optimizer.py\", line 119, in optimize\n    res   = minimize(prob, algo, ('n_gen', self.iter), verbose = self.verbose)\n  File \"/opt/hostedtoolcache/Python/3.8.10/x64/lib/python3.8/site-packages/pymoo/optimize.py\", line 85, in minimize\n    res = algorithm.solve()\n  File \"/opt/hostedtoolcache/Python/3.8.10/x64/lib/python3.8/site-packages/pymoo/model/algorithm.py\", line 226, in solve\n    self._solve(self.problem)\n  File \"/opt/hostedtoolcache/Python/3.8.10/x64/lib/python3.8/site-packages/pymoo/model/algorithm.py\", line 321, in _solve\n    self.next()\n  File \"/opt/hostedtoolcache/Python/3.8.10/x64/lib/python3.8/site-packages/pymoo/model/algorithm.py\", line 246, in next\n    self._next()\n  File \"/opt/hostedtoolcache/Python/3.8.10/x64/lib/python3.8/site-packages/pymoo/algorithms/genetic_algorithm.py\", line 93, in _next\n    self.off = self.mating.do(self.problem, self.pop, self.n_offsprings, algorithm=self)\n  File \"/opt/hostedtoolcache/Python/3.8.10/x64/lib/python3.8/site-packages/pymoo/model/infill.py\", line 40, in do\n    _off = self.eliminate_duplicates.do(_off, pop, off)\n  File \"/opt/hostedtoolcache/Python/3.8.10/x64/lib/python3.8/site-packages/pymoo/model/duplicate.py\", line 26, in do\n    pop = pop[~self._do(pop, None, np.full(len(pop), False))]\n  File \"/opt/hostedtoolcache/Python/3.8.10/x64/lib/python3.8/site-packages/pymoo/model/duplicate.py\", line 75, in _do\n    D = self.calc_dist(pop, other)\n  File \"/opt/hostedtoolcache/Python/3.8.10/x64/lib/python3.8/site-packages/pymoo/model/duplicate.py\", line 66, in calc_dist\n    D = cdist(X, X)\n  File \"/opt/hostedtoolcache/Python/3.8.10/x64/lib/python3.8/site-packages/pymoo/util/misc.py\", line 90, in cdist\n    return scipy.spatial.distance.cdist(A, B, **kwargs)\n  File \"/opt/hostedtoolcache/Python/3.8.10/x64/lib/python3.8/site-packages/scipy/spatial/distance.py\", line 2954, in cdist\n    return cdist_fn(XA, XB, out=out, **kwargs)\nValueError: Unsupported dtype object\n\nDuring handling of the above exception, another exception occurred:\n\nTraceback (most recent call last):\n  File \"/opt/hostedtoolcache/Python/3.8.10/x64/lib/python3.8/site-packages/humpday/comparison/eloratings.py\", line 41, in optimizer_game\n    white_best_val, white_best_x, white_feval_count = white(objective, n_trials=n_white_trials, n_dim=n_dim,\n  File \"/opt/hostedtoolcache/Python/3.8.10/x64/lib/python3.8/site-packages/humpday/optimizers/hebocube.py\", line 52, in hebo_sequential_cube\n    return hebo_cube_factory(objective=objective, n_trials=n_trials, n_dim=n_dim, with_count=with_count, n_suggestions=1)\n  File \"/opt/hostedtoolcache/Python/3.8.10/x64/lib/python3.8/site-packages/humpday/optimizers/hebocube.py\", line 39, in hebo_cube_factory\n    rec = opt.suggest(n_suggestions=n_suggestions) # <-- don't change this\n  File \"/opt/hostedtoolcache/Python/3.8.10/x64/lib/python3.8/site-packages/hebo/optimizers/hebo.py\", line 124, in suggest\n    rec = opt.optimize(initial_suggest = best_x, fix_input = fix_input).drop_duplicates()\n  File \"/opt/hostedtoolcache/Python/3.8.10/x64/lib/python3.8/site-packages/hebo/acq_optimizers/evolution_optimizer.py\", line 125, in optimize\n    res   = minimize(prob, algo, ('n_gen', self.iter), verbose = self.verbose)\n  File \"/opt/hostedtoolcache/Python/3.8.10/x64/lib/python3.8/site-packages/pymoo/optimize.py\", line 85, in minimize\n    res = algorithm.solve()\n  File \"/opt/hostedtoolcache/Python/3.8.10/x64/lib/python3.8/site-packages/pymoo/model/algorithm.py\", line 226, in solve\n    self._solve(self.problem)\n  File \"/opt/hostedtoolcache/Python/3.8.10/x64/lib/python3.8/site-packages/pymoo/model/algorithm.py\", line 321, in _solve\n    self.next()\n  File 