{"name": ["shgo_slsqp_sobol_cube", "shgo_powell_sobol_cube", "shgo_nelder_sobol_cube", "scipy_slsqp_cube", "scipy_powell_cube", "scipy_lbfgsb_cube", "pysot_ei_cube", "pysot_lcb_cube", "pysot_random_cube", "pysot_srbf_cube", "pysot_dycors_cube", "ax_default_cube", "optuna_cmaes_cube", "optuna_tpe_cube", "optuna_random_cube", "optuna_random_cube_clone", "optuna_random_cube_clone_1", "optuna_random_cube_clone_2", "platypus_genetic_cube", "platypus_evolutionary_cube", "platypus_nsgaii_cube", "platypus_cmaes_cube", "platypus_gde3_cube", "platypus_ibea_cube", "platypus_moead_cube", "platypus_omopso_cube", "platypus_smpso_cube", "platypus_spea2_cube", "platypus_epsmoea_cube", "nevergrad_ngopt_cube", "nevergrad_ngopt4_cube", "nevergrad_de_cube", "nevergrad_portfolio_cube", "nevergrad_oneplus_cube", "nevergrad_hammersley_cube", "nevergrad_ngopt8_cube", "hyperopt_tpe_cube", "hyperopt_atpe_cube", "hyperopt_rand_cube", "pymoo_nelder_cube", "pymoo_nsga3_cube", "pymoo_unsga3_cube", "pymoo_pattern_cube", "pymoo_nsga2_cube", "pymoo_unsga3_cube", "skopt_gp_default_cube", "bayesopt_ucb_cube", "bayesopt_ei_cube", "bayesopt_poi_cube", "nlopt_direct_cube", "nlopt_ags_cube", "nlopt_esch_cube", "nlopt_isres_cube", "nlopt_crs2lm_cube", "nlopt_directr_cube", "nlopt_directo_cube", "nlopt_directl_cube", "bobyqa_default_cube", "bobyqa_noise_cube", "ultraopt_random_cube", "ultraopt_forest_cube", "ultraopt_gbrt_cube", "ultraopt_etpe_cube", "dlib_cube", "dlib_default_cube", "hebo_cube_sequential", "hebo_cube_batch", "hebo_sequential_cube", "hebo_batch_cube"], "count": [33, 37, 34, 70, 32, 7, 138, 125, 140, 160, 144, 137, 124, 153, 130, 145, 149, 116, 134, 137, 142, 138, 155, 136, 118, 108, 133, 119, 164, 151, 127, 153, 125, 146, 142, 133, 130, 144, 154, 129, 155, 277, 130, 149, 0, 139, 150, 139, 147, 128, 150, 136, 159, 160, 153, 157, 152, 134, 142, 42, 49, 48, 62, 56, 58, 31, 55, 0, 18], "rating": [1419.1838740355147, 1373.4368013391531, 1459.5544914117547, 1421.302883592956, 1324.7589360991356, 1644.9097521802648, 2009.0518365226476, 2009.2320142660044, 1243.2385783953998, 2462.8820226287335, 2402.090427724628, 2206.3532823712753, 1740.1851620847397, 1940.577699318323, 1600, 1600, 1600, 1600, 1046.9567742729034, 982.2206566314668, 1166.9657783401153, 1092.615801027375, 1020.4616078722892, 1112.1217628785494, 1037.7251809030563, 1096.876200092035, 1049.0196173357551, 1248.2040670939, 1157.0253178842652, 1949.2847819577994, 1946.2644805862863, 1267.3758859231593, 1378.8172756317072, 2294.6957117639226, 980.0389368856903, 1972.0228219713838, 1564.0956585059382, 1553.914895754349, 1653.1082852835586, 1676.8208433005445, 1636.3244140797622, 1444.9100759372163, 2035.1473817713245, 1086.39897013297, 1600, 2213.5260615697916, 2248.3802367837466, 2141.7025554654165, 2286.011018657607, 2149.607933555243, 2037.7169915999102, 1752.6031960600626, 1113.0788873822055, 1223.1563750720154, 2406.449934392258, 1275.3419559085314, 2384.351155954119, 2269.130077192434, 2229.4394239159114, 1539.2646086199177, 1864.2222012998716, 1853.209274620717, 1936.825403098977, 1851.196498718737, 1957.128974321757, 1857.6822610939478, 1932.808059932112, 1600, 1727.209320435565], "traceback": ["passing", "passing", "passing", "passing", "passing", "passing", "passing", "passing", "passing", "passing", "passing", "passing", "passing", "passing", "passing", "passing", "passing", "Black took 131 function evals when instructed to use 131", "passing", "passing", "passing", "passing", "passing", "passing", "passing", "passing", "passing", "passing", "passing", "passing", "passing", "passing", "passing", "passing", "passing", "passing", "passing", "passing", "passing", "passing", "passing", "passing", "passing", "passing", "not yet run", "passing", "passing", "passing", "passing", "passing", "passing", "passing", "passing", "passing", "passing", "Black took 138 function evals when instructed to use 131", "passing", "Black took 131 function evals when instructed to use 131", "passing", "passing", "passing", "passing", "passing", "passing", "passing", "passing", "passing", "passing", "Black took 131 function evals when instructed to use 131"], "active": [true, true, true, true, true, true, true, true, true, true, true, false, true, true, true, true, true, true, true, true, true, true, true, true, true, true, true, true, true, true, true, true, true, true, true, true, true, true, true, true, true, true, true, true, true, true, true, true, true, true, true, true, true, true, true, true, true, true, true, true, true, true, true, true, true, false, false, true, true]}