{"name": ["shgo_slsqp_sobol_cube", "shgo_powell_sobol_cube", "shgo_nelder_sobol_cube", "scipy_slsqp_cube", "scipy_powell_cube", "scipy_nelder_cube", "scipy_lbfgsb_cube", "pysot_ei_cube", "pysot_lcb_cube", "pysot_random_cube", "pysot_srbf_cube", "pysot_dycors_cube", "ax_default_cube", "optuna_cmaes_cube", "optuna_tpe_cube", "optuna_random_cube", "optuna_random_cube_clone", "optuna_random_cube_clone_1", "optuna_random_cube_clone_2", "platypus_genetic_cube", "platypus_evolutionary_cube", "platypus_nsgaii_cube", "platypus_cmaes_cube", "platypus_gde3_cube", "platypus_ibea_cube", "platypus_moead_cube", "platypus_omopso_cube", "platypus_smpso_cube", "platypus_spea2_cube", "platypus_epsmoea_cube", "nevergrad_ngopt_cube", "nevergrad_ngopt4_cube", "nevergrad_de_cube", "nevergrad_portfolio_cube", "nevergrad_oneplus_cube", "nevergrad_hammersley_cube", "nevergrad_ngopt8_cube", "hyperopt_tpe_cube", "hyperopt_atpe_cube", "hyperopt_rand_cube", "pymoo_nelder_cube", "pymoo_nsga3_cube", "pymoo_unsga3_cube", "pymoo_pattern_cube", "pymoo_nsga2_cube", "pymoo_unsga3_cube", "skopt_gp_default_cube", "ultraopt_random_cube", "ultraopt_forest_cube", "ultraopt_gbrt_cube", "ultraopt_etpe_cube", "bayesopt_ucb_cube", "bayesopt_ei_cube", "bayesopt_poi_cube", "dlib_cube", "dlib_default_cube", "nlopt_direct_cube", "nlopt_ags_cube", "nlopt_esch_cube", "nlopt_isres_cube", "nlopt_crs2lm_cube", "nlopt_directr_cube", "nlopt_directo_cube", "nlopt_directl_cube", "bobyqa_default_cube", "bobyqa_noise_cube", "hebo_cube_sequential", "hebo_cube_batch", "hebo_sequential_cube", "hebo_batch_cube"], "count": [47, 65, 63, 128, 2, 17, 2, 231, 197, 216, 199, 243, 207, 191, 208, 212, 210, 203, 252, 0, 0, 0, 0, 0, 0, 170, 0, 0, 0, 0, 211, 224, 220, 212, 222, 216, 240, 211, 219, 235, 203, 224, 450, 222, 0, 0, 189, 83, 79, 75, 82, 196, 214, 201, 75, 85, 212, 209, 186, 229, 226, 200, 208, 199, 208, 191, 33, 42, 7, 11], "rating": [1387.5831088736772, 1344.8209669464225, 1337.2349248543096, 1472.2667135071347, 1553.886482583732, 1382.9233430604934, 1611.470037332866, 2169.032891636592, 1951.308484204048, 1108.3174754578374, 2506.4589061283004, 2538.8068588852907, 2427.73733970044, 1499.2332066136864, 1724.244299585166, 1600, 1600, 1600, 1600, 1600, 1600, 1600, 1600, 1600, 1600, 739.3288174724668, 1600, 1600, 1600, 1600, 2059.7050976448218, 1975.0348425671366, 1206.8337898354082, 1029.3678074309887, 2260.4431150182368, 1136.41582529468, 2090.9680790182433, 1387.2822368114976, 1578.5864054480746, 1551.36254762672, 1187.2635931870882, 1018.9044597819825, 829.5237053660258, 2003.1124780002708, 1600, 1600, 2315.497746665416, 1320.623644560856, 1886.2474519762625, 1663.5309914158101, 1964.6698982102255, 2358.2129322714477, 2216.390267354315, 2433.2101699474524, 2178.054701293765, 2024.4242279294963, 1726.0314263081293, 2249.1373662770734, 1608.9652749257327, 1106.358798754356, 959.1711050749426, 2463.8170333016806, 925.1757605308883, 1630.2480583860881, 2496.6576427927016, 2364.4574842908196, 1937.255120057677, 1703.4629655600288, 1778.824887200208, 1653.0472350297682], "traceback": ["Traceback (most recent call last):\n  File \"/opt/hostedtoolcache/Python/3.8.10/x64/lib/python3.8/site-packages/humpday/comparison/eloratings.py\", line 41, in optimizer_game\n    white_best_val, white_best_x, white_feval_count = white(objective, n_trials=n_white_trials, n_dim=n_dim,\n  File \"/opt/hostedtoolcache/Python/3.8.10/x64/lib/python3.8/site-packages/humpday/optimizers/shgocube.py\", line 14, in shgo_slsqp_sobol_cube\n    return shgo_cube(objective=objective, n_trials=n_trials, n_dim=n_dim, with_count=with_count,\n  File \"/opt/hostedtoolcache/Python/3.8.10/x64/lib/python3.8/site-packages/humpday/optimizers/shgocube.py\", line 73, in shgo_cube\n    result = shgo(_objective, bounds, n=n, iters=n_iters, options={'maxfev': n_trials_reduced,\n  File \"/opt/hostedtoolcache/Python/3.8.10/x64/lib/python3.8/site-packages/scipy/optimize/_shgo.py\", line 421, in shgo\n    shc.construct_complex()\n  File \"/opt/hostedtoolcache/Python/3.8.10/x64/lib/python3.8/site-packages/scipy/optimize/_shgo.py\", line 733, in construct_complex\n    self.find_minima()\n  File \"/opt/hostedtoolcache/Python/3.8.10/x64/lib/python3.8/site-packages/scipy/optimize/_shgo.py\", line 742, in find_minima\n    self.minimizers()\n  File \"/opt/hostedtoolcache/Python/3.8.10/x64/lib/python3.8/site-packages/scipy/optimize/_shgo.py\", line 1261, in delaunay_complex_minimisers\n    self.delaunay_triangulation(grow=True, n_prc=self.n_prc)\n  File \"/opt/hostedtoolcache/Python/3.8.10/x64/lib/python3.8/site-packages/scipy/optimize/_shgo.py\", line 1538, in delaunay_triangulation\n    self.Tri = spatial.Delaunay(self.C, incremental=True)\n  File \"qhull.pyx\", line 1840, in scipy.spatial.qhull.Delaunay.__init__\n  File \"qhull.pyx\", line 356, in scipy.spatial.qhull._Qhull.__init__\nscipy.spatial.qhull.QhullError: QH6239 Qhull precision error: initial Delaunay input sites are cocircular or cospherical.  Use option 'Qz' for the Delaunay triangulation or Voronoi diagram of cocircular/cospherical points; it adds a point \"at infinity\".  Alternatively use option 'QJ' to joggle the input.  Use option 'Qs' to search all points for the initial simplex.\n\ninput sites with last coordinate projected to a paraboloid\n- p1(v10):   0.5   0.5   0.5   0.5   0.5   0.5   0.5   0.5     2\n- p3(v9):  0.25  0.75  0.25  0.75  0.25  0.75  0.25  0.75   2.5\n- p2(v8):  0.75  0.25  0.75  0.25  0.75  0.25  0.75  0.25   2.5\n- p8(v7):  0.19  0.31  0.31  0.69  0.56  0.19 0.062  0.94   1.9\n- p4(v6):  0.38  0.38  0.62  0.12  0.88  0.88  0.12  0.62   2.6\n- p9(v5):  0.69  0.81  0.81  0.19 0.062  0.69  0.56  0.44   2.8\n- p6(v4):  0.62  0.12  0.38  0.38  0.12  0.62  0.88  0.88   2.6\n- p7(v3):  0.12  0.62  0.88  0.88  0.62  0.12  0.38  0.38   2.6\n- p5(v2):  0.88  0.88  0.12  0.62  0.38  0.38  0.62  0.12   2.6\n- p0(v1):     0     0     0     0     0     0     0     0     0\n\nWhile executing:  | qhull d Qc Q11 Qt Qx\nOptions selected for Qhull 2019.1.r 2019/06/21:\n  run-id 1445486027  delaunay  Qcoplanar-keep  Q11-trinormals Qtriangulate\n  Qtriangulate  Qxact-merge  _zero-centrum  Qinterior-keep\n  Q3-no-merge-vertices-dim-high  Pgood  _max-width 2.8  Error-roundoff 1.8e-14\n  _one-merge 3.4e-13  Visible-distance 1.1e-13  U-max-coplanar 1.1e-13\n  Width-outside 2.1e-13  _wide-facet 6.4e-13  _maxoutside 3.5e-13\n\n", "passing", "passing", "Black took 10 function evals when instructed to use 81", "passing", "passing", "passing", "passing", "passing", "passing", "passing", "passing", "passing", "passing", "passing", "passing", "passing", "passing", "passing", "passing", "passing", "passing", "passing", "passing", "passing", "passing", "passing", "passing", "passing", "passing", "passing", "passing", "passing", "passing", "passing", "passing", "passing", "passing", "passing", "passing", "passing", "passing", "passing", "passing", "passing", "not yet run", "passing", "passing", "passing", "passing", "Black took 81 function evals when instructed to use 81", "passing", "Black took 81 function evals when instructed to use 81", "passing", "passing", "passing", "passing", "passing", "passing", "passing", "passing", "Black took 81 function evals when instructed to use 81", "passing", "passing", "passing", "passing", "passing", "passing", "passing", "passing"], "active": [true, true, true, true, true, false, true, true, true, true, true, true, false, true, true, true, true, true, true, true, true, true, true, true, true, true, true, true, true, true, true, true, true, true, true, true, true, true, true, true, true, true, true, true, true, true, true, true, true, true, true, true, true, true, true, true, true, true, true, true, true, true, true, true, true, true, false, false, true, true]}