{"name": ["shgo_slsqp_sobol_cube", "shgo_powell_sobol_cube", "shgo_nelder_sobol_cube", "scipy_slsqp_cube", "scipy_powell_cube", "scipy_nelder_cube", "scipy_lbfgsb_cube", "pysot_ei_cube", "pysot_lcb_cube", "pysot_random_cube", "pysot_srbf_cube", "pysot_dycors_cube", "ax_default_cube", "optuna_cmaes_cube", "optuna_tpe_cube", "optuna_random_cube", "optuna_random_cube_clone", "optuna_random_cube_clone_1", "optuna_random_cube_clone_2", "platypus_genetic_cube", "platypus_evolutionary_cube", "platypus_nsgaii_cube", "platypus_cmaes_cube", "platypus_gde3_cube", "platypus_ibea_cube", "platypus_moead_cube", "platypus_omopso_cube", "platypus_smpso_cube", "platypus_spea2_cube", "platypus_epsmoea_cube", "nevergrad_ngopt_cube", "nevergrad_ngopt4_cube", "nevergrad_de_cube", "nevergrad_portfolio_cube", "nevergrad_oneplus_cube", "nevergrad_hammersley_cube", "nevergrad_ngopt8_cube", "hyperopt_tpe_cube", "hyperopt_atpe_cube", "hyperopt_rand_cube", "pymoo_nelder_cube", "pymoo_nsga3_cube", "pymoo_unsga3_cube", "pymoo_pattern_cube", "pymoo_nsga2_cube", "pymoo_unsga3_cube", "skopt_gp_default_cube", "ultraopt_random_cube", "ultraopt_forest_cube", "ultraopt_gbrt_cube", "ultraopt_etpe_cube", "bayesopt_ucb_cube", "bayesopt_ei_cube", "bayesopt_poi_cube", "dlib_cube", "dlib_default_cube", "nlopt_direct_cube", "nlopt_ags_cube", "nlopt_esch_cube", "nlopt_isres_cube", "nlopt_crs2lm_cube", "nlopt_directr_cube", "nlopt_directo_cube", "nlopt_directl_cube", "bobyqa_default_cube", "bobyqa_noise_cube", "hebo_sequential_cube", "hebo_batch_cube"], "count": [0, 0, 0, 11, 0, 0, 2, 0, 0, 0, 0, 0, 0, 0, 16, 9, 18, 10, 13, 21, 16, 15, 0, 15, 14, 14, 11, 12, 7, 14, 15, 13, 19, 20, 12, 19, 16, 11, 16, 15, 13, 20, 35, 19, 13, 0, 0, 12, 17, 0, 16, 0, 0, 0, 17, 11, 12, 0, 18, 22, 15, 19, 14, 7, 14, 20, 0, 0], "rating": [1600, 1600, 1600, 1652.5912672859695, 1600, 1600, 1657.5756385086977, 1600, 1600, 1600, 1600, 1600, 1600, 1600, 1616.5571403119507, 1600, 1600, 1600, 1600, 1320.773260456572, 1467.6823280978278, 1588.9501557480583, 1600, 1377.9798420921154, 1443.832533071871, 1385.7575374655314, 1507.8231852970334, 1582.38869480343, 1461.6952723319705, 1687.0717277875713, 1741.3118930694734, 1777.0018044487886, 1710.6636262649747, 1421.897559584391, 1881.7763492437516, 1647.6501034744617, 1827.6384959679428, 1652.9348855610415, 1553.7082684797508, 1751.8934645652962, 1628.222834145897, 1526.481367853108, 1525.6297426006379, 1910.6115732384142, 1452.0520037520773, 1600, 1600, 1507.6787040870038, 1706.6178505875146, 1600, 1733.5837669741386, 1600, 1600, 1600, 1883.365831554859, 1885.4152932089855, 1871.2004238903364, 1600, 1631.0787859836055, 1251.0546310741963, 1405.70972009187, 1799.3192812279399, 1361.5989038937732, 1477.390925926706, 1893.3009417226442, 1965.1874801388035, 1600, 1600], "traceback": ["not yet run", "not yet run", "not yet run", "passing", "passing", "not yet run", "passing", "not yet run", "not yet run", "not yet run", "not yet run", "not yet run", "not yet run", "not yet run", "passing", "passing", "passing", "Black took 211 function evals when instructed to use 211", "passing", "passing", "passing", "passing", "not yet run", "passing", "passing", "passing", "passing", "passing", "passing", "passing", "Black took 212 function evals when instructed to use 211", "passing", "passing", "passing", "passing", "passing", "passing", "passing", "passing", "passing", "passing", "passing", "Black took 211 function evals when instructed to use 211", "passing", "passing", "not yet run", "not yet run", "Black took 211 function evals when instructed to use 211", "passing", "not yet run", "passing", "not yet run", "not yet run", "not yet run", "passing", "passing", "passing", "passing", "passing", "passing", "passing", "passing", "passing", "passing", "Black took 227 function evals when instructed to use 227", "passing", "not yet run", "not yet run"], "active": [true, true, true, true, true, false, true, true, true, true, true, true, false, true, true, true, true, true, true, true, true, true, true, true, true, true, true, true, true, true, true, true, true, true, true, true, true, true, true, true, true, true, true, true, true, true, true, true, true, true, true, true, true, true, true, true, true, true, true, true, true, true, true, true, true, true, false, false]}