{"name": ["shgo_slsqp_sobol_cube", "shgo_powell_sobol_cube", "shgo_nelder_sobol_cube", "scipy_slsqp_cube", "scipy_powell_cube", "scipy_nelder_cube", "scipy_lbfgsb_cube", "pysot_ei_cube", "pysot_lcb_cube", "pysot_random_cube", "pysot_srbf_cube", "pysot_dycors_cube", "ax_default_cube", "optuna_cmaes_cube", "optuna_tpe_cube", "optuna_random_cube", "optuna_random_cube_clone", "optuna_random_cube_clone_1", "optuna_random_cube_clone_2", "platypus_genetic_cube", "platypus_evolutionary_cube", "platypus_nsgaii_cube", "platypus_cmaes_cube", "platypus_gde3_cube", "platypus_ibea_cube", "platypus_moead_cube", "platypus_omopso_cube", "platypus_smpso_cube", "platypus_spea2_cube", "platypus_epsmoea_cube", "nevergrad_ngopt_cube", "nevergrad_ngopt4_cube", "nevergrad_de_cube", "nevergrad_portfolio_cube", "nevergrad_oneplus_cube", "nevergrad_hammersley_cube", "nevergrad_ngopt8_cube", "hyperopt_tpe_cube", "hyperopt_atpe_cube", "hyperopt_rand_cube", "pymoo_nelder_cube", "pymoo_nsga3_cube", "pymoo_unsga3_cube", "pymoo_pattern_cube", "pymoo_nsga2_cube", "pymoo_unsga3_cube", "skopt_gp_default_cube", "ultraopt_random_cube", "ultraopt_forest_cube", "ultraopt_gbrt_cube", "ultraopt_etpe_cube", "bayesopt_ucb_cube", "bayesopt_ei_cube", "bayesopt_poi_cube", "dlib_cube", "dlib_default_cube", "nlopt_direct_cube", "nlopt_ags_cube", "nlopt_esch_cube", "nlopt_isres_cube", "nlopt_crs2lm_cube", "nlopt_directr_cube", "nlopt_directo_cube", "nlopt_directl_cube", "bobyqa_default_cube", "bobyqa_noise_cube", "hebo_cube_sequential", "hebo_cube_batch", "hebo_sequential_cube", "hebo_batch_cube"], "count": [0, 0, 0, 28, 4, 0, 1, 44, 32, 29, 38, 31, 34, 35, 33, 28, 36, 33, 29, 0, 0, 0, 0, 0, 0, 31, 0, 0, 0, 0, 43, 38, 36, 29, 33, 59, 36, 39, 36, 36, 20, 27, 73, 38, 0, 0, 30, 45, 34, 39, 43, 35, 30, 28, 45, 29, 38, 40, 29, 39, 47, 33, 32, 20, 31, 33, 33, 44, 10, 12], "rating": [1600, 1600, 1600, 1191.1461971507708, 1491.017981349076, 1600, 1641.2859657930053, 1793.518698113897, 1626.3993303014493, 1257.3127592592912, 2000.4892731735056, 1975.2241254565336, 1922.3135070162596, 1685.8655590913002, 1675.1357461006078, 1600, 1600, 1600, 1600, 1600, 1600, 1600, 1600, 1600, 1600, 1336.0758472337782, 1600, 1600, 1600, 1600, 1659.9923826182833, 1464.9790780153112, 1354.178895968301, 1298.5317877972204, 1740.4898138783626, 1073.0561960532252, 1692.6476435247896, 1628.2777867853438, 1524.9790455461234, 1469.660124848456, 1816.3416667242452, 1465.8958332465054, 1342.8779256301552, 1635.4517023328938, 1600, 1600, 1824.9989749979966, 1382.0039488501711, 1697.2995181470876, 1716.408256068954, 1858.4243829189306, 1842.3972970450006, 1875.979066184347, 2005.9929689266032, 1881.9070372373408, 1687.8506446409156, 1450.532515681912, 1690.0719181849, 1501.6571974002768, 1355.6689290934894, 1463.7445035141748, 1733.7756026634818, 1540.8250601753334, 1664.6958035463804, 1903.810270693589, 1968.4921451820069, 1774.534878618961, 1819.6305365759667, 1744.2804260649466, 1560.4630255088348], "traceback": ["passing", "passing", "passing", "passing", "passing", "not yet run", "passing", "passing", "passing", "passing", "passing", "passing", "passing", "passing", "passing", "Black took 81 function evals when instructed to use 81", "passing", "passing", "passing", "passing", "passing", "passing", "passing", "passing", "passing", "passing", "passing", "passing", "passing", "passing", "passing", "passing", "passing", "passing", "passing", "passing", "passing", "passing", "passing", "passing", "passing", "passing", "passing", "passing", "passing", "not yet run", "passing", "passing", "passing", "passing", "passing", "passing", "passing", "passing", "passing", "passing", "passing", "passing", "Black took 81 function evals when instructed to use 81", "Black took 81 function evals when instructed to use 81", "passing", "Black took 81 function evals when instructed to use 81", "passing", "passing", "passing", "passing", "passing", "passing", "passing", "passing"], "active": [true, true, true, true, true, false, true, true, true, true, true, true, false, true, true, true, true, true, true, true, true, true, true, true, true, true, true, true, true, true, true, true, true, true, true, true, true, true, true, true, true, true, true, true, true, true, true, true, true, true, true, true, true, true, true, true, true, true, true, true, true, true, true, true, true, true, false, false, true, true]}