{"name": ["shgo_slsqp_sobol_cube", "shgo_powell_sobol_cube", "shgo_nelder_sobol_cube", "scipy_slsqp_cube", "scipy_powell_cube", "scipy_nelder_cube", "scipy_lbfgsb_cube", "pysot_ei_cube", "pysot_lcb_cube", "pysot_random_cube", "pysot_srbf_cube", "pysot_dycors_cube", "ax_default_cube", "optuna_cmaes_cube", "optuna_tpe_cube", "optuna_random_cube", "optuna_random_cube_clone", "optuna_random_cube_clone_1", "optuna_random_cube_clone_2", "platypus_genetic_cube", "platypus_evolutionary_cube", "platypus_nsgaii_cube", "platypus_cmaes_cube", "platypus_gde3_cube", "platypus_ibea_cube", "platypus_moead_cube", "platypus_omopso_cube", "platypus_smpso_cube", "platypus_spea2_cube", "platypus_epsmoea_cube", "nevergrad_ngopt_cube", "nevergrad_ngopt4_cube", "nevergrad_de_cube", "nevergrad_portfolio_cube", "nevergrad_oneplus_cube", "nevergrad_hammersley_cube", "nevergrad_ngopt8_cube", "hyperopt_tpe_cube", "hyperopt_atpe_cube", "hyperopt_rand_cube", "pymoo_nelder_cube", "pymoo_nsga3_cube", "pymoo_unsga3_cube", "pymoo_pattern_cube", "pymoo_nsga2_cube", "pymoo_unsga3_cube", "skopt_gp_default_cube", "ultraopt_random_cube", "ultraopt_forest_cube", "ultraopt_gbrt_cube", "ultraopt_etpe_cube", "bayesopt_ucb_cube", "bayesopt_ei_cube", "bayesopt_poi_cube", "dlib_cube", "dlib_default_cube", "nlopt_direct_cube", "nlopt_ags_cube", "nlopt_esch_cube", "nlopt_isres_cube", "nlopt_crs2lm_cube", "nlopt_directr_cube", "nlopt_directo_cube", "nlopt_directl_cube", "bobyqa_default_cube", "bobyqa_noise_cube", "hebo_cube_sequential", "hebo_cube_batch", "hebo_sequential_cube", "hebo_batch_cube"], "count": [28, 21, 29, 30, 2, 1, 33, 32, 51, 35, 37, 40, 28, 35, 32, 35, 52, 45, 31, 31, 27, 31, 36, 37, 40, 52, 31, 38, 41, 48, 40, 37, 40, 39, 38, 54, 37, 39, 56, 32, 31, 56, 84, 47, 39, 0, 42, 42, 48, 37, 40, 36, 32, 59, 47, 30, 39, 34, 37, 49, 43, 41, 44, 44, 52, 49, 45, 39, 0, 7], "rating": [1986.1149142255815, 1885.594286104451, 2011.4135686116017, 1463.6487731195932, 1550.1025568376863, 1570.0, 1205.9776073616135, 1663.8607206997042, 1716.6037939717062, 1307.4894675573178, 1952.4917753820687, 1726.4922756382618, 1862.523869795696, 1812.3816328522087, 1810.9833192742553, 1600, 1600, 1600, 1600, 1274.157609711116, 1356.5122861390564, 1352.140857418627, 1153.6184555931254, 1286.1158887508589, 1265.9288939994415, 1496.5183078925243, 1499.8999600223071, 1333.5904315110558, 1272.0023590835726, 1353.1242480247213, 1549.033272099084, 1704.4422572697013, 1535.7766959206292, 1475.7705249929452, 1522.9905790642686, 1286.8034924432927, 1649.5248385311875, 1576.9551901813456, 1598.1083544875028, 1596.1741735373478, 1906.6759712046685, 1804.790817326083, 1789.8762162160324, 1884.418503000984, 1323.2593016270903, 1600, 1976.7452776803318, 1541.8932414298283, 1815.542820388743, 1719.8522264145672, 1875.5430620953375, 1738.596249384151, 1745.3143155380494, 2023.7486408144773, 1832.5394422921597, 1650.298906505988, 1706.978423398312, 1738.0766423535483, 1413.7901596850684, 1279.8748692783533, 1456.1485282715742, 1821.405017005175, 1601.8795842328097, 1801.9686732681423, 1910.5378963143028, 1805.7481609373267, 1995.932050523452, 1834.6405285725493, 1600, 1657.8981980333824], "traceback": ["passing", "passing", "passing", "passing", "Traceback (most recent call last):\n  File \"/opt/hostedtoolcache/Python/3.8.8/x64/lib/python3.8/site-packages/humpday/comparison/eloratings.py\", line 76, in optimizer_game\n    black_best_val, black_best_x, black_feval_count = black(objective, n_trials=n_black_trials,\n  File \"/opt/hostedtoolcache/Python/3.8.8/x64/lib/python3.8/site-packages/humpday/optimizers/scipycube.py\", line 40, in scipy_powell_cube\n    return scipy_cube(objective=objective, n_trials=n_trials, n_dim=n_dim, with_count=with_count, method='powell')\n  File \"/opt/hostedtoolcache/Python/3.8.8/x64/lib/python3.8/site-packages/humpday/optimizers/scipycube.py\", line 29, in scipy_cube\n    result = minimize(_objective, x0=[0]*n_dim, method=options['method'],bounds=bounds, options=options)\n  File \"/opt/hostedtoolcache/Python/3.8.8/x64/lib/python3.8/site-packages/scipy/optimize/_minimize.py\", line 610, in minimize\n    return _minimize_powell(fun, x0, args, callback, bounds, **options)\n  File \"/opt/hostedtoolcache/Python/3.8.8/x64/lib/python3.8/site-packages/scipy/optimize/optimize.py\", line 2993, in _minimize_powell\n    fx2 = squeeze(func(x2))\n  File \"/opt/hostedtoolcache/Python/3.8.8/x64/lib/python3.8/site-packages/scipy/optimize/optimize.py\", line 461, in function_wrapper\n    return function(*(wrapper_args + args))\n  File \"/opt/hostedtoolcache/Python/3.8.8/x64/lib/python3.8/site-packages/humpday/optimizers/scipycube.py\", line 27, in _objective\n    return objective(list(x))\n  File \"/opt/hostedtoolcache/Python/3.8.8/x64/lib/python3.8/site-packages/humpday/objectives/portfolio.py\", line 158, in markowitz_skew_on_cube\n    return realized_something_factory(g=g,u=u)\n  File \"/opt/hostedtoolcache/Python/3.8.8/x64/lib/python3.8/site-packages/humpday/objectives/portfolio.py\", line 121, in realized_something_factory\n    w = cube_to_weights(u)\n  File \"/opt/hostedtoolcache/Python/3.8.8/x64/lib/python3.8/site-packages/humpday/objectives/portfolio.py\", line 108, in cube_to_weights\n    raise ValueError(\"u should be in hypercube\")\nValueError: u should be in hypercube\n", "passing", "passing", "passing", "passing", "passing", "passing", "passing", "Black took 216 function evals when instructed to use 216", "Black took 211 function evals when instructed to use 211", "passing", "passing", "passing", "passing", "passing", "passing", "passing", "passing", "passing", "passing", "passing", "passing", "passing", "passing", "passing", "passing", "passing", "passing", "passing", "passing", "passing", "passing", "Black took 212 function evals when instructed to use 211", "Black took 212 function evals when instructed to use 212", "passing", "passing", "passing", "passing", "passing", "passing", "passing", "not yet run", "passing", "passing", "passing", "passing", "passing", "passing", "passing", "passing", "passing", "passing", "passing", "passing", "passing", "passing", "passing", "passing", "Black took 226 function evals when instructed to use 212", "passing", "passing", "passing", "passing", "passing", "not yet run", "passing"], "active": [true, true, true, true, true, false, true, true, true, true, true, true, true, true, true, true, true, true, true, true, true, true, true, true, true, true, true, true, true, true, true, true, true, true, true, true, true, true, true, true, true, true, true, true, true, true, true, true, true, true, true, true, true, true, true, true, true, true, true, true, true, true, true, true, true, true, false, false, true, true]}