{"name": ["shgo_slsqp_sobol_cube", "shgo_powell_sobol_cube", "shgo_nelder_sobol_cube", "scipy_slsqp_cube", "scipy_powell_cube", "scipy_nelder_cube", "scipy_lbfgsb_cube", "pysot_ei_cube", "pysot_lcb_cube", "pysot_random_cube", "pysot_srbf_cube", "pysot_dycors_cube", "ax_default_cube", "optuna_cmaes_cube", "optuna_tpe_cube", "optuna_random_cube", "optuna_random_cube_clone", "optuna_random_cube_clone_1", "optuna_random_cube_clone_2", "platypus_genetic_cube", "platypus_evolutionary_cube", "platypus_nsgaii_cube", "platypus_cmaes_cube", "platypus_gde3_cube", "platypus_ibea_cube", "platypus_moead_cube", "platypus_omopso_cube", "platypus_smpso_cube", "platypus_spea2_cube", "platypus_epsmoea_cube", "nevergrad_ngopt_cube", "nevergrad_ngopt4_cube", "nevergrad_de_cube", "nevergrad_portfolio_cube", "nevergrad_oneplus_cube", "nevergrad_hammersley_cube", "nevergrad_ngopt8_cube", "hyperopt_tpe_cube", "hyperopt_atpe_cube", "hyperopt_rand_cube", "pymoo_nelder_cube", "pymoo_nsga3_cube", "pymoo_unsga3_cube", "pymoo_pattern_cube", "pymoo_nsga2_cube", "pymoo_unsga3_cube", "skopt_gp_default_cube", "ultraopt_random_cube", "ultraopt_forest_cube", "ultraopt_gbrt_cube", "ultraopt_etpe_cube", "bayesopt_ucb_cube", "bayesopt_ei_cube", "bayesopt_poi_cube", "dlib_cube", "dlib_default_cube", "nlopt_direct_cube", "nlopt_ags_cube", "nlopt_esch_cube", "nlopt_isres_cube", "nlopt_crs2lm_cube", "nlopt_directr_cube", "nlopt_directo_cube", "nlopt_directl_cube", "bobyqa_default_cube", "bobyqa_noise_cube", "hebo_cube_sequential", "hebo_cube_batch", "hebo_sequential_cube", "hebo_batch_cube"], "count": [3, 2, 0, 37, 5, 0, 3, 62, 44, 38, 54, 44, 34, 45, 43, 38, 44, 49, 41, 0, 0, 0, 0, 0, 0, 42, 0, 0, 0, 0, 50, 49, 42, 38, 44, 66, 50, 52, 50, 48, 39, 42, 91, 51, 0, 0, 40, 61, 47, 52, 56, 43, 41, 40, 60, 42, 49, 52, 36, 58, 59, 55, 39, 31, 39, 46, 33, 44, 17, 16], "rating": [1517.647365188316, 1589.8300342827677, 1600, 1191.805891564128, 1474.6038507727571, 1600, 1585.7639055446457, 1800.5279829487993, 1667.5664534638574, 1253.347160999221, 2032.3857188672243, 1954.214697590437, 1922.3135070162596, 1701.8504667295624, 1733.059907137129, 1600, 1600, 1600, 1600, 1600, 1600, 1600, 1600, 1600, 1600, 1326.4057677952042, 1600, 1600, 1600, 1600, 1680.494437832015, 1493.7896152777523, 1329.0987902318222, 1293.1274892252054, 1782.0259763188997, 1063.573911127332, 1673.9291421847352, 1664.7234736578644, 1514.0592186484034, 1527.8395824693316, 1951.2860629687666, 1433.7210841260444, 1430.3597498163788, 1676.760303301967, 1600, 1600, 1860.162482232325, 1332.0475873015153, 1714.9940205958644, 1669.5750830681786, 1843.8729811919231, 1933.4475350398786, 1901.510380999356, 1961.5599492096426, 1950.1230726968452, 1793.070006998118, 1454.0055595007686, 1638.5554440092337, 1445.4810775191952, 1267.3647663201582, 1336.5250374540076, 1812.0813245905204, 1539.2874247323132, 1679.9454281633036, 1918.4679863262795, 2066.811219304991, 1774.534878618961, 1819.6305365759667, 1766.1599212084013, 1577.5218078679104], "traceback": ["passing", "passing", "passing", "passing", "passing", "not yet run", "passing", "passing", "passing", "passing", "passing", "passing", "passing", "passing", "passing", "passing", "passing", "passing", "passing", "passing", "passing", "passing", "passing", "passing", "passing", "passing", "passing", "passing", "passing", "passing", "passing", "passing", "passing", "passing", "passing", "passing", "passing", "passing", "Black took 85 function evals when instructed to use 85", "passing", "passing", "passing", "passing", "passing", "passing", "not yet run", "passing", "passing", "passing", "passing", "passing", "passing", "passing", "Black took 81 function evals when instructed to use 81", "passing", "passing", "passing", "passing", "passing", "passing", "passing", "passing", "passing", "passing", "passing", "passing", "passing", "passing", "passing", "passing"], "active": [true, true, true, true, true, false, true, true, true, true, true, true, false, true, true, true, true, true, true, true, true, true, true, true, true, true, true, true, true, true, true, true, true, true, true, true, true, true, true, true, true, true, true, true, true, true, true, true, true, true, true, true, true, true, true, true, true, true, true, true, true, true, true, true, true, true, false, false, false, false]}