{"name": ["shgo_slsqp_sobol_cube", "shgo_powell_sobol_cube", "shgo_nelder_sobol_cube", "scipy_slsqp_cube", "scipy_powell_cube", "scipy_nelder_cube", "scipy_lbfgsb_cube", "pysot_ei_cube", "pysot_lcb_cube", "pysot_random_cube", "pysot_srbf_cube", "pysot_dycors_cube", "ax_default_cube", "optuna_cmaes_cube", "optuna_tpe_cube", "optuna_random_cube", "optuna_random_cube_clone", "optuna_random_cube_clone_1", "optuna_random_cube_clone_2", "platypus_genetic_cube", "platypus_evolutionary_cube", "platypus_nsgaii_cube", "platypus_cmaes_cube", "platypus_gde3_cube", "platypus_ibea_cube", "platypus_moead_cube", "platypus_omopso_cube", "platypus_smpso_cube", "platypus_spea2_cube", "platypus_epsmoea_cube", "nevergrad_ngopt_cube", "nevergrad_ngopt4_cube", "nevergrad_de_cube", "nevergrad_portfolio_cube", "nevergrad_oneplus_cube", "nevergrad_hammersley_cube", "nevergrad_ngopt8_cube", "hyperopt_tpe_cube", "hyperopt_atpe_cube", "hyperopt_rand_cube", "pymoo_nelder_cube", "pymoo_nsga3_cube", "pymoo_unsga3_cube", "pymoo_pattern_cube", "pymoo_nsga2_cube", "pymoo_unsga3_cube", "skopt_gp_default_cube", "ultraopt_random_cube", "ultraopt_forest_cube", "ultraopt_gbrt_cube", "ultraopt_etpe_cube", "bayesopt_ucb_cube", "bayesopt_ei_cube", "bayesopt_poi_cube", "dlib_cube", "dlib_default_cube", "nlopt_direct_cube", "nlopt_ags_cube", "nlopt_esch_cube", "nlopt_isres_cube", "nlopt_crs2lm_cube", "nlopt_directr_cube", "nlopt_directo_cube", "nlopt_directl_cube", "bobyqa_default_cube", "bobyqa_noise_cube", "hebo_cube_sequential", "hebo_cube_batch", "hebo_sequential_cube", "hebo_batch_cube"], "count": [29, 29, 36, 32, 2, 1, 37, 37, 53, 42, 42, 46, 28, 40, 38, 38, 61, 51, 33, 35, 34, 35, 42, 39, 44, 57, 35, 42, 44, 51, 44, 46, 46, 45, 42, 62, 42, 45, 59, 36, 33, 59, 92, 52, 48, 0, 43, 46, 53, 43, 42, 46, 35, 62, 48, 37, 46, 39, 42, 56, 49, 44, 51, 46, 57, 50, 45, 39, 0, 13], "rating": [1997.0327082949248, 1974.7095571830325, 2076.187184156281, 1501.1032993194337, 1550.1025568376863, 1570.0, 1171.3415952748949, 1697.8728999467407, 1734.137963388698, 1264.6800901675065, 1955.3819188241894, 1746.5276928838955, 1862.523869795696, 1811.1568124219211, 1834.123150793503, 1600, 1600, 1600, 1600, 1236.4985989038537, 1342.2327545119351, 1310.916467142744, 1154.86898276826, 1266.0088289783746, 1283.8327145557203, 1480.5297257242844, 1513.3801667466312, 1298.684789711758, 1252.5877492381712, 1327.472132082239, 1548.7063227744961, 1696.1201593517405, 1535.7167347780571, 1429.5512346989735, 1524.8629764748248, 1256.8421285887755, 1663.1353808988893, 1586.9806247112338, 1637.9815174094026, 1564.7882389469596, 1932.9086311351964, 1788.11958447865, 1824.408458870204, 1890.4536084334252, 1281.3227402577486, 1600, 1985.6185952732822, 1567.9355375501857, 1829.4806403603632, 1711.03561792863, 1872.8115967685494, 1748.002629192044, 1780.7739003648508, 1996.1937249924385, 1817.2241630419928, 1683.2176492085257, 1780.8710381436035, 1737.6873674845533, 1471.4929872008547, 1297.7870987688193, 1471.1009389880358, 1850.5105670207606, 1574.1540079260951, 1789.3248229970468, 1917.2739752524928, 1811.080257857308, 1995.932050523452, 1834.6405285725493, 1600, 1633.3638008056412], "traceback": ["passing", "passing", "passing", "passing", "Traceback (most recent call last):\n  File \"/opt/hostedtoolcache/Python/3.8.9/x64/lib/python3.8/site-packages/humpday/comparison/eloratings.py\", line 41, in optimizer_game\n    white_best_val, white_best_x, white_feval_count = white(objective, n_trials=n_white_trials, n_dim=n_dim,\n  File \"/opt/hostedtoolcache/Python/3.8.9/x64/lib/python3.8/site-packages/humpday/optimizers/scipycube.py\", line 40, in scipy_powell_cube\n    return scipy_cube(objective=objective, n_trials=n_trials, n_dim=n_dim, with_count=with_count, method='powell')\n  File \"/opt/hostedtoolcache/Python/3.8.9/x64/lib/python3.8/site-packages/humpday/optimizers/scipycube.py\", line 29, in scipy_cube\n    result = minimize(_objective, x0=[0]*n_dim, method=options['method'],bounds=bounds, options=options)\n  File \"/opt/hostedtoolcache/Python/3.8.9/x64/lib/python3.8/site-packages/scipy/optimize/_minimize.py\", line 610, in minimize\n    return _minimize_powell(fun, x0, args, callback, bounds, **options)\n  File \"/opt/hostedtoolcache/Python/3.8.9/x64/lib/python3.8/site-packages/scipy/optimize/optimize.py\", line 2993, in _minimize_powell\n    fx2 = squeeze(func(x2))\n  File \"/opt/hostedtoolcache/Python/3.8.9/x64/lib/python3.8/site-packages/scipy/optimize/optimize.py\", line 461, in function_wrapper\n    return function(*(wrapper_args + args))\n  File \"/opt/hostedtoolcache/Python/3.8.9/x64/lib/python3.8/site-packages/humpday/optimizers/scipycube.py\", line 27, in _objective\n    return objective(list(x))\n  File \"/opt/hostedtoolcache/Python/3.8.9/x64/lib/python3.8/site-packages/humpday/objectives/portfolio.py\", line 146, in markowitz_realized_on_cube\n    return realized_something_factory(g=g,u=u)\n  File \"/opt/hostedtoolcache/Python/3.8.9/x64/lib/python3.8/site-packages/humpday/objectives/portfolio.py\", line 121, in realized_something_factory\n    w = cube_to_weights(u)\n  File \"/opt/hostedtoolcache/Python/3.8.9/x64/lib/python3.8/site-packages/humpday/objectives/portfolio.py\", line 108, in cube_to_weights\n    raise ValueError(\"u should be in hypercube\")\nValueError: u should be in hypercube\n", "passing", "passing", "passing", "passing", "passing", "Black took 211 function evals when instructed to use 211", "Black took 211 function evals when instructed to use 211", "Black took 216 function evals when instructed to use 216", "passing", "passing", "passing", "passing", "passing", "passing", "passing", "passing", "Traceback (most recent call last):\n  File \"/opt/hostedtoolcache/Python/3.8.9/x64/lib/python3.8/site-packages/humpday/comparison/eloratings.py\", line 76, in optimizer_game\n    black_best_val, black_best_x, black_feval_count = black(objective, n_trials=n_black_trials,\n  File \"/opt/hostedtoolcache/Python/3.8.9/x64/lib/python3.8/site-packages/humpday/optimizers/platypuscube.py\", line 68, in platypus_nsgaii_cube\n    return platypus_cube(objective=objective, n_trials=n_trials, n_dim=n_dim, with_count=with_count,\n  File \"/opt/hostedtoolcache/Python/3.8.9/x64/lib/python3.8/site-packages/humpday/optimizers/platypuscube.py\", line 51, in platypus_cube\n    best_obj, best_x = feasible_solution_obj[0]\nIndexError: list index out of range\n", "passing", "passing", "passing", "passing", "passing", "passing", "passing", "passing", "passing", "passing", "passing", "passing", "passing", "passing", "passing", "passing", "passing", "passing", "passing", "passing", "passing", "passing", "passing", "not yet run", "passing", "passing", "passing", "passing", "Black took 224 function evals when instructed to use 224", "passing", "passing", "passing", "passing", "passing", "passing", "passing", "passing", "passing", "passing", "passing", "passing", "passing", "passing", "passing", "passing", "passing", "not yet run", "passing"], "active": [true, true, true, true, true, false, true, true, true, true, true, true, false, true, true, true, true, true, true, true, true, true, true, true, true, true, true, true, true, true, true, true, true, true, true, true, true, true, true, true, true, true, true, true, true, true, true, true, true, true, true, true, true, true, true, true, true, true, true, true, true, true, true, true, true, true, false, false, true, true]}