{"name": ["shgo_slsqp_sobol_cube", "shgo_powell_sobol_cube", "shgo_nelder_sobol_cube", "scipy_slsqp_cube", "scipy_powell_cube", "scipy_nelder_cube", "scipy_lbfgsb_cube", "pysot_ei_cube", "pysot_lcb_cube", "pysot_random_cube", "pysot_srbf_cube", "pysot_dycors_cube", "ax_default_cube", "optuna_cmaes_cube", "optuna_tpe_cube", "optuna_random_cube", "optuna_random_cube_clone", "optuna_random_cube_clone_1", "optuna_random_cube_clone_2", "platypus_genetic_cube", "platypus_evolutionary_cube", "platypus_nsgaii_cube", "platypus_cmaes_cube", "platypus_gde3_cube", "platypus_ibea_cube", "platypus_moead_cube", "platypus_omopso_cube", "platypus_smpso_cube", "platypus_spea2_cube", "platypus_epsmoea_cube", "nevergrad_ngopt_cube", "nevergrad_ngopt4_cube", "nevergrad_de_cube", "nevergrad_portfolio_cube", "nevergrad_oneplus_cube", "nevergrad_hammersley_cube", "nevergrad_ngopt8_cube", "hyperopt_tpe_cube", "hyperopt_atpe_cube", "hyperopt_rand_cube", "pymoo_nelder_cube", "pymoo_nsga3_cube", "pymoo_unsga3_cube", "pymoo_pattern_cube", "pymoo_nsga2_cube", "pymoo_unsga3_cube", "skopt_gp_default_cube", "ultraopt_random_cube", "ultraopt_forest_cube", "ultraopt_gbrt_cube", "ultraopt_etpe_cube", "bayesopt_ucb_cube", "bayesopt_ei_cube", "bayesopt_poi_cube", "dlib_cube", "dlib_default_cube", "nlopt_direct_cube", "nlopt_ags_cube", "nlopt_esch_cube", "nlopt_isres_cube", "nlopt_crs2lm_cube", "nlopt_directr_cube", "nlopt_directo_cube", "nlopt_directl_cube", "bobyqa_default_cube", "bobyqa_noise_cube", "hebo_cube_sequential", "hebo_cube_batch", "hebo_sequential_cube", "hebo_batch_cube"], "count": [5, 4, 5, 39, 5, 0, 15, 49, 42, 50, 37, 41, 30, 38, 32, 36, 40, 42, 44, 0, 0, 0, 0, 0, 0, 40, 0, 0, 0, 0, 39, 36, 34, 36, 33, 38, 36, 36, 43, 43, 43, 34, 79, 37, 0, 0, 39, 33, 36, 35, 35, 37, 24, 38, 41, 37, 33, 30, 34, 48, 40, 32, 51, 50, 26, 46, 41, 23, 8, 6], "rating": [1612.329900614305, 1521.0545836840172, 1475.0499826091745, 1268.6907628571962, 1531.2746647806744, 1600, 1266.3783736228456, 1808.701374088108, 1812.4568884447572, 1405.7876827785694, 1857.8641746918688, 1794.6615367732911, 1833.5308394280698, 1665.7148007091073, 1649.3322870966758, 1600, 1600, 1600, 1600, 1600, 1600, 1600, 1600, 1600, 1600, 1523.1744164518916, 1600, 1600, 1600, 1600, 1741.7640721005419, 1839.618966063524, 1429.7029670709624, 1424.7448277630654, 1583.6192298093474, 1259.2702808423974, 1613.79108719623, 1452.779679541415, 1426.5515536879957, 1389.6294492774928, 1914.7360877790077, 1567.9662171288644, 1700.8303277902805, 1760.6138187317222, 1600, 1600, 1839.0324906383707, 1429.3083134828787, 1732.953311575267, 1771.7547438263098, 1652.514852667045, 1838.1279947721432, 1715.6636520381055, 1998.1966578385277, 1843.5316256883773, 1792.7439883204918, 1604.4855728411985, 1739.0160053832972, 1185.7579256485517, 1224.5311661258613, 1399.612489176424, 1854.4571153366194, 1499.2971326233746, 1764.5736626932626, 1786.4488746723182, 1881.4515240954188, 1810.621561932003, 1728.7683556698032, 1671.7951186949754, 1630.2818081027074], "traceback": ["passing", "passing", "passing", "passing", "Traceback (most recent call last):\n  File \"/opt/hostedtoolcache/Python/3.8.9/x64/lib/python3.8/site-packages/humpday/comparison/eloratings.py\", line 41, in optimizer_game\n    white_best_val, white_best_x, white_feval_count = white(objective, n_trials=n_white_trials, n_dim=n_dim,\n  File \"/opt/hostedtoolcache/Python/3.8.9/x64/lib/python3.8/site-packages/humpday/optimizers/scipycube.py\", line 40, in scipy_powell_cube\n    return scipy_cube(objective=objective, n_trials=n_trials, n_dim=n_dim, with_count=with_count, method='powell')\n  File \"/opt/hostedtoolcache/Python/3.8.9/x64/lib/python3.8/site-packages/humpday/optimizers/scipycube.py\", line 29, in scipy_cube\n    result = minimize(_objective, x0=[0]*n_dim, method=options['method'],bounds=bounds, options=options)\n  File \"/opt/hostedtoolcache/Python/3.8.9/x64/lib/python3.8/site-packages/scipy/optimize/_minimize.py\", line 610, in minimize\n    return _minimize_powell(fun, x0, args, callback, bounds, **options)\n  File \"/opt/hostedtoolcache/Python/3.8.9/x64/lib/python3.8/site-packages/scipy/optimize/optimize.py\", line 2993, in _minimize_powell\n    fx2 = squeeze(func(x2))\n  File \"/opt/hostedtoolcache/Python/3.8.9/x64/lib/python3.8/site-packages/scipy/optimize/optimize.py\", line 461, in function_wrapper\n    return function(*(wrapper_args + args))\n  File \"/opt/hostedtoolcache/Python/3.8.9/x64/lib/python3.8/site-packages/humpday/optimizers/scipycube.py\", line 27, in _objective\n    return objective(list(x))\n  File \"/opt/hostedtoolcache/Python/3.8.9/x64/lib/python3.8/site-packages/humpday/objectives/portfolio.py\", line 87, in markowitz_analytic_on_cube\n    assert all([ 0<=ui<=1 for ui in u])\nAssertionError\n", "not yet run", "passing", "passing", "passing", "passing", "passing", "passing", "passing", "passing", "passing", "passing", "passing", "passing", "passing", "passing", "passing", "passing", "passing", "passing", "passing", "passing", "passing", "passing", "passing", "passing", "passing", "passing", "passing", "passing", "passing", "passing", "passing", "passing", "passing", "passing", "passing", "passing", "passing", "passing", "passing", "not yet run", "passing", "passing", "passing", "passing", "passing", "passing", "passing", "passing", "passing", "passing", "passing", "passing", "passing", "passing", "passing", "passing", "passing", "passing", "passing", "passing", "passing", "passing", "passing", "passing"], "active": [true, true, true, true, true, false, true, true, true, true, true, true, false, true, true, true, true, true, true, true, true, true, true, true, true, true, true, true, true, true, true, true, true, true, true, true, true, true, true, true, true, true, true, true, true, true, true, true, true, true, true, true, true, true, true, true, true, true, true, true, true, true, true, true, true, true, false, false, true, true]}