{"name": ["shgo_slsqp_sobol_cube", "shgo_powell_sobol_cube", "shgo_nelder_sobol_cube", "scipy_slsqp_cube", "scipy_powell_cube", "scipy_nelder_cube", "scipy_lbfgsb_cube", "pysot_ei_cube", "pysot_lcb_cube", "pysot_random_cube", "pysot_srbf_cube", "pysot_dycors_cube", "ax_default_cube", "optuna_cmaes_cube", "optuna_tpe_cube", "optuna_random_cube", "optuna_random_cube_clone", "optuna_random_cube_clone_1", "optuna_random_cube_clone_2", "platypus_genetic_cube", "platypus_evolutionary_cube", "platypus_nsgaii_cube", "platypus_cmaes_cube", "platypus_gde3_cube", "platypus_ibea_cube", "platypus_moead_cube", "platypus_omopso_cube", "platypus_smpso_cube", "platypus_spea2_cube", "platypus_epsmoea_cube", "nevergrad_ngopt_cube", "nevergrad_ngopt4_cube", "nevergrad_de_cube", "nevergrad_portfolio_cube", "nevergrad_oneplus_cube", "nevergrad_hammersley_cube", "nevergrad_ngopt8_cube", "hyperopt_tpe_cube", "hyperopt_atpe_cube", "hyperopt_rand_cube", "pymoo_nelder_cube", "pymoo_nsga3_cube", "pymoo_unsga3_cube", "pymoo_pattern_cube", "pymoo_nsga2_cube", "pymoo_unsga3_cube", "skopt_gp_default_cube", "ultraopt_random_cube", "ultraopt_forest_cube", "ultraopt_gbrt_cube", "ultraopt_etpe_cube", "bayesopt_ucb_cube", "bayesopt_ei_cube", "bayesopt_poi_cube", "dlib_cube", "dlib_default_cube", "nlopt_direct_cube", "nlopt_ags_cube", "nlopt_esch_cube", "nlopt_isres_cube", "nlopt_crs2lm_cube", "nlopt_directr_cube", "nlopt_directo_cube", "nlopt_directl_cube", "bobyqa_default_cube", "bobyqa_noise_cube", "hebo_sequential_cube", "hebo_batch_cube"], "count": [0, 0, 0, 16, 6, 0, 2, 0, 0, 0, 0, 0, 0, 0, 11, 19, 27, 22, 20, 17, 22, 26, 0, 20, 28, 26, 31, 19, 32, 24, 25, 24, 21, 26, 24, 29, 31, 20, 17, 22, 26, 23, 42, 27, 15, 0, 0, 30, 29, 0, 27, 0, 0, 0, 17, 20, 15, 0, 22, 21, 23, 23, 16, 17, 20, 24, 0, 0], "rating": [1600, 1600, 1600, 1736.2816558668774, 1585.531219506946, 1600, 1656.555312292739, 1600, 1600, 1600, 1600, 1600, 1600, 1600, 1565.5745671851573, 1600, 1600, 1600, 1600, 1361.8380650617696, 1462.7594288233543, 1289.9485986296675, 1600, 1462.4615309973565, 1351.7598865981556, 1421.6633558181372, 1645.6439692569893, 1495.0567998326508, 1344.319086700853, 1536.8668962064955, 1758.9905834122765, 1907.832773965627, 1567.5176356688014, 1654.0223460715965, 1967.5214257739328, 1696.6840615361818, 1812.0967834232517, 1700.9222320927756, 1636.2061260587675, 1682.467069339013, 1400.2885616489787, 1590.0300688833474, 1772.1226378443423, 1939.8510343893088, 1466.1749423320834, 1600, 1600, 1406.1339999396596, 1772.6498487992988, 1600, 1935.9365194740476, 1600, 1600, 1600, 1714.0409391105852, 1904.2831447015658, 1803.5701230090474, 1600, 1663.867811324727, 1254.8316756158924, 1442.7008404044404, 1865.55625784281, 1274.8138746191917, 1626.663703332219, 1952.1372996209539, 1965.5815369370564, 1600, 1600], "traceback": ["not yet run", "not yet run", "not yet run", "passing", "passing", "not yet run", "passing", "not yet run", "not yet run", "not yet run", "not yet run", "not yet run", "not yet run", "not yet run", "passing", "passing", "passing", "passing", "passing", "passing", "passing", "passing", "not yet run", "passing", "passing", "passing", "passing", "passing", "passing", "passing", "passing", "passing", "passing", "Black took 229 function evals when instructed to use 228", "Black took 212 function evals when instructed to use 211", "passing", "Black took 212 function evals when instructed to use 211", "passing", "passing", "Black took 211 function evals when instructed to use 211", "passing", "passing", "Black took 211 function evals when instructed to use 211", "passing", "passing", "not yet run", "not yet run", "passing", "passing", "not yet run", "passing", "not yet run", "not yet run", "not yet run", "Black took 211 function evals when instructed to use 211", "passing", "Black took 211 function evals when instructed to use 211", "Traceback (most recent call last):\n  File \"/opt/hostedtoolcache/Python/3.8.11/x64/lib/python3.8/site-packages/humpday/comparison/eloratings.py\", line 76, in optimizer_game\n    black_best_val, black_best_x, black_feval_count = black(objective, n_trials=n_black_trials,\n  File \"/opt/hostedtoolcache/Python/3.8.11/x64/lib/python3.8/site-packages/humpday/optimizers/nloptcube.py\", line 43, in nlopt_ags_cube\n    return nlopt_cube_factory(objective=objective,n_trials=n_trials, n_dim=n_dim, with_count=with_count, method='gn_ags')\n  File \"/opt/hostedtoolcache/Python/3.8.11/x64/lib/python3.8/site-packages/humpday/optimizers/nloptcube.py\", line 32, in nlopt_cube_factory\n    best_x = opt.optimize([0.5] * n_dim)\n  File \"/opt/hostedtoolcache/Python/3.8.11/x64/lib/python3.8/site-packages/nlopt/nlopt.py\", line 334, in optimize\n    return _nlopt.opt_optimize(self, *args)\nValueError: nlopt invalid argument\n", "passing", "passing", "passing", "passing", "passing", "passing", "Black took 211 function evals when instructed to use 211", "passing", "not yet run", "not yet run"], "active": [true, true, true, true, true, false, true, true, true, true, true, true, false, true, true, true, true, true, true, true, true, true, true, true, true, true, true, true, true, true, true, true, true, true, true, true, true, true, true, true, true, true, true, true, true, true, true, true, true, true, true, true, true, true, true, true, true, true, true, true, true, true, true, true, true, true, false, false]}