{"name": ["shgo_slsqp_sobol_cube", "shgo_powell_sobol_cube", "shgo_nelder_sobol_cube", "scipy_slsqp_cube", "scipy_powell_cube", "scipy_nelder_cube", "scipy_lbfgsb_cube", "pysot_ei_cube", "pysot_lcb_cube", "pysot_random_cube", "pysot_srbf_cube", "pysot_dycors_cube", "ax_default_cube", "optuna_cmaes_cube", "optuna_tpe_cube", "optuna_random_cube", "optuna_random_cube_clone", "optuna_random_cube_clone_1", "optuna_random_cube_clone_2", "platypus_genetic_cube", "platypus_evolutionary_cube", "platypus_nsgaii_cube", "platypus_cmaes_cube", "platypus_gde3_cube", "platypus_ibea_cube", "platypus_moead_cube", "platypus_omopso_cube", "platypus_smpso_cube", "platypus_spea2_cube", "platypus_epsmoea_cube", "nevergrad_ngopt_cube", "nevergrad_ngopt4_cube", "nevergrad_de_cube", "nevergrad_portfolio_cube", "nevergrad_oneplus_cube", "nevergrad_hammersley_cube", "nevergrad_ngopt8_cube", "hyperopt_tpe_cube", "hyperopt_atpe_cube", "hyperopt_rand_cube", "pymoo_nelder_cube", "pymoo_nsga3_cube", "pymoo_unsga3_cube", "pymoo_pattern_cube", "pymoo_nsga2_cube", "pymoo_unsga3_cube", "skopt_gp_default_cube", "ultraopt_random_cube", "ultraopt_forest_cube", "ultraopt_gbrt_cube", "ultraopt_etpe_cube", "bayesopt_ucb_cube", "bayesopt_ei_cube", "bayesopt_poi_cube", "dlib_cube", "dlib_default_cube", "nlopt_direct_cube", "nlopt_ags_cube", "nlopt_esch_cube", "nlopt_isres_cube", "nlopt_crs2lm_cube", "nlopt_directr_cube", "nlopt_directo_cube", "nlopt_directl_cube", "bobyqa_default_cube", "bobyqa_noise_cube", "hebo_cube_sequential", "hebo_cube_batch", "hebo_sequential_cube", "hebo_batch_cube"], "count": [5, 4, 5, 38, 5, 0, 15, 46, 41, 49, 37, 39, 30, 38, 31, 36, 38, 41, 44, 0, 0, 0, 0, 0, 0, 39, 0, 0, 0, 0, 39, 35, 34, 34, 32, 37, 36, 36, 42, 42, 40, 33, 76, 37, 0, 0, 39, 33, 36, 34, 34, 37, 23, 37, 40, 36, 33, 27, 34, 48, 38, 32, 50, 50, 25, 45, 41, 23, 8, 5], "rating": [1612.329900614305, 1521.0545836840172, 1475.0499826091745, 1282.0139850074843, 1531.2746647806744, 1600, 1266.3783736228456, 1814.9885526927465, 1809.1896229007366, 1417.6846453401188, 1857.8641746918688, 1814.3462514517028, 1833.5308394280698, 1665.7148007091073, 1666.0366679863164, 1600, 1600, 1600, 1600, 1600, 1600, 1600, 1600, 1600, 1600, 1534.6352682817121, 1600, 1600, 1600, 1600, 1741.7640721005419, 1828.4760561454905, 1429.7029670709624, 1414.7206533115666, 1566.9148489197069, 1266.5028773116176, 1613.79108719623, 1452.779679541415, 1420.3713675129707, 1397.6493261158082, 1879.848712174078, 1585.8844344685756, 1675.1229003139233, 1760.6138187317222, 1600, 1600, 1839.0324906383707, 1429.3083134828787, 1732.953311575267, 1764.5221473570896, 1667.3811611075762, 1838.1279947721432, 1699.7106596872525, 2001.4639233825483, 1835.5117488500618, 1776.8020858042998, 1604.4855728411985, 1732.2558412258456, 1185.7579256485517, 1224.5311661258613, 1379.516859251851, 1854.4571153366194, 1510.5494373018587, 1764.5736626932626, 1799.937678885649, 1897.8786557812573, 1810.621561932003, 1728.7683556698032, 1671.7951186949754, 1627.6714491859889], "traceback": ["passing", "passing", "passing", "passing", "passing", "not yet run", "passing", "Black took 85 function evals when instructed to use 85", "passing", "passing", "passing", "passing", "passing", "passing", "passing", "passing", "passing", "passing", "passing", "passing", "passing", "passing", "passing", "passing", "passing", "Black took 81 function evals when instructed to use 81", "passing", "passing", "passing", "passing", "passing", "passing", "passing", "passing", "passing", "passing", "Black took 83 function evals when instructed to use 82", "passing", "Black took 84 function evals when instructed to use 84", "passing", "Black took 81 function evals when instructed to use 81", "passing", "passing", "passing", "passing", "not yet run", "passing", "passing", "passing", "passing", "passing", "passing", "passing", "Black took 81 function evals when instructed to use 81", "passing", "passing", "passing", "Black took 81 function evals when instructed to use 81", "passing", "passing", "passing", "passing", "Black took 92 function evals when instructed to use 87", "passing", "passing", "passing", "passing", "passing", "passing", "passing"], "active": [true, true, true, true, true, false, true, true, true, true, true, true, false, true, true, true, true, true, true, true, true, true, true, true, true, true, true, true, true, true, true, true, true, true, true, true, true, true, true, true, true, true, true, true, true, true, true, true, true, true, true, true, true, true, true, true, true, true, true, true, true, true, true, true, true, true, false, false, true, true]}