{"name": ["shgo_slsqp_sobol_cube", "shgo_powell_sobol_cube", "shgo_nelder_sobol_cube", "scipy_slsqp_cube", "scipy_powell_cube", "scipy_nelder_cube", "scipy_lbfgsb_cube", "pysot_ei_cube", "pysot_lcb_cube", "pysot_random_cube", "pysot_srbf_cube", "pysot_dycors_cube", "ax_default_cube", "optuna_cmaes_cube", "optuna_tpe_cube", "optuna_random_cube", "optuna_random_cube_clone", "optuna_random_cube_clone_1", "optuna_random_cube_clone_2", "platypus_genetic_cube", "platypus_evolutionary_cube", "platypus_nsgaii_cube", "platypus_cmaes_cube", "platypus_gde3_cube", "platypus_ibea_cube", "platypus_moead_cube", "platypus_omopso_cube", "platypus_smpso_cube", "platypus_spea2_cube", "platypus_epsmoea_cube", "nevergrad_ngopt_cube", "nevergrad_ngopt4_cube", "nevergrad_de_cube", "nevergrad_portfolio_cube", "nevergrad_oneplus_cube", "nevergrad_hammersley_cube", "nevergrad_ngopt8_cube", "hyperopt_tpe_cube", "hyperopt_atpe_cube", "hyperopt_rand_cube", "pymoo_nelder_cube", "pymoo_nsga3_cube", "pymoo_unsga3_cube", "pymoo_pattern_cube", "pymoo_nsga2_cube", "pymoo_unsga3_cube", "skopt_gp_default_cube", "ultraopt_random_cube", "ultraopt_forest_cube", "ultraopt_gbrt_cube", "ultraopt_etpe_cube", "bayesopt_ucb_cube", "bayesopt_ei_cube", "bayesopt_poi_cube", "dlib_cube", "dlib_default_cube", "nlopt_direct_cube", "nlopt_ags_cube", "nlopt_esch_cube", "nlopt_isres_cube", "nlopt_crs2lm_cube", "nlopt_directr_cube", "nlopt_directo_cube", "nlopt_directl_cube", "bobyqa_default_cube", "bobyqa_noise_cube", "hebo_cube_sequential", "hebo_cube_batch", "hebo_sequential_cube", "hebo_batch_cube"], "count": [13, 9, 16, 37, 12, 0, 19, 39, 34, 36, 40, 41, 32, 41, 44, 34, 45, 36, 33, 30, 44, 41, 31, 38, 28, 42, 29, 39, 32, 24, 31, 26, 33, 47, 33, 27, 31, 34, 45, 39, 37, 43, 72, 28, 39, 0, 38, 35, 37, 31, 33, 31, 38, 41, 34, 30, 42, 32, 31, 26, 36, 28, 46, 47, 34, 32, 39, 50, 5, 4], "rating": [1772.2950823265876, 1710.5178699037003, 1840.8702318399155, 1109.2099621639595, 1425.2025473466633, 1600, 1255.0883420924981, 1834.7600376247688, 1720.2564785313928, 1356.5890659925212, 1878.9764639287937, 1938.7819700985194, 1840.7593412035912, 1750.2607829416504, 1672.023161804247, 1600, 1600, 1600, 1600, 1342.1282436700517, 1296.7098214683203, 1326.7864564655727, 1379.049107672275, 1324.2459853776923, 1333.389090325768, 1580.0207906502799, 1419.9482530757266, 1419.7214124833727, 1362.6583914688686, 1347.1271753426558, 1738.2587794107135, 1723.391209533823, 1403.9155190873773, 1410.9647704058407, 1666.73606348258, 1486.2241351040066, 1742.8669993571796, 1397.8581506893402, 1489.1999775578338, 1591.532320743494, 1926.6205995709815, 1481.4318428301356, 1537.054569939062, 1704.910437144643, 1493.8484832287236, 1600, 1965.87634018784, 1264.7375136882122, 1777.3530992496344, 1836.3828370804129, 1725.0084371140388, 1875.3385244270326, 1850.0296605729159, 1924.3710712812172, 1855.8516787843396, 1725.9100422313147, 1983.0341847039865, 1812.2046436251264, 1242.05988135963, 1358.0999736276744, 1796.1561810508474, 1768.7429435555382, 1747.1495157945806, 1887.3199555449357, 1872.095523546894, 1793.8895966448056, 1840.6667637378803, 1843.5893493373774, 1649.0871039528906, 1573.1442142531046], "traceback": ["passing", "passing", "passing", "Black took 5 function evals when instructed to use 131", "Traceback (most recent call last):\n  File \"/opt/hostedtoolcache/Python/3.8.8/x64/lib/python3.8/site-packages/humpday/comparison/eloratings.py\", line 76, in optimizer_game\n    black_best_val, black_best_x, black_feval_count = black(objective, n_trials=n_black_trials,\n  File \"/opt/hostedtoolcache/Python/3.8.8/x64/lib/python3.8/site-packages/humpday/optimizers/scipycube.py\", line 40, in scipy_powell_cube\n    return scipy_cube(objective=objective, n_trials=n_trials, n_dim=n_dim, with_count=with_count, method='powell')\n  File \"/opt/hostedtoolcache/Python/3.8.8/x64/lib/python3.8/site-packages/humpday/optimizers/scipycube.py\", line 29, in scipy_cube\n    result = minimize(_objective, x0=[0]*n_dim, method=options['method'],bounds=bounds, options=options)\n  File \"/opt/hostedtoolcache/Python/3.8.8/x64/lib/python3.8/site-packages/scipy/optimize/_minimize.py\", line 610, in minimize\n    return _minimize_powell(fun, x0, args, callback, bounds, **options)\n  File \"/opt/hostedtoolcache/Python/3.8.8/x64/lib/python3.8/site-packages/scipy/optimize/optimize.py\", line 2993, in _minimize_powell\n    fx2 = squeeze(func(x2))\n  File \"/opt/hostedtoolcache/Python/3.8.8/x64/lib/python3.8/site-packages/scipy/optimize/optimize.py\", line 461, in function_wrapper\n    return function(*(wrapper_args + args))\n  File \"/opt/hostedtoolcache/Python/3.8.8/x64/lib/python3.8/site-packages/humpday/optimizers/scipycube.py\", line 27, in _objective\n    return objective(list(x))\n  File \"/opt/hostedtoolcache/Python/3.8.8/x64/lib/python3.8/site-packages/humpday/objectives/portfolio.py\", line 87, in markowitz_analytic_on_cube\n    assert all([ 0<=ui<=1 for ui in u])\nAssertionError\n", "not yet run", "passing", "passing", "passing", "passing", "passing", "passing", "passing", "passing", "passing", "passing", "passing", "passing", "passing", "passing", "passing", "passing", "passing", "passing", "passing", "passing", "passing", "passing", "passing", "passing", "Black took 132 function evals when instructed to use 131", "passing", "passing", "passing", "passing", "passing", "passing", "passing", "passing", "passing", "passing", "passing", "passing", "passing", "passing", "not yet run", "Black took 133 function evals when instructed to use 133", "passing", "Black took 135 function evals when instructed to use 135", "passing", "passing", "passing", "passing", "passing", "passing", "passing", "passing", "Black took 131 function evals when instructed to use 131", "passing", "passing", "passing", "passing", "passing", "passing", "passing", "passing", "passing", "passing", "passing", "passing"], "active": [true, true, true, true, true, false, true, true, true, true, true, true, true, true, true, true, true, true, true, true, true, true, true, true, true, true, true, true, true, true, true, true, true, true, true, true, true, true, true, true, true, true, true, true, true, true, true, true, true, true, true, true, true, true, true, true, true, true, true, true, true, true, true, true, true, true, false, false, true, true]}