{"name": ["shgo_slsqp_sobol_cube", "shgo_powell_sobol_cube", "shgo_nelder_sobol_cube", "scipy_slsqp_cube", "scipy_powell_cube", "scipy_nelder_cube", "scipy_lbfgsb_cube", "pysot_ei_cube", "pysot_lcb_cube", "pysot_random_cube", "pysot_srbf_cube", "pysot_dycors_cube", "ax_default_cube", "optuna_cmaes_cube", "optuna_tpe_cube", "optuna_random_cube", "optuna_random_cube_clone", "optuna_random_cube_clone_1", "optuna_random_cube_clone_2", "platypus_genetic_cube", "platypus_evolutionary_cube", "platypus_nsgaii_cube", "platypus_cmaes_cube", "platypus_gde3_cube", "platypus_ibea_cube", "platypus_moead_cube", "platypus_omopso_cube", "platypus_smpso_cube", "platypus_spea2_cube", "platypus_epsmoea_cube", "nevergrad_ngopt_cube", "nevergrad_ngopt4_cube", "nevergrad_de_cube", "nevergrad_portfolio_cube", "nevergrad_oneplus_cube", "nevergrad_hammersley_cube", "nevergrad_ngopt8_cube", "hyperopt_tpe_cube", "hyperopt_atpe_cube", "hyperopt_rand_cube", "pymoo_nelder_cube", "pymoo_nsga3_cube", "pymoo_unsga3_cube", "pymoo_pattern_cube", "pymoo_nsga2_cube", "pymoo_unsga3_cube", "skopt_gp_default_cube", "ultraopt_random_cube", "ultraopt_forest_cube", "ultraopt_gbrt_cube", "ultraopt_etpe_cube", "bayesopt_ucb_cube", "bayesopt_ei_cube", "bayesopt_poi_cube", "dlib_cube", "dlib_default_cube", "nlopt_direct_cube", "nlopt_ags_cube", "nlopt_esch_cube", "nlopt_isres_cube", "nlopt_crs2lm_cube", "nlopt_directr_cube", "nlopt_directo_cube", "nlopt_directl_cube", "bobyqa_default_cube", "bobyqa_noise_cube", "hebo_cube_sequential", "hebo_cube_batch", "hebo_sequential_cube", "hebo_batch_cube"], "count": [41, 39, 50, 46, 6, 1, 44, 55, 71, 65, 70, 75, 28, 70, 59, 55, 83, 69, 56, 57, 66, 62, 68, 65, 68, 70, 65, 64, 62, 68, 67, 66, 76, 79, 67, 84, 59, 68, 84, 54, 58, 89, 134, 67, 68, 0, 66, 73, 73, 68, 69, 73, 53, 78, 71, 60, 66, 71, 58, 83, 75, 64, 87, 65, 74, 66, 45, 39, 0, 23], "rating": [2055.912930649676, 2029.4788766067575, 2052.412914559433, 1457.462477439271, 1447.3279404840175, 1570.0, 1175.164134446317, 1769.0879494223004, 1814.9065316927577, 1165.9016754445468, 2001.3341776872371, 1805.0703068123585, 1862.523869795696, 1939.548284624642, 1889.301350529604, 1600, 1600, 1600, 1591.220322527891, 1153.2482469433467, 1375.78203304476, 1240.8129990351129, 1049.332801395161, 1178.010822774419, 1219.2072417500087, 1501.089507589494, 1345.0557177409794, 1211.3157662808294, 1144.918176702381, 1326.6310527989715, 1701.9394681335962, 1795.95488875249, 1496.5144164948424, 1495.2977552052237, 1724.6439449798675, 1143.967885867593, 1697.2571786545832, 1601.3694416996702, 1590.84120824145, 1554.3712297873349, 1993.1125190896428, 1801.691234996108, 1871.8168537865897, 1834.7751881233214, 1193.346657871418, 1600, 1958.3654269932395, 1541.9989780650797, 1794.6382577738539, 1727.9468745260647, 1817.124071263511, 1822.8102284675188, 1944.743235946943, 2062.777949675134, 1855.1418907773095, 1823.3491920056576, 1834.487837802232, 1818.6171861181695, 1366.3282295670672, 1209.9945589851525, 1516.0913712625188, 1992.0530958608663, 1673.3187382439817, 1916.976486764766, 2027.087259019131, 1826.7120056097294, 1995.932050523452, 1834.6405285725493, 1600, 1719.779404347078], "traceback": ["passing", "passing", "passing", "Black took 7 function evals when instructed to use 216", "Traceback (most recent call last):\n  File \"/opt/hostedtoolcache/Python/3.8.11/x64/lib/python3.8/site-packages/humpday/comparison/eloratings.py\", line 41, in optimizer_game\n    white_best_val, white_best_x, white_feval_count = white(objective, n_trials=n_white_trials, n_dim=n_dim,\n  File \"/opt/hostedtoolcache/Python/3.8.11/x64/lib/python3.8/site-packages/humpday/optimizers/scipycube.py\", line 40, in scipy_powell_cube\n    return scipy_cube(objective=objective, n_trials=n_trials, n_dim=n_dim, with_count=with_count, method='powell')\n  File \"/opt/hostedtoolcache/Python/3.8.11/x64/lib/python3.8/site-packages/humpday/optimizers/scipycube.py\", line 29, in scipy_cube\n    result = minimize(_objective, x0=[0]*n_dim, method=options['method'],bounds=bounds, options=options)\n  File \"/opt/hostedtoolcache/Python/3.8.11/x64/lib/python3.8/site-packages/scipy/optimize/_minimize.py\", line 614, in minimize\n    return _minimize_powell(fun, x0, args, callback, bounds, **options)\n  File \"/opt/hostedtoolcache/Python/3.8.11/x64/lib/python3.8/site-packages/scipy/optimize/optimize.py\", line 3059, in _minimize_powell\n    fx2 = squeeze(func(x2))\n  File \"/opt/hostedtoolcache/Python/3.8.11/x64/lib/python3.8/site-packages/scipy/optimize/optimize.py\", line 464, in function_wrapper\n    return function(np.copy(x), *(wrapper_args + args))\n  File \"/opt/hostedtoolcache/Python/3.8.11/x64/lib/python3.8/site-packages/humpday/optimizers/scipycube.py\", line 27, in _objective\n    return objective(list(x))\n  File \"/opt/hostedtoolcache/Python/3.8.11/x64/lib/python3.8/site-packages/humpday/objectives/portfolio.py\", line 87, in markowitz_analytic_on_cube\n    assert all([ 0<=ui<=1 for ui in u])\nAssertionError\n", "passing", "passing", "passing", "passing", "passing", "Black took 211 function evals when instructed to use 211", "passing", "Black took 216 function evals when instructed to use 216", "passing", "passing", "passing", "passing", "passing", "passing", "passing", "passing", "passing", "passing", "passing", "passing", "passing", "passing", "passing", "passing", "Traceback (most recent call last):\n  File \"/opt/hostedtoolcache/Python/3.8.11/x64/lib/python3.8/site-packages/humpday/comparison/eloratings.py\", line 76, in optimizer_game\n    black_best_val, black_best_x, black_feval_count = black(objective, n_trials=n_black_trials,\n  File \"/opt/hostedtoolcache/Python/3.8.11/x64/lib/python3.8/site-packages/humpday/optimizers/platypuscube.py\", line 108, in platypus_epsmoea_cube\n    return platypus_cube(objective=objective, n_trials=n_trials, n_dim=n_dim, with_count=with_count,\n  File \"/opt/hostedtoolcache/Python/3.8.11/x64/lib/python3.8/site-packages/humpday/optimizers/platypuscube.py\", line 51, in platypus_cube\n    best_obj, best_x = feasible_solution_obj[0]\nIndexError: list index out of range\n", "passing", "passing", "passing", "passing", "passing", "Black took 212 function evals when instructed to use 211", "passing", "passing", "passing", "passing", "passing", "Black took 211 function evals when instructed to use 211", "passing", "passing", "passing", "not yet run", "passing", "passing", "passing", "passing", "passing", "passing", "passing", "passing", "passing", "passing", "passing", "passing", "passing", "passing", "passing", "passing", "passing", "Black took 211 function evals when instructed to use 211", "passing", "passing", "passing", "passing", "Traceback (most recent call last):\n  File \"/opt/hostedtoolcache/Python/3.8.10/x64/lib/python3.8/site-packages/hebo/acq_optimizers/evolution_optimizer.py\", line 119, in optimize\n    res   = minimize(prob, algo, ('n_gen', self.iter), verbose = self.verbose)\n  File \"/opt/hostedtoolcache/Python/3.8.10/x64/lib/python3.8/site-packages/pymoo/optimize.py\", line 85, in minimize\n    res = algorithm.solve()\n  File \"/opt/hostedtoolcache/Python/3.8.10/x64/lib/python3.8/site-packages/pymoo/model/algorithm.py\", line 226, in solve\n    self._solve(self.problem)\n  File \"/opt/hostedtoolcache/Python/3.8.10/x64/lib/python3.8/site-packages/pymoo/model/algorithm.py\", line 321, in _solve\n    self.next()\n  File \"/opt/hostedtoolcache/Python/3.8.10/x64/lib/python3.8/site-packages/pymoo/model/algorithm.py\", line 246, in next\n    self._next()\n  File \"/opt/hostedtoolcache/Python/3.8.10/x64/lib/python3.8/site-packages/pymoo/algorithms/genetic_algorithm.py\", line 93, in _next\n    self.off = self.mating.do(self.problem, self.pop, self.n_offsprings, algorithm=self)\n  File \"/opt/hostedtoolcache/Python/3.8.10/x64/lib/python3.8/site-packages/pymoo/model/infill.py\", line 40, in do\n    _off = self.eliminate_duplicates.do(_off, pop, off)\n  File 