{"name": ["shgo_slsqp_sobol_cube", "shgo_powell_sobol_cube", "shgo_nelder_sobol_cube", "scipy_slsqp_cube", "scipy_powell_cube", "scipy_nelder_cube", "scipy_lbfgsb_cube", "pysot_ei_cube", "pysot_lcb_cube", "pysot_random_cube", "pysot_srbf_cube", "pysot_dycors_cube", "ax_default_cube", "optuna_cmaes_cube", "optuna_tpe_cube", "optuna_random_cube", "optuna_random_cube_clone", "optuna_random_cube_clone_1", "optuna_random_cube_clone_2", "platypus_genetic_cube", "platypus_evolutionary_cube", "platypus_nsgaii_cube", "platypus_cmaes_cube", "platypus_gde3_cube", "platypus_ibea_cube", "platypus_moead_cube", "platypus_omopso_cube", "platypus_smpso_cube", "platypus_spea2_cube", "platypus_epsmoea_cube", "nevergrad_ngopt_cube", "nevergrad_ngopt4_cube", "nevergrad_de_cube", "nevergrad_portfolio_cube", "nevergrad_oneplus_cube", "nevergrad_hammersley_cube", "nevergrad_ngopt8_cube", "hyperopt_tpe_cube", "hyperopt_atpe_cube", "hyperopt_rand_cube", "pymoo_nelder_cube", "pymoo_nsga3_cube", "pymoo_unsga3_cube", "pymoo_pattern_cube", "pymoo_nsga2_cube", "pymoo_unsga3_cube", "skopt_gp_default_cube", "ultraopt_random_cube", "ultraopt_forest_cube", "ultraopt_gbrt_cube", "ultraopt_etpe_cube", "bayesopt_ucb_cube", "bayesopt_ei_cube", "bayesopt_poi_cube", "dlib_cube", "dlib_default_cube", "nlopt_direct_cube", "nlopt_ags_cube", "nlopt_esch_cube", "nlopt_isres_cube", "nlopt_crs2lm_cube", "nlopt_directr_cube", "nlopt_directo_cube", "nlopt_directl_cube", "bobyqa_default_cube", "bobyqa_noise_cube", "hebo_sequential_cube", "hebo_batch_cube"], "count": [0, 0, 0, 5, 1, 0, 7, 0, 0, 0, 0, 0, 0, 0, 7, 8, 6, 7, 7, 5, 5, 9, 0, 12, 5, 11, 11, 9, 7, 11, 8, 5, 9, 8, 7, 8, 6, 11, 11, 5, 11, 7, 11, 2, 7, 0, 0, 6, 12, 0, 7, 0, 0, 0, 12, 5, 11, 0, 10, 8, 5, 10, 9, 10, 17, 5, 0, 0], "rating": [1600, 1600, 1600, 1605.1607036457062, 1568.738885873285, 1600, 1556.5372853930571, 1600, 1600, 1600, 1600, 1600, 1600, 1600, 1730.3641302597125, 1600, 1600, 1600, 1600, 1631.926346921319, 1523.180186392287, 1574.5270557158003, 1600, 1360.242733306571, 1568.0196180596113, 1680.7019174374989, 1603.7432508697257, 1458.2277177686672, 1532.6372754494348, 1691.0315714044937, 1665.3929505236865, 1594.4988319922597, 1751.3595307135186, 1505.8181693028334, 1767.168017708237, 1445.146324162874, 1543.5665968842034, 1542.6666770603078, 1566.2683148039957, 1515.6113464718994, 1639.586150444511, 1736.7954731452596, 1754.796121254769, 1659.8305739575935, 1507.402037501736, 1600, 1600, 1493.4420921381611, 1522.4473599194125, 1600, 1670.6654055062509, 1600, 1600, 1600, 1729.4265922825898, 1705.209685133692, 1824.6966491924363, 1600, 1743.7824324542637, 1454.7857703405218, 1571.5232334044586, 1703.6815016989683, 1514.87251399547, 1804.2148428269431, 1776.2740424444469, 1737.6821485542157, 1600, 1600], "traceback": ["not yet run", "not yet run", "not yet run", "passing", "Traceback (most recent call last):\n  File \"/opt/hostedtoolcache/Python/3.8.9/x64/lib/python3.8/site-packages/humpday/comparison/eloratings.py\", line 41, in optimizer_game\n    white_best_val, white_best_x, white_feval_count = white(objective, n_trials=n_white_trials, n_dim=n_dim,\n  File \"/opt/hostedtoolcache/Python/3.8.9/x64/lib/python3.8/site-packages/humpday/optimizers/scipycube.py\", line 40, in scipy_powell_cube\n    return scipy_cube(objective=objective, n_trials=n_trials, n_dim=n_dim, with_count=with_count, method='powell')\n  File \"/opt/hostedtoolcache/Python/3.8.9/x64/lib/python3.8/site-packages/humpday/optimizers/scipycube.py\", line 29, in scipy_cube\n    result = minimize(_objective, x0=[0]*n_dim, method=options['method'],bounds=bounds, options=options)\n  File \"/opt/hostedtoolcache/Python/3.8.9/x64/lib/python3.8/site-packages/scipy/optimize/_minimize.py\", line 610, in minimize\n    return _minimize_powell(fun, x0, args, callback, bounds, **options)\n  File \"/opt/hostedtoolcache/Python/3.8.9/x64/lib/python3.8/site-packages/scipy/optimize/optimize.py\", line 2993, in _minimize_powell\n    fx2 = squeeze(func(x2))\n  File \"/opt/hostedtoolcache/Python/3.8.9/x64/lib/python3.8/site-packages/scipy/optimize/optimize.py\", line 461, in function_wrapper\n    return function(*(wrapper_args + args))\n  File \"/opt/hostedtoolcache/Python/3.8.9/x64/lib/python3.8/site-packages/humpday/optimizers/scipycube.py\", line 27, in _objective\n    return objective(list(x))\n  File \"/opt/hostedtoolcache/Python/3.8.9/x64/lib/python3.8/site-packages/humpday/objectives/portfolio.py\", line 146, in markowitz_realized_on_cube\n    return realized_something_factory(g=g,u=u)\n  File \"/opt/hostedtoolcache/Python/3.8.9/x64/lib/python3.8/site-packages/humpday/objectives/portfolio.py\", line 121, in realized_something_factory\n    w = cube_to_weights(u)\n  File \"/opt/hostedtoolcache/Python/3.8.9/x64/lib/python3.8/site-packages/humpday/objectives/portfolio.py\", line 108, in cube_to_weights\n    raise ValueError(\"u should be in hypercube\")\nValueError: u should be in hypercube\n", "not yet run", "Black took 491 function evals when instructed to use 552", "not yet run", "not yet run", "not yet run", "not yet run", "not yet run", "not yet run", "not yet run", "passing", "Black took 551 function evals when instructed to use 551", "passing", "passing", "passing", "passing", "passing", "passing", "not yet run", "passing", "passing", "passing", "passing", "Black took 600 function evals when instructed to use 551", "passing", "passing", "passing", "passing", "Black took 601 function evals when instructed to use 600", "passing", "passing", "passing", "passing", "passing", "passing", "passing", "passing", "passing", "passing", "passing", "passing", "not yet run", "not yet run", "passing", "passing", "not yet run", "passing", "not yet run", "not yet run", "not yet run", "passing", "Black took 600 function evals when instructed to use 600", "passing", "Traceback (most recent call last):\n  File \"/opt/hostedtoolcache/Python/3.8.9/x64/lib/python3.8/site-packages/humpday/comparison/eloratings.py\", line 76, in optimizer_game\n    black_best_val, black_best_x, black_feval_count = black(objective, n_trials=n_black_trials,\n  File \"/opt/hostedtoolcache/Python/3.8.9/x64/lib/python3.8/site-packages/humpday/optimizers/nloptcube.py\", line 43, in nlopt_ags_cube\n    return nlopt_cube_factory(objective=objective,n_trials=n_trials, n_dim=n_dim, with_count=with_count, method='gn_ags')\n  File \"/opt/hostedtoolcache/Python/3.8.9/x64/lib/python3.8/site-packages/humpday/optimizers/nloptcube.py\", line 32, in nlopt_cube_factory\n    best_x = opt.optimize([0.5] * n_dim)\n  File \"/opt/hostedtoolcache/Python/3.8.9/x64/lib/python3.8/site-packages/nlopt/nlopt.py\", line 334, in optimize\n    return _nlopt.opt_optimize(self, *args)\nValueError: nlopt invalid argument\n", "passing", "Black took 551 function evals when instructed to use 551", "passing", "passing", "passing", "passing", "Black took 382 function evals when instructed to use 600", "Black took 248 function evals when instructed to use 600", "not yet run", "not yet run"], "active": [true, true, true, true, true, false, true, true, true, true, true, true, false, true, true, true, true, true, true, true, true, true, true, true, true, true, true, true, true, true, true, true, true, true, true, true, true, true, true, true, true, true, true, true, true, true, true, true, true, true, true, true, true, true, true, true, true, true, true, true, true, true, true, true, true, true, true, true]}