{"name": ["shgo_slsqp_sobol_cube", "shgo_powell_sobol_cube", "shgo_nelder_sobol_cube", "scipy_slsqp_cube", "scipy_powell_cube", "scipy_nelder_cube", "scipy_lbfgsb_cube", "pysot_ei_cube", "pysot_lcb_cube", "pysot_random_cube", "pysot_srbf_cube", "pysot_dycors_cube", "ax_default_cube", "optuna_cmaes_cube", "optuna_tpe_cube", "optuna_random_cube", "optuna_random_cube_clone", "optuna_random_cube_clone_1", "optuna_random_cube_clone_2", "platypus_genetic_cube", "platypus_evolutionary_cube", "platypus_nsgaii_cube", "platypus_cmaes_cube", "platypus_gde3_cube", "platypus_ibea_cube", "platypus_moead_cube", "platypus_omopso_cube", "platypus_smpso_cube", "platypus_spea2_cube", "platypus_epsmoea_cube", "nevergrad_ngopt_cube", "nevergrad_ngopt4_cube", "nevergrad_de_cube", "nevergrad_portfolio_cube", "nevergrad_oneplus_cube", "nevergrad_hammersley_cube", "nevergrad_ngopt8_cube", "hyperopt_tpe_cube", "hyperopt_atpe_cube", "hyperopt_rand_cube", "pymoo_nelder_cube", "pymoo_nsga3_cube", "pymoo_unsga3_cube", "pymoo_pattern_cube", "pymoo_nsga2_cube", "pymoo_unsga3_cube", "skopt_gp_default_cube", "ultraopt_random_cube", "ultraopt_forest_cube", "ultraopt_gbrt_cube", "ultraopt_etpe_cube", "bayesopt_ucb_cube", "bayesopt_ei_cube", "bayesopt_poi_cube", "dlib_cube", "dlib_default_cube", "nlopt_direct_cube", "nlopt_ags_cube", "nlopt_esch_cube", "nlopt_isres_cube", "nlopt_crs2lm_cube", "nlopt_directr_cube", "nlopt_directo_cube", "nlopt_directl_cube", "bobyqa_default_cube", "bobyqa_noise_cube", "hebo_cube_sequential", "hebo_cube_batch", "hebo_sequential_cube", "hebo_batch_cube"], "count": [18, 22, 32, 49, 13, 0, 44, 44, 58, 54, 35, 66, 48, 51, 66, 50, 48, 39, 59, 47, 61, 70, 58, 39, 57, 65, 45, 57, 41, 41, 46, 65, 43, 53, 53, 43, 51, 53, 64, 53, 58, 58, 93, 53, 55, 0, 57, 55, 57, 53, 44, 58, 54, 55, 50, 52, 58, 44, 52, 53, 34, 55, 51, 51, 52, 39, 60, 49, 1, 12], "rating": [1765.7708759714033, 1929.1033485739847, 1927.1095168667582, 1217.2788744436175, 1456.6358747647876, 1600, 1117.486496354709, 1904.2397687866637, 1724.8430053513518, 1254.3196847681727, 1879.1854012439014, 1922.811132322004, 1825.8609819012802, 1816.1131674583055, 1706.3504517362164, 1600, 1600, 1600, 1600, 1360.9168519862733, 1343.4570022649182, 1253.8223274058976, 1355.3043124776975, 1344.440214916889, 1232.4359640014427, 1477.4440513672607, 1408.5046340042875, 1495.4494810490553, 1279.8194390348363, 1400.9847302841135, 1853.071640862038, 1878.7436470432901, 1592.5334154596542, 1603.4809172094792, 1617.1225108437982, 1288.306937440295, 1893.3354927304515, 1436.2784065206386, 1580.3157696526748, 1512.1153939175406, 1865.3948921323836, 1551.450715015916, 1590.8298345305864, 1665.0373550332056, 1303.990470433572, 1600, 1933.5927572513326, 1151.1363271350856, 1520.2715121555802, 1823.1956833784498, 1806.5437552258159, 1799.0023738412463, 1865.6418535945731, 2050.1051084280825, 1699.9912954796903, 1814.3145213963717, 1850.1330625895862, 1726.4164368914612, 1421.5293238556828, 1337.9108823683318, 1744.7799315779203, 1991.9600252705432, 1774.3448285642987, 1984.9922854207816, 1802.3352171577087, 1842.8019945239973, 1843.7720579711718, 1823.329934725503, 1615.9536136997126, 1683.7604900900672], "traceback": ["passing", "passing", "passing", "passing", "passing", "not yet run", "Black took 97 function evals when instructed to use 211", "passing", "Black took 215 function evals when instructed to use 215", "passing", "passing", "passing", "passing", "passing", "Black took 211 function evals when instructed to use 211", "passing", "Black took 211 function evals when instructed to use 211", "passing", "passing", "passing", "passing", "passing", "passing", "passing", "passing", "passing", "passing", "passing", "passing", "passing", "passing", "Black took 218 function evals when instructed to use 217", "passing", "passing", "passing", "passing", "passing", "passing", "passing", "passing", "passing", "passing", "passing", "passing", "passing", "not yet run", "passing", "passing", "passing", "passing", "passing", "passing", "passing", "passing", "passing", "passing", "Black took 225 function evals when instructed to use 225", "passing", "passing", "passing", "passing", "passing", "passing", "passing", "passing", "passing", "passing", "passing", "passing", "passing"], "active": [true, true, true, true, true, false, true, true, true, true, true, true, false, true, true, true, true, true, true, true, true, true, true, true, true, true, true, true, true, true, true, true, true, true, true, true, true, true, true, true, true, true, true, true, true, true, true, true, true, true, true, true, true, true, true, true, true, true, true, true, true, true, true, true, true, true, false, false, true, true]}