{"name": ["shgo_slsqp_sobol_cube", "shgo_powell_sobol_cube", "shgo_nelder_sobol_cube", "scipy_slsqp_cube", "scipy_powell_cube", "scipy_nelder_cube", "scipy_lbfgsb_cube", "pysot_ei_cube", "pysot_lcb_cube", "pysot_random_cube", "pysot_srbf_cube", "pysot_dycors_cube", "ax_default_cube", "optuna_cmaes_cube", "optuna_tpe_cube", "optuna_random_cube", "optuna_random_cube_clone", "optuna_random_cube_clone_1", "optuna_random_cube_clone_2", "platypus_genetic_cube", "platypus_evolutionary_cube", "platypus_nsgaii_cube", "platypus_cmaes_cube", "platypus_gde3_cube", "platypus_ibea_cube", "platypus_moead_cube", "platypus_omopso_cube", "platypus_smpso_cube", "platypus_spea2_cube", "platypus_epsmoea_cube", "nevergrad_ngopt_cube", "nevergrad_ngopt4_cube", "nevergrad_de_cube", "nevergrad_portfolio_cube", "nevergrad_oneplus_cube", "nevergrad_hammersley_cube", "nevergrad_ngopt8_cube", "hyperopt_tpe_cube", "hyperopt_atpe_cube", "hyperopt_rand_cube", "pymoo_nelder_cube", "pymoo_nsga3_cube", "pymoo_unsga3_cube", "pymoo_pattern_cube", "pymoo_nsga2_cube", "pymoo_unsga3_cube", "skopt_gp_default_cube", "ultraopt_random_cube", "ultraopt_forest_cube", "ultraopt_gbrt_cube", "ultraopt_etpe_cube", "bayesopt_ucb_cube", "bayesopt_ei_cube", "bayesopt_poi_cube", "dlib_cube", "dlib_default_cube", "nlopt_direct_cube", "nlopt_ags_cube", "nlopt_esch_cube", "nlopt_isres_cube", "nlopt_crs2lm_cube", "nlopt_directr_cube", "nlopt_directo_cube", "nlopt_directl_cube", "bobyqa_default_cube", "bobyqa_noise_cube", "hebo_sequential_cube", "hebo_batch_cube"], "count": [0, 1, 1, 3, 1, 0, 1, 4, 3, 2, 5, 7, 1, 0, 4, 4, 6, 1, 3, 8, 2, 4, 4, 6, 3, 1, 5, 3, 6, 2, 0, 4, 3, 3, 4, 2, 5, 2, 2, 4, 3, 2, 3, 5, 2, 0, 4, 5, 0, 5, 3, 4, 1, 2, 6, 7, 4, 5, 5, 3, 2, 5, 3, 2, 1, 4, 0, 2], "rating": [1600, 1630.0, 1628.0353035392982, 1516.0922830363863, 1597.0735184448251, 1600, 1569.0344833002653, 1630.1634725327228, 1569.93326382318, 1599.934677283379, 1651.2808274066467, 1690.9287793933745, 1570.0, 1600, 1599.9987644264374, 1600, 1600, 1600, 1600, 1490.490669711127, 1569.0699346440535, 1572.036798011173, 1546.9543947104858, 1594.5332814394849, 1544.1226794057618, 1628.8622684484405, 1540.2071987299669, 1571.0702454158727, 1543.0545489796912, 1572.1177238994412, 1600, 1656.7327260198508, 1601.9463813995746, 1513.0347629259027, 1603.8978877540844, 1599.0012576789468, 1684.5293294359685, 1541.0357514659427, 1658.9642485340573, 1658.1740333695416, 1630.9666286815723, 1571.0357514659427, 1565.9763048494958, 1657.163130474743, 1601.1471512307119, 1600, 1657.965419576051, 1517.9258559041825, 1600, 1538.1812231737665, 1601.0356676368538, 1657.8321514638208, 1628.9999809351227, 1629.0653903513287, 1604.7407864751915, 1737.1597482748361, 1713.048671900522, 1633.8977491742673, 1573.2673838979554, 1570.0677680965564, 1597.8952669660648, 1628.1634421100318, 1658.9999990632843, 1629.0642751102407, 1570.0, 1603.532266828323, 1600, 1630.7611391761025], "traceback": ["passing", "passing", "passing", "Black took 91 function evals when instructed to use 220", "Traceback (most recent call last):\n  File \"/opt/hostedtoolcache/Python/3.8.8/x64/lib/python3.8/site-packages/humpday/comparison/eloratings.py\", line 41, in optimizer_game\n    white_best_val, white_best_x, white_feval_count = white(objective, n_trials=n_white_trials, n_dim=n_dim,\n  File \"/opt/hostedtoolcache/Python/3.8.8/x64/lib/python3.8/site-packages/humpday/optimizers/scipycube.py\", line 40, in scipy_powell_cube\n    return scipy_cube(objective=objective, n_trials=n_trials, n_dim=n_dim, with_count=with_count, method='powell')\n  File \"/opt/hostedtoolcache/Python/3.8.8/x64/lib/python3.8/site-packages/humpday/optimizers/scipycube.py\", line 29, in scipy_cube\n    result = minimize(_objective, x0=[0]*n_dim, method=options['method'],bounds=bounds, options=options)\n  File \"/opt/hostedtoolcache/Python/3.8.8/x64/lib/python3.8/site-packages/scipy/optimize/_minimize.py\", line 610, in minimize\n    return _minimize_powell(fun, x0, args, callback, bounds, **options)\n  File \"/opt/hostedtoolcache/Python/3.8.8/x64/lib/python3.8/site-packages/scipy/optimize/optimize.py\", line 2993, in _minimize_powell\n    fx2 = squeeze(func(x2))\n  File \"/opt/hostedtoolcache/Python/3.8.8/x64/lib/python3.8/site-packages/scipy/optimize/optimize.py\", line 461, in function_wrapper\n    return function(*(wrapper_args + args))\n  File \"/opt/hostedtoolcache/Python/3.8.8/x64/lib/python3.8/site-packages/humpday/optimizers/scipycube.py\", line 27, in _objective\n    return objective(list(x))\n  File \"/opt/hostedtoolcache/Python/3.8.8/x64/lib/python3.8/site-packages/humpday/objectives/portfolio.py\", line 87, in markowitz_analytic_on_cube\n    assert all([ 0<=ui<=1 for ui in u])\nAssertionError\n", "not yet run", "passing", "passing", "Black took 211 function evals when instructed to use 211", "passing", "passing", "passing", "passing", "not yet run", "passing", "passing", "passing", "passing", "passing", "passing", "passing", "passing", "passing", "passing", "passing", "passing", "passing", "passing", "passing", "Black took 212 function evals when instructed to use 211", "not yet run", "passing", "passing", "passing", "passing", "passing", "passing", "passing", "Black took 211 function evals when instructed to use 211", "passing", "passing", "passing", "passing", "passing", "passing", "not yet run", "passing", "passing", "passing", "passing", "passing", "passing", "Black took 211 function evals when instructed to use 211", "passing", "Black took 211 function evals when instructed to use 211", "passing", "passing", "Black took 213 function evals when instructed to use 213", "passing", "passing", "passing", "passing", "passing", "passing", "passing", "passing", "not yet run", "passing"], "active": [true, true, true, true, true, false, true, true, true, true, true, true, true, true, true, true, true, true, true, true, true, true, true, true, true, true, true, true, true, true, true, true, true, true, true, true, true, true, true, true, true, true, true, true, true, true, true, true, true, true, true, true, true, true, true, true, true, true, true, true, true, true, true, true, true, true, true, true]}