{"name": ["shgo_slsqp_sobol_cube", "shgo_powell_sobol_cube", "shgo_nelder_sobol_cube", "scipy_slsqp_cube", "scipy_powell_cube", "scipy_nelder_cube", "scipy_lbfgsb_cube", "pysot_ei_cube", "pysot_lcb_cube", "pysot_random_cube", "pysot_srbf_cube", "pysot_dycors_cube", "ax_default_cube", "optuna_cmaes_cube", "optuna_tpe_cube", "optuna_random_cube", "optuna_random_cube_clone", "optuna_random_cube_clone_1", "optuna_random_cube_clone_2", "platypus_genetic_cube", "platypus_evolutionary_cube", "platypus_nsgaii_cube", "platypus_cmaes_cube", "platypus_gde3_cube", "platypus_ibea_cube", "platypus_moead_cube", "platypus_omopso_cube", "platypus_smpso_cube", "platypus_spea2_cube", "platypus_epsmoea_cube", "nevergrad_ngopt_cube", "nevergrad_ngopt4_cube", "nevergrad_de_cube", "nevergrad_portfolio_cube", "nevergrad_oneplus_cube", "nevergrad_hammersley_cube", "nevergrad_ngopt8_cube", "hyperopt_tpe_cube", "hyperopt_atpe_cube", "hyperopt_rand_cube", "pymoo_nelder_cube", "pymoo_nsga3_cube", "pymoo_unsga3_cube", "pymoo_pattern_cube", "pymoo_nsga2_cube", "pymoo_unsga3_cube", "skopt_gp_default_cube", "ultraopt_random_cube", "ultraopt_forest_cube", "ultraopt_gbrt_cube", "ultraopt_etpe_cube", "bayesopt_ucb_cube", "bayesopt_ei_cube", "bayesopt_poi_cube", "dlib_cube", "dlib_default_cube", "nlopt_direct_cube", "nlopt_ags_cube", "nlopt_esch_cube", "nlopt_isres_cube", "nlopt_crs2lm_cube", "nlopt_directr_cube", "nlopt_directo_cube", "nlopt_directl_cube", "bobyqa_default_cube", "bobyqa_noise_cube", "hebo_cube_sequential", "hebo_cube_batch", "hebo_sequential_cube", "hebo_batch_cube"], "count": [45, 61, 55, 118, 2, 17, 2, 218, 193, 203, 195, 230, 207, 185, 204, 203, 205, 191, 242, 0, 0, 0, 0, 0, 0, 166, 0, 0, 0, 0, 201, 212, 213, 199, 213, 210, 223, 198, 211, 223, 197, 217, 433, 213, 0, 0, 184, 71, 75, 69, 77, 183, 206, 197, 66, 76, 201, 202, 183, 223, 213, 186, 205, 195, 202, 186, 33, 42, 3, 5], "rating": [1392.3551283910426, 1358.803945366643, 1401.2696592199736, 1521.8289929539255, 1553.886482583732, 1382.9233430604934, 1611.470037332866, 2165.0336617309563, 1939.987470832447, 1051.105057298263, 2508.4316922279913, 2505.048779948444, 2427.73733970044, 1493.1810081767337, 1728.943702919756, 1600, 1600, 1600, 1600, 1600, 1600, 1600, 1600, 1600, 1600, 761.684673794617, 1600, 1600, 1600, 1600, 2067.2954210833905, 1980.7914458030534, 1205.649019582563, 1031.0723015239482, 2237.8044407716975, 1152.8122512737325, 2111.764291026216, 1419.5547355876406, 1597.9691097099624, 1591.7774225616104, 1249.858083957113, 990.8261834443448, 797.4164271528189, 2015.8603459682215, 1600, 1600, 2289.2090485323065, 1294.390894839752, 1921.8801013492387, 1694.2528500284504, 1955.9639063900088, 2363.6651169197944, 2200.3554716809144, 2432.2234335430508, 2149.897668519114, 1998.9886222893547, 1717.6584429000616, 2205.190863324231, 1601.8676448156266, 1092.474740819222, 970.2987529424835, 2384.7527297706074, 930.352252666002, 1617.7541594227707, 2483.208959104775, 2330.0161015899603, 1937.255120057677, 1703.4629655600288, 1654.627819577402, 1605.0344184490489], "traceback": ["Traceback (most recent call last):\n  File \"/opt/hostedtoolcache/Python/3.8.9/x64/lib/python3.8/site-packages/humpday/comparison/eloratings.py\", line 41, in optimizer_game\n    white_best_val, white_best_x, white_feval_count = white(objective, n_trials=n_white_trials, n_dim=n_dim,\n  File \"/opt/hostedtoolcache/Python/3.8.9/x64/lib/python3.8/site-packages/humpday/optimizers/shgocube.py\", line 14, in shgo_slsqp_sobol_cube\n    return shgo_cube(objective=objective, n_trials=n_trials, n_dim=n_dim, with_count=with_count,\n  File \"/opt/hostedtoolcache/Python/3.8.9/x64/lib/python3.8/site-packages/humpday/optimizers/shgocube.py\", line 73, in shgo_cube\n    result = shgo(_objective, bounds, n=n, iters=n_iters, options={'maxfev': n_trials_reduced,\n  File \"/opt/hostedtoolcache/Python/3.8.9/x64/lib/python3.8/site-packages/scipy/optimize/_shgo.py\", line 421, in shgo\n    shc.construct_complex()\n  File \"/opt/hostedtoolcache/Python/3.8.9/x64/lib/python3.8/site-packages/scipy/optimize/_shgo.py\", line 733, in construct_complex\n    self.find_minima()\n  File \"/opt/hostedtoolcache/Python/3.8.9/x64/lib/python3.8/site-packages/scipy/optimize/_shgo.py\", line 742, in find_minima\n    self.minimizers()\n  File \"/opt/hostedtoolcache/Python/3.8.9/x64/lib/python3.8/site-packages/scipy/optimize/_shgo.py\", line 1261, in delaunay_complex_minimisers\n    self.delaunay_triangulation(grow=True, n_prc=self.n_prc)\n  File \"/opt/hostedtoolcache/Python/3.8.9/x64/lib/python3.8/site-packages/scipy/optimize/_shgo.py\", line 1538, in delaunay_triangulation\n    self.Tri = spatial.Delaunay(self.C, incremental=True)\n  File \"qhull.pyx\", line 1840, in scipy.spatial.qhull.Delaunay.__init__\n  File \"qhull.pyx\", line 356, in scipy.spatial.qhull._Qhull.__init__\nscipy.spatial.qhull.QhullError: QH6239 Qhull precision error: initial Delaunay input sites are cocircular or cospherical.  Use option 'Qz' for the Delaunay triangulation or Voronoi diagram of cocircular/cospherical points; it adds a point \"at infinity\".  Alternatively use option 'QJ' to joggle the input.  Use option 'Qs' to search all points for the initial simplex.\n\ninput sites with last coordinate projected to a paraboloid\n- p1(v10):   0.5   0.5   0.5   0.5   0.5   0.5   0.5   0.5     2\n- p3(v9):  0.25  0.75  0.25  0.75  0.25  0.75  0.25  0.75   2.5\n- p2(v8):  0.75  0.25  0.75  0.25  0.75  0.25  0.75  0.25   2.5\n- p8(v7):  0.19  0.31  0.31  0.69  0.56  0.19 0.062  0.94   1.9\n- p4(v6):  0.38  0.38  0.62  0.12  0.88  0.88  0.12  0.62   2.6\n- p9(v5):  0.69  0.81  0.81  0.19 0.062  0.69  0.56  0.44   2.8\n- p6(v4):  0.62  0.12  0.38  0.38  0.12  0.62  0.88  0.88   2.6\n- p7(v3):  0.12  0.62  0.88  0.88  0.62  0.12  0.38  0.38   2.6\n- p5(v2):  0.88  0.88  0.12  0.62  0.38  0.38  0.62  0.12   2.6\n- p0(v1):     0     0     0     0     0     0     0     0     0\n\nWhile executing:  | qhull d Q11 Qc Qt Qx\nOptions selected for Qhull 2019.1.r 2019/06/21:\n  run-id 1403080175  delaunay  Q11-trinormals Qtriangulate  Qcoplanar-keep\n  Qtriangulate  Qxact-merge  _zero-centrum  Qinterior-keep\n  Q3-no-merge-vertices-dim-high  Pgood  _max-width 2.8  Error-roundoff 1.8e-14\n  _one-merge 3.4e-13  Visible-distance 1.1e-13  U-max-coplanar 1.1e-13\n  Width-outside 2.1e-13  _wide-facet 6.4e-13  _maxoutside 3.5e-13\n\n", "Traceback (most recent call last):\n  File \"/opt/hostedtoolcache/Python/3.8.9/x64/lib/python3.8/site-packages/humpday/comparison/eloratings.py\", line 41, in optimizer_game\n    white_best_val, white_best_x, white_feval_count = white(objective, n_trials=n_white_trials, n_dim=n_dim,\n  File \"/opt/hostedtoolcache/Python/3.8.9/x64/lib/python3.8/site-packages/humpday/optimizers/shgocube.py\", line 24, in shgo_powell_sobol_cube\n    return shgo_cube(objective=objective, n_trials=n_trials, n_dim=n_dim, with_count=with_count,\n  File \"/opt/hostedtoolcache/Python/3.8.9/x64/lib/python3.8/site-packages/humpday/optimizers/shgocube.py\", line 73, in shgo_cube\n    result = shgo(_objective, bounds, n=n, iters=n_iters, options={'maxfev': n_trials_reduced,\n  File \"/opt/hostedtoolcache/Python/3.8.9/x64/lib/python3.8/site-packages/scipy/optimize/_shgo.py\", line 421, in shgo\n    shc.construct_complex()\n  File \"/opt/hostedtoolcache/Python/3.8.9/x64/lib/python3.8/site-packages/scipy/optimize/_shgo.py\", line 733, in construct_complex\n    self.find_minima()\n  File \"/opt/hostedtoolcache/Python/3.8.9/x64/lib/python3.8/site-packages/scipy/optimize/_shgo.py\", line 742, in find_minima\n    self.minimizers()\n  File \"/opt/hostedtoolcache/Python/3.8.9/x64/lib/python3.8/site-packages/scipy/optimize/_shgo.py\", line 1261, in delaunay_complex_minimisers\n    self.delaunay_triangulation(grow=True, n_prc=self.n_prc)\n  File \"/opt/hostedtoolcache/Python/3.8.9/x64/lib/python3.8/site-packages/scipy/optimize/_shgo.py\", line 1538, in delaunay_triangulation\n    self.Tri = spatial.Delaunay(self.C, incremental=True)\n  