{"name": ["shgo_slsqp_sobol_cube", "shgo_powell_sobol_cube", "shgo_nelder_sobol_cube", "scipy_slsqp_cube", "scipy_powell_cube", "scipy_nelder_cube", "scipy_lbfgsb_cube", "pysot_ei_cube", "pysot_lcb_cube", "pysot_random_cube", "pysot_srbf_cube", "pysot_dycors_cube", "ax_default_cube", "optuna_cmaes_cube", "optuna_tpe_cube", "optuna_random_cube", "optuna_random_cube_clone", "optuna_random_cube_clone_1", "optuna_random_cube_clone_2", "platypus_genetic_cube", "platypus_evolutionary_cube", "platypus_nsgaii_cube", "platypus_cmaes_cube", "platypus_gde3_cube", "platypus_ibea_cube", "platypus_moead_cube", "platypus_omopso_cube", "platypus_smpso_cube", "platypus_spea2_cube", "platypus_epsmoea_cube", "nevergrad_ngopt_cube", "nevergrad_ngopt4_cube", "nevergrad_de_cube", "nevergrad_portfolio_cube", "nevergrad_oneplus_cube", "nevergrad_hammersley_cube", "nevergrad_ngopt8_cube", "hyperopt_tpe_cube", "hyperopt_atpe_cube", "hyperopt_rand_cube", "pymoo_nelder_cube", "pymoo_nsga3_cube", "pymoo_unsga3_cube", "pymoo_pattern_cube", "pymoo_nsga2_cube", "pymoo_unsga3_cube", "skopt_gp_default_cube", "ultraopt_random_cube", "ultraopt_forest_cube", "ultraopt_gbrt_cube", "ultraopt_etpe_cube", "bayesopt_ucb_cube", "bayesopt_ei_cube", "bayesopt_poi_cube", "dlib_cube", "dlib_default_cube", "nlopt_direct_cube", "nlopt_ags_cube", "nlopt_esch_cube", "nlopt_isres_cube", "nlopt_crs2lm_cube", "nlopt_directr_cube", "nlopt_directo_cube", "nlopt_directl_cube", "bobyqa_default_cube", "bobyqa_noise_cube", "hebo_cube_sequential", "hebo_cube_batch", "hebo_sequential_cube", "hebo_batch_cube"], "count": [32, 33, 41, 38, 4, 1, 39, 44, 60, 50, 52, 59, 28, 49, 48, 43, 72, 59, 41, 44, 49, 47, 56, 48, 50, 63, 46, 51, 54, 58, 55, 53, 56, 56, 49, 69, 45, 57, 67, 46, 47, 73, 116, 62, 57, 0, 54, 51, 61, 55, 55, 61, 43, 63, 57, 46, 57, 55, 49, 70, 60, 54, 67, 57, 66, 56, 45, 39, 0, 22], "rating": [2020.6455003754397, 2014.5512460695363, 2101.2907397587533, 1468.4589612353373, 1498.373007114719, 1570.0, 1148.5197780654441, 1718.7734126846833, 1797.8163681720025, 1248.9806041774075, 1990.2149073545318, 1792.203230746149, 1862.523869795696, 1851.0022868879244, 1865.8655863447982, 1600, 1600, 1600, 1600, 1218.6615574690854, 1324.2572542808143, 1315.7477248005378, 1102.2337990305618, 1193.8731955196743, 1294.213462415856, 1411.6265109894136, 1444.5747929061183, 1265.7516809290794, 1200.85278721049, 1335.2947753434723, 1623.7158717073735, 1705.4874847325918, 1569.4648021559983, 1409.4570279310017, 1582.9167639930695, 1187.399485546502, 1650.0266227155287, 1596.3992000181463, 1636.9513198481825, 1545.8581717930692, 1997.7949617788258, 1807.5382492449235, 1819.6158015972462, 1851.246428057548, 1203.9943999339343, 1600, 1990.2078974315168, 1544.2334087070474, 1805.6236712075608, 1717.3907567854546, 1858.04350399858, 1792.3097455546565, 1864.40729924872, 2003.9999618255017, 1844.2199640986173, 1764.949779448847, 1795.795389983047, 1788.40980071764, 1444.5260976327113, 1226.4596300002618, 1466.1877659561537, 1961.215337277673, 1576.7599844614583, 1885.6482189265498, 1980.630621527022, 1805.994420696704, 1995.932050523452, 1834.6405285725493, 1600, 1715.18238036184], "traceback": ["passing", "passing", "passing", "passing", "Traceback (most recent call last):\n  File \"/opt/hostedtoolcache/Python/3.8.10/x64/lib/python3.8/site-packages/humpday/comparison/eloratings.py\", line 41, in optimizer_game\n    white_best_val, white_best_x, white_feval_count = white(objective, n_trials=n_white_trials, n_dim=n_dim,\n  File \"/opt/hostedtoolcache/Python/3.8.10/x64/lib/python3.8/site-packages/humpday/optimizers/scipycube.py\", line 40, in scipy_powell_cube\n    return scipy_cube(objective=objective, n_trials=n_trials, n_dim=n_dim, with_count=with_count, method='powell')\n  File \"/opt/hostedtoolcache/Python/3.8.10/x64/lib/python3.8/site-packages/humpday/optimizers/scipycube.py\", line 29, in scipy_cube\n    result = minimize(_objective, x0=[0]*n_dim, method=options['method'],bounds=bounds, options=options)\n  File \"/opt/hostedtoolcache/Python/3.8.10/x64/lib/python3.8/site-packages/scipy/optimize/_minimize.py\", line 610, in minimize\n    return _minimize_powell(fun, x0, args, callback, bounds, **options)\n  File \"/opt/hostedtoolcache/Python/3.8.10/x64/lib/python3.8/site-packages/scipy/optimize/optimize.py\", line 2993, in _minimize_powell\n    fx2 = squeeze(func(x2))\n  File \"/opt/hostedtoolcache/Python/3.8.10/x64/lib/python3.8/site-packages/scipy/optimize/optimize.py\", line 461, in function_wrapper\n    return function(*(wrapper_args + args))\n  File \"/opt/hostedtoolcache/Python/3.8.10/x64/lib/python3.8/site-packages/humpday/optimizers/scipycube.py\", line 27, in _objective\n    return objective(list(x))\n  File \"/opt/hostedtoolcache/Python/3.8.10/x64/lib/python3.8/site-packages/humpday/objectives/portfolio.py\", line 146, in markowitz_realized_on_cube\n    return realized_something_factory(g=g,u=u)\n  File \"/opt/hostedtoolcache/Python/3.8.10/x64/lib/python3.8/site-packages/humpday/objectives/portfolio.py\", line 121, in realized_something_factory\n    w = cube_to_weights(u)\n  File \"/opt/hostedtoolcache/Python/3.8.10/x64/lib/python3.8/site-packages/humpday/objectives/portfolio.py\", line 108, in cube_to_weights\n    raise ValueError(\"u should be in hypercube\")\nValueError: u should be in hypercube\n", "passing", "passing", "passing", "passing", "passing", "passing", "passing", "Black took 216 function evals when instructed to use 216", "Black took 222 function evals when instructed to use 222", "passing", "Black took 211 function evals when instructed to use 211", "passing", "passing", "passing", "passing", "passing", "passing", "passing", "passing", "passing", "passing", "passing", "passing", "passing", "Black took 212 function evals when instructed to use 212", "passing", "passing", "passing", "passing", "passing", "passing", "passing", "passing", "passing", "passing", "passing", "passing", "passing", "passing", "passing", "not yet run", "passing", "passing", "passing", "passing", "passing", "passing", "passing", "passing", "passing", "passing", "passing", "passing", "Black took 211 function evals when instructed to use 211", "Black took 211 function evals when instructed to use 211", "passing", "passing", "passing", "passing", "passing", "passing", "passing", "passing", "not yet run", "passing"], "active": [true, true, true, true, true, false, true, true, true, true, true, true, false, true, true, true, true, true, true, true, true, true, true, true, true, true, true, true, true, true, true, true, true, true, true, true, true, true, true, true, true, true, true, true, true, true, true, true, true, true, true, true, true, true, true, true, true, true, true, true, true, true, true, true, true, true, false, false, true, true]}